-32,0,kGNNhDg5WFquT4ynZNlW7SRS+Do=,lvDec5ri/v97K5z0xmq1QgG/VD8=
-32,1,kGNNhDg5WFquT4ynZNlW7SRS+Do=,lvDec5ri/v97K5z0xmq1QgG/VD8=
-32,2,kGNNhDg5WFquT4ynZNlW7SRS+Do=,lvDec5ri/v97K5z0xmq1QgG/VD8=
-32,25,kGNNhDg5WFquT4ynZNlW7SRS+Do=,lvDec5ri/v97K5z0xmq1QgG/VD8=
-32,26,kGNNhDg5WFquT4ynZNlW7SRS+Do=,lvDec5ri/v97K5z0xmq1QgG/VD8=
-31,1,kGNNhDg5WFquT4ynZNlW7SRS+Do=,lvDec5ri/v97K5z0xmq1QgG/VD8=
-31,0,kGNNhDg5WFquT4ynZNlW7SRS+Do=,lvDec5ri/v97K5z0xmq1QgG/VD8=
-31,3,kGNNhDg5WFquT4ynZNlW7SRS+Do=,lvDec5ri/v97K5z0xmq1QgG/VD8=
-31,2,kGNNhDg5WFquT4ynZNlW7SRS+Do=,lvDec5ri/v97K5z0xmq1QgG/VD8=
-31,4,kGNNhDg5WFquT4ynZNlW7SRS+Do=,lvDec5ri/v97K5z0xmq1QgG/VD8=
-30,2,kGNNhDg5WFquT4ynZNlW7SRS+Do=,lvDec5ri/v97K5z0xmq1QgG/VD8=
-30,3,kGNNhDg5WFquT4ynZNlW7SRS+Do=,lvDec5ri/v97K5z0xmq1QgG/VD8=
-30,0,kGNNhDg5WFquT4ynZNlW7SRS+Do=,lvDec5ri/v97K5z0xmq1QgG/VD8=
-30,1,kGNNhDg5WFquT4ynZNlW7SRS+Do=,lvDec5ri/v97K5z0xmq1QgG/VD8=
-30,4,kGNNhDg5WFquT4ynZNlW7SRS+Do=,lvDec5ri/v97K5z0xmq1QgG/VD8=
-29,3,kGNNhDg5WFquT4ynZNlW7SRS+Do=,mq45/k28+Sz+dIFzN/WTr29QcBM=
-29,2,kGNNhDg5WFquT4ynZNlW7SRS+Do=,uMEC7DBrI4vJ7u8WVNMME58u2c4=
-29,1,kGNNhDg5WFquT4ynZNlW7SRS+Do=,lvDec5ri/v97K5z0xmq1QgG/VD8=
-29,0,kGNNhDg5WFquT4ynZNlW7SRS+Do=,lvDec5ri/v97K5z0xmq1QgG/VD8=
-29,4,kGNNhDg5WFquT4ynZNlW7SRS+Do=,lvDec5ri/v97K5z0xmq1QgG/VD8=
-28,4,kGNNhDg5WFquT4ynZNlW7SRS+Do=,lvDec5ri/v97K5z0xmq1QgG/VD8=
-28,0,kGNNhDg5WFquT4ynZNlW7SRS+Do=,lvDec5ri/v97K5z0xmq1QgG/VD8=
-28,1,kGNNhDg5WFquT4ynZNlW7SRS+Do=,lvDec5ri/v97K5z0xmq1QgG/VD8=
-28,2,kGNNhDg5WFquT4ynZNlW7SRS+Do=,pki5qposq94NKMoR/9uF/xR5SwY=
-28,3,kGNNhDg5WFquT4ynZNlW7SRS+Do=,2XKpSX/70JU7vEyfB17VaagcFy8=
-27,4,kGNNhDg5WFquT4ynZNlW7SRS+Do=,lvDec5ri/v97K5z0xmq1QgG/VD8=
-27,1,kGNNhDg5WFquT4ynZNlW7SRS+Do=,lvDec5ri/v97K5z0xmq1QgG/VD8=
-27,0,kGNNhDg5WFquT4ynZNlW7SRS+Do=,lvDec5ri/v97K5z0xmq1QgG/VD8=
-27,3,kGNNhDg5WFquT4ynZNlW7SRS+Do=,2XKpSX/70JU7vEyfB17VaagcFy8=
-27,2,kGNNhDg5WFquT4ynZNlW7SRS+Do=,pki5qposq94NKMoR/9uF/xR5SwY=
-26,4,kGNNhDg5WFquT4ynZNlW7SRS+Do=,lvDec5ri/v97K5z0xmq1QgG/VD8=
-26,2,kGNNhDg5WFquT4ynZNlW7SRS+Do=,pki5qposq94NKMoR/9uF/xR5SwY=
-26,3,kGNNhDg5WFquT4ynZNlW7SRS+Do=,2XKpSX/70JU7vEyfB17VaagcFy8=
-26,0,kGNNhDg5WFquT4ynZNlW7SRS+Do=,lvDec5ri/v97K5z0xmq1QgG/VD8=
-26,1,kGNNhDg5WFquT4ynZNlW7SRS+Do=,lvDec5ri/v97K5z0xmq1QgG/VD8=
-25,5,kGNNhDg5WFquT4ynZNlW7SRS+Do=,lvDec5ri/v97K5z0xmq1QgG/VD8=
-25,4,kGNNhDg5WFquT4ynZNlW7SRS+Do=,lvDec5ri/v97K5z0xmq1QgG/VD8=
-25,3,kGNNhDg5WFquT4ynZNlW7SRS+Do=,95Eg/xoPf5gbAj17ODF7674WLgM=
-25,2,kGNNhDg5WFquT4ynZNlW7SRS+Do=,haSIk/OqfAHQfmnKYTGXuK6SP3Y=
-25,1,kGNNhDg5WFquT4ynZNlW7SRS+Do=,lvDec5ri/v97K5z0xmq1QgG/VD8=
-25,0,kGNNhDg5WFquT4ynZNlW7SRS+Do=,lvDec5ri/v97K5z0xmq1QgG/VD8=
-24,8,kGNNhDg5WFquT4ynZNlW7SRS+Do=,PQ2XidWWQTFc7+pi7UAvm+gGdAA=
-24,9,kGNNhDg5WFquT4ynZNlW7SRS+Do=,PQ2XidWWQTFc7+pi7UAvm+gGdAA=
-24,10,kGNNhDg5WFquT4ynZNlW7SRS+Do=,PQ2XidWWQTFc7+pi7UAvm+gGdAA=
-24,11,kGNNhDg5WFquT4ynZNlW7SRS+Do=,PQ2XidWWQTFc7+pi7UAvm+gGdAA=
-24,1,kGNNhDg5WFquT4ynZNlW7SRS+Do=,imUW8h7rGCCe08+FK3pMZTyOIGI=
-24,2,kGNNhDg5WFquT4ynZNlW7SRS+Do=,imUW8h7rGCCe08+FK3pMZTyOIGI=
-24,3,kGNNhDg5WFquT4ynZNlW7SRS+Do=,imUW8h7rGCCe08+FK3pMZTyOIGI=
-24,4,kGNNhDg5WFquT4ynZNlW7SRS+Do=,S6msX5jy71apriuykDtYdIQP+fA=
-24,5,kGNNhDg5WFquT4ynZNlW7SRS+Do=,EFYoUQ9H+wnmXUzpHZmAY4Ecaww=
-24,6,kGNNhDg5WFquT4ynZNlW7SRS+Do=,XpA4YF+ca9KUCeIgj79ocI4qOLY=
-24,7,kGNNhDg5WFquT4ynZNlW7SRS+Do=,imUW8h7rGCCe08+FK3pMZTyOIGI=
-24,18,kGNNhDg5WFquT4ynZNlW7SRS+Do=,Xs0JrdsSWsWqp7xPfGlPv4MUe9I=
-24,19,kGNNhDg5WFquT4ynZNlW7SRS+Do=,Xs0JrdsSWsWqp7xPfGlPv4MUe9I=
-24,20,kGNNhDg5WFquT4ynZNlW7SRS+Do=,Xs0JrdsSWsWqp7xPfGlPv4MUe9I=
-23,9,kGNNhDg5WFquT4ynZNlW7SRS+Do=,IqorvHdXpkLLcmI4zJaxwJ6Bq4s=
-23,8,kGNNhDg5WFquT4ynZNlW7SRS+Do=,M6nwdXhNEg0l6R9b9wdIse8IXNU=
-23,11,kGNNhDg5WFquT4ynZNlW7SRS+Do=,PQ2XidWWQTFc7+pi7UAvm+gGdAA=
-23,10,kGNNhDg5WFquT4ynZNlW7SRS+Do=,5nIs0QXVVazlQRlAttp7yXcCi+M=
-23,1,kGNNhDg5WFquT4ynZNlW7SRS+Do=,03INtd7hTnjbUczlk+4BTYE6BVU=
-23,0,kGNNhDg5WFquT4ynZNlW7SRS+Do=,pJPgvtUKLrwVC1mYK982NDO91P4=
-23,3,kGNNhDg5WFquT4ynZNlW7SRS+Do=,imUW8h7rGCCe08+FK3pMZTyOIGI=
-23,2,kGNNhDg5WFquT4ynZNlW7SRS+Do=,imUW8h7rGCCe08+FK3pMZTyOIGI=
-23,5,kGNNhDg5WFquT4ynZNlW7SRS+Do=,eisGgHvjbO+mKaF2AheFvay16dM=
-23,4,kGNNhDg5WFquT4ynZNlW7SRS+Do=,Gm6Y0zqRmvYPvfWM+WCPEN+ydw0=
-23,7,kGNNhDg5WFquT4ynZNlW7SRS+Do=,XpA4YF+ca9KUCeIgj79ocI4qOLY=
-23,6,kGNNhDg5WFquT4ynZNlW7SRS+Do=,EVYBg2uqq4mbNqYOs92Y0XUxFW8=
-23,19,kGNNhDg5WFquT4ynZNlW7SRS+Do=,Xs0JrdsSWsWqp7xPfGlPv4MUe9I=
-23,18,kGNNhDg5WFquT4ynZNlW7SRS+Do=,Xs0JrdsSWsWqp7xPfGlPv4MUe9I=
-23,20,kGNNhDg5WFquT4ynZNlW7SRS+Do=,Xs0JrdsSWsWqp7xPfGlPv4MUe9I=
-22,10,kGNNhDg5WFquT4ynZNlW7SRS+Do=,s7qwfwMTAwgcAjI03A8sPi2KHm0=
-22,11,kGNNhDg5WFquT4ynZNlW7SRS+Do=,PQ2XidWWQTFc7+pi7UAvm+gGdAA=
-22,8,kGNNhDg5WFquT4ynZNlW7SRS+Do=,F+3CpOfdaYCEz8oHyOWhUxwjUPU=
-22,9,kGNNhDg5WFquT4ynZNlW7SRS+Do=,yz9hhutdeAbP/5W95FpeHNsGMbU=
-22,2,kGNNhDg5WFquT4ynZNlW7SRS+Do=,imUW8h7rGCCe08+FK3pMZTyOIGI=
-22,3,kGNNhDg5WFquT4ynZNlW7SRS+Do=,imUW8h7rGCCe08+FK3pMZTyOIGI=
-22,0,kGNNhDg5WFquT4ynZNlW7SRS+Do=,1TnPEnN3fx9p5nS2HQNGkJqwcYw=
-22,1,kGNNhDg5WFquT4ynZNlW7SRS+Do=,8tXLdWsqz/A3zdyS26zuxP3xRC0=
-22,6,kGNNhDg5WFquT4ynZNlW7SRS+Do=,SBbTZfuW6tiYNFUpv1VtSLT6St0=
-22,7,kGNNhDg5WFquT4ynZNlW7SRS+Do=,GakG8Z0YTLuUp8CX/tHuUTPx9dg=
-22,4,kGNNhDg5WFquT4ynZNlW7SRS+Do=,imUW8h7rGCCe08+FK3pMZTyOIGI=
-22,5,kGNNhDg5WFquT4ynZNlW7SRS+Do=,GOhSMXq7Q8Vd4VczR/jixKCORSE=
-22,18,kGNNhDg5WFquT4ynZNlW7SRS+Do=,Xs0JrdsSWsWqp7xPfGlPv4MUe9I=
-22,19,kGNNhDg5WFquT4ynZNlW7SRS+Do=,Xs0JrdsSWsWqp7xPfGlPv4MUe9I=
-22,20,kGNNhDg5WFquT4ynZNlW7SRS+Do=,Xs0JrdsSWsWqp7xPfGlPv4MUe9I=
-21,11,kGNNhDg5WFquT4ynZNlW7SRS+Do=,YnqAkmSTsCby9unHPBtM6HXcUFA=
-21,10,kGNNhDg5WFquT4ynZNlW7SRS+Do=,0+R1gSQGm7ZMcLbBy0YdtOtDk/g=
-21,9,kGNNhDg5WFquT4ynZNlW7SRS+Do=,yz9hhutdeAbP/5W95FpeHNsGMbU=
-21,8,kGNNhDg5WFquT4ynZNlW7SRS+Do=,F+3CpOfdaYCEz8oHyOWhUxwjUPU=
-21,12,kGNNhDg5WFquT4ynZNlW7SRS+Do=,5gzN12ycI9oP71EHuCHiVw6VUSU=
-21,3,kGNNhDg5WFquT4ynZNlW7SRS+Do=,imUW8h7rGCCe08+FK3pMZTyOIGI=
-21,2,kGNNhDg5WFquT4ynZNlW7SRS+Do=,03INtd7hTnjbUczlk+4BTYE6BVU=
-21,1,kGNNhDg5WFquT4ynZNlW7SRS+Do=,PlRO+q90NGpFX55biFx3UVsS6qY=
-21,0,kGNNhDg5WFquT4ynZNlW7SRS+Do=,1TnPEnN3fx9p5nS2HQNGkJqwcYw=
-21,7,kGNNhDg5WFquT4ynZNlW7SRS+Do=,GakG8Z0YTLuUp8CX/tHuUTPx9dg=
-21,6,kGNNhDg5WFquT4ynZNlW7SRS+Do=,SBbTZfuW6tiYNFUpv1VtSLT6St0=
-21,5,kGNNhDg5WFquT4ynZNlW7SRS+Do=,GOhSMXq7Q8Vd4VczR/jixKCORSE=
-21,4,kGNNhDg5WFquT4ynZNlW7SRS+Do=,imUW8h7rGCCe08+FK3pMZTyOIGI=
-21,26,kGNNhDg5WFquT4ynZNlW7SRS+Do=,Dp4JxdBodANrNV9P3xZVrdEtoZ4=
-21,25,kGNNhDg5WFquT4ynZNlW7SRS+Do=,Dp4JxdBodANrNV9P3xZVrdEtoZ4=
-20,12,kGNNhDg5WFquT4ynZNlW7SRS+Do=,jkWr8IBU0s6ErTNWmc5aXFOqMrU=
-20,13,kGNNhDg5WFquT4ynZNlW7SRS+Do=,PQ2XidWWQTFc7+pi7UAvm+gGdAA=
-20,14,kGNNhDg5WFquT4ynZNlW7SRS+Do=,PQ2XidWWQTFc7+pi7UAvm+gGdAA=
-20,8,kGNNhDg5WFquT4ynZNlW7SRS+Do=,h/6AsWqGQJRoZb919A9XUdeqtJ8=
-20,9,kGNNhDg5WFquT4ynZNlW7SRS+Do=,YdTBZNWaV42siiaxzwYI4Cz2st4=
-20,10,kGNNhDg5WFquT4ynZNlW7SRS+Do=,yz9hhutdeAbP/5W95FpeHNsGMbU=
-20,11,kGNNhDg5WFquT4ynZNlW7SRS+Do=,drh859Xjw8HEwqiTo9aalZm5ZDc=
-20,4,kGNNhDg5WFquT4ynZNlW7SRS+Do=,GH4Md9hjP5Swruk4gm/EcZT1Qno=
-20,5,kGNNhDg5WFquT4ynZNlW7SRS+Do=,eB4XVXWiV2bDfh8TJKfrCmzhNV8=
-20,6,kGNNhDg5WFquT4ynZNlW7SRS+Do=,wjAHaGRJvblX/M86uHVvcpsz/rg=
-20,7,kGNNhDg5WFquT4ynZNlW7SRS+Do=,fcG4lNkY0/cmqMgon7qH8vY4tSA=
-20,0,kGNNhDg5WFquT4ynZNlW7SRS+Do=,1TnPEnN3fx9p5nS2HQNGkJqwcYw=
-20,1,kGNNhDg5WFquT4ynZNlW7SRS+Do=,egH3ZRVV3vcCwI1TYFb2lANofo8=
-20,2,kGNNhDg5WFquT4ynZNlW7SRS+Do=,PlRO+q90NGpFX55biFx3UVsS6qY=
-20,3,kGNNhDg5WFquT4ynZNlW7SRS+Do=,GH4Md9hjP5Swruk4gm/EcZT1Qno=
-20,24,kGNNhDg5WFquT4ynZNlW7SRS+Do=,Dp4JxdBodANrNV9P3xZVrdEtoZ4=
-20,25,kGNNhDg5WFquT4ynZNlW7SRS+Do=,Dp4JxdBodANrNV9P3xZVrdEtoZ4=
-20,26,kGNNhDg5WFquT4ynZNlW7SRS+Do=,Dp4JxdBodANrNV9P3xZVrdEtoZ4=
-20,21,kGNNhDg5WFquT4ynZNlW7SRS+Do=,Xs0JrdsSWsWqp7xPfGlPv4MUe9I=
-20,22,kGNNhDg5WFquT4ynZNlW7SRS+Do=,Xs0JrdsSWsWqp7xPfGlPv4MUe9I=
-20,23,kGNNhDg5WFquT4ynZNlW7SRS+Do=,Xs0JrdsSWsWqp7xPfGlPv4MUe9I=
-19,13,kGNNhDg5WFquT4ynZNlW7SRS+Do=,PQ2XidWWQTFc7+pi7UAvm+gGdAA=
-19,12,kGNNhDg5WFquT4ynZNlW7SRS+Do=,jkWr8IBU0s6ErTNWmc5aXFOqMrU=
-19,14,kGNNhDg5WFquT4ynZNlW7SRS+Do=,PQ2XidWWQTFc7+pi7UAvm+gGdAA=
-19,9,kGNNhDg5WFquT4ynZNlW7SRS+Do=,5C2RvXAFG2cDEpnfPCGsA+BkufM=
-19,8,kGNNhDg5WFquT4ynZNlW7SRS+Do=,cyTzPGpKiVO4FNao4N72tLgASO4=
-19,11,kGNNhDg5WFquT4ynZNlW7SRS+Do=,mL81ivxNrwez+Y6I/Mn0GzzbY/A=
-19,10,kGNNhDg5WFquT4ynZNlW7SRS+Do=,hPegMbeoUazDUf9D52lfzdAqYpI=
-19,5,kGNNhDg5WFquT4ynZNlW7SRS+Do=,clwrLFrmIneK4YFJsMohKQ4fhnk=
-19,4,kGNNhDg5WFquT4ynZNlW7SRS+Do=,egH3ZRVV3vcCwI1TYFb2lANofo8=
-19,7,kGNNhDg5WFquT4ynZNlW7SRS+Do=,h3p5gkICIV2h/+f4LjTD8zA8QtI=
-19,6,kGNNhDg5WFquT4ynZNlW7SRS+Do=,FDIdgPvwsaEVQOasewp+JPb3Gsk=
-19,1,kGNNhDg5WFquT4ynZNlW7SRS+Do=,egH3ZRVV3vcCwI1TYFb2lANofo8=
-19,0,kGNNhDg5WFquT4ynZNlW7SRS+Do=,1TnPEnN3fx9p5nS2HQNGkJqwcYw=
-19,3,kGNNhDg5WFquT4ynZNlW7SRS+Do=,egH3ZRVV3vcCwI1TYFb2lANofo8=
-19,2,kGNNhDg5WFquT4ynZNlW7SRS+Do=,egH3ZRVV3vcCwI1TYFb2lANofo8=
-19,25,kGNNhDg5WFquT4ynZNlW7SRS+Do=,Dp4JxdBodANrNV9P3xZVrdEtoZ4=
-19,24,kGNNhDg5WFquT4ynZNlW7SRS+Do=,Dp4JxdBodANrNV9P3xZVrdEtoZ4=
-19,26,kGNNhDg5WFquT4ynZNlW7SRS+Do=,Dp4JxdBodANrNV9P3xZVrdEtoZ4=
-19,21,kGNNhDg5WFquT4ynZNlW7SRS+Do=,Xs0JrdsSWsWqp7xPfGlPv4MUe9I=
-19,23,kGNNhDg5WFquT4ynZNlW7SRS+Do=,Xs0JrdsSWsWqp7xPfGlPv4MUe9I=
-19,22,kGNNhDg5WFquT4ynZNlW7SRS+Do=,Xs0JrdsSWsWqp7xPfGlPv4MUe9I=
-18,14,kGNNhDg5WFquT4ynZNlW7SRS+Do=,PQ2XidWWQTFc7+pi7UAvm+gGdAA=
-18,15,kGNNhDg5WFquT4ynZNlW7SRS+Do=,PQ2XidWWQTFc7+pi7UAvm+gGdAA=
-18,12,kGNNhDg5WFquT4ynZNlW7SRS+Do=,jkWr8IBU0s6ErTNWmc5aXFOqMrU=
-18,13,kGNNhDg5WFquT4ynZNlW7SRS+Do=,PQ2XidWWQTFc7+pi7UAvm+gGdAA=
-18,10,kGNNhDg5WFquT4ynZNlW7SRS+Do=,LeLnZN/7C+FMNzFVc/V5DeZRO2Y=
-18,11,kGNNhDg5WFquT4ynZNlW7SRS+Do=,LeLnZN/7C+FMNzFVc/V5DeZRO2Y=
-18,8,kGNNhDg5WFquT4ynZNlW7SRS+Do=,hXKMjOiTgM/vZ0SO7xSgjU3Evnc=
-18,9,kGNNhDg5WFquT4ynZNlW7SRS+Do=,EWUUcWPxXuygnV8dbxkUhFRQXxs=
-18,6,kGNNhDg5WFquT4ynZNlW7SRS+Do=,FDIdgPvwsaEVQOasewp+JPb3Gsk=
-18,7,kGNNhDg5WFquT4ynZNlW7SRS+Do=,h3p5gkICIV2h/+f4LjTD8zA8QtI=
-18,4,kGNNhDg5WFquT4ynZNlW7SRS+Do=,luiVZ8bfLk9Q5hSEtscS8o9Bb5E=
-18,5,kGNNhDg5WFquT4ynZNlW7SRS+Do=,ThAWTfXLcqKgDeNxYSJENnhXNtY=
-18,2,kGNNhDg5WFquT4ynZNlW7SRS+Do=,egH3ZRVV3vcCwI1TYFb2lANofo8=
-18,3,kGNNhDg5WFquT4ynZNlW7SRS+Do=,5+cGD6boYGycuZUGf+R04/Bdcyk=
-18,0,kGNNhDg5WFquT4ynZNlW7SRS+Do=,VsJYadJpO7olRw/UVMnaa/MPlck=
-18,1,kGNNhDg5WFquT4ynZNlW7SRS+Do=,2Uvv/vTQ+19rbzryCQbhBM8SPuk=
-18,26,kGNNhDg5WFquT4ynZNlW7SRS+Do=,Dp4JxdBodANrNV9P3xZVrdEtoZ4=
-18,24,kGNNhDg5WFquT4ynZNlW7SRS+Do=,Dp4JxdBodANrNV9P3xZVrdEtoZ4=
-18,25,kGNNhDg5WFquT4ynZNlW7SRS+Do=,Dp4JxdBodANrNV9P3xZVrdEtoZ4=
-18,22,kGNNhDg5WFquT4ynZNlW7SRS+Do=,TjDuQHGiF4dix8DHr8M+3MRE2y8=
-18,23,kGNNhDg5WFquT4ynZNlW7SRS+Do=,Xs0JrdsSWsWqp7xPfGlPv4MUe9I=
-18,21,kGNNhDg5WFquT4ynZNlW7SRS+Do=,4IQpc36+GG4+q1JFyf0zIjJxjv0=
-17,15,kGNNhDg5WFquT4ynZNlW7SRS+Do=,PQ2XidWWQTFc7+pi7UAvm+gGdAA=
-17,14,kGNNhDg5WFquT4ynZNlW7SRS+Do=,PQ2XidWWQTFc7+pi7UAvm+gGdAA=
-17,13,kGNNhDg5WFquT4ynZNlW7SRS+Do=,PQ2XidWWQTFc7+pi7UAvm+gGdAA=
-17,12,kGNNhDg5WFquT4ynZNlW7SRS+Do=,6BBuFxYlxO2FgsjOXgDpsi9J42Y=
-17,11,kGNNhDg5WFquT4ynZNlW7SRS+Do=,c7XIaLhr99hp6m+5uMsPL8JlJeI=
-17,10,kGNNhDg5WFquT4ynZNlW7SRS+Do=,c7XIaLhr99hp6m+5uMsPL8JlJeI=
-17,9,kGNNhDg5WFquT4ynZNlW7SRS+Do=,sHiaR9pTZdJZPK2QAsFD3SRGRJc=
-17,8,kGNNhDg5WFquT4ynZNlW7SRS+Do=,PQ2XidWWQTFc7+pi7UAvm+gGdAA=
-17,7,kGNNhDg5WFquT4ynZNlW7SRS+Do=,1uozh89kn5sD53SAQOmSt1/5IMw=
-17,6,kGNNhDg5WFquT4ynZNlW7SRS+Do=,pvWrUeUy0zkcoJS6id1mLN3HCYE=
-17,5,kGNNhDg5WFquT4ynZNlW7SRS+Do=,pvWrUeUy0zkcoJS6id1mLN3HCYE=
-17,4,kGNNhDg5WFquT4ynZNlW7SRS+Do=,pvWrUeUy0zkcoJS6id1mLN3HCYE=
-17,3,kGNNhDg5WFquT4ynZNlW7SRS+Do=,l6qX1Ms3HjS7IhzjL4G16R8Jewo=
-17,2,5/66864KXAC77bMvDGrmJOGq2iE=,Sg2UsDDGDaNbiWuoTgAHD53VCVU=
-17,1,5/66864KXAC77bMvDGrmJOGq2iE=,VsJYadJpO7olRw/UVMnaa/MPlck=
-17,0,5/66864KXAC77bMvDGrmJOGq2iE=,imUW8h7rGCCe08+FK3pMZTyOIGI=
-17,24,5/66864KXAC77bMvDGrmJOGq2iE=,Dp4JxdBodANrNV9P3xZVrdEtoZ4=
-17,23,5/66864KXAC77bMvDGrmJOGq2iE=,Xs0JrdsSWsWqp7xPfGlPv4MUe9I=
-17,22,5/66864KXAC77bMvDGrmJOGq2iE=,5MZACtLT0N1uxNH1F9J/5PGQYRw=
-17,21,5/66864KXAC77bMvDGrmJOGq2iE=,N3Z+QKw7xKI0g1aLofCsjh6+hfM=
-16,16,5/66864KXAC77bMvDGrmJOGq2iE=,AmWegOvJAaKiNr4NQVNnIg79wFA=
-16,17,5/66864KXAC77bMvDGrmJOGq2iE=,AmWegOvJAaKiNr4NQVNnIg79wFA=
-16,21,5/66864KXAC77bMvDGrmJOGq2iE=,u7lwO2yNp3cXyZz0KSag+BBFFxA=
-16,22,5/66864KXAC77bMvDGrmJOGq2iE=,jlkZqAMi7SUmHE49kug3bzt41sI=
-16,23,5/66864KXAC77bMvDGrmJOGq2iE=,AtKr5Pt9IzCTnmN4kPCRMTb4bYg=
-16,24,5/66864KXAC77bMvDGrmJOGq2iE=,eBvzOvaS/VSXznGoikiLaSN2V5s=
-16,0,5/66864KXAC77bMvDGrmJOGq2iE=,J9i0o/LUhpZltJXPVk1UgRIoWXQ=
-16,1,5/66864KXAC77bMvDGrmJOGq2iE=,J9i0o/LUhpZltJXPVk1UgRIoWXQ=
-16,2,5/66864KXAC77bMvDGrmJOGq2iE=,J9i0o/LUhpZltJXPVk1UgRIoWXQ=
-16,3,5/66864KXAC77bMvDGrmJOGq2iE=,J9i0o/LUhpZltJXPVk1UgRIoWXQ=
-16,4,5/66864KXAC77bMvDGrmJOGq2iE=,J9i0o/LUhpZltJXPVk1UgRIoWXQ=
-16,5,5/66864KXAC77bMvDGrmJOGq2iE=,J9i0o/LUhpZltJXPVk1UgRIoWXQ=
-16,6,5/66864KXAC77bMvDGrmJOGq2iE=,J9i0o/LUhpZltJXPVk1UgRIoWXQ=
-16,7,5/66864KXAC77bMvDGrmJOGq2iE=,J9i0o/LUhpZltJXPVk1UgRIoWXQ=
-16,8,5/66864KXAC77bMvDGrmJOGq2iE=,mNGUD2zjpYxeygPaZx4b0n3FNBE=
-16,9,5/66864KXAC77bMvDGrmJOGq2iE=,mNGUD2zjpYxeygPaZx4b0n3FNBE=
-16,10,5/66864KXAC77bMvDGrmJOGq2iE=,IrTWkXFasqO6RYHl/u4uVC226Kg=
-16,11,5/66864KXAC77bMvDGrmJOGq2iE=,3YGh/X3AuQRFjY4rNhIXFykSNsQ=
-16,12,5/66864KXAC77bMvDGrmJOGq2iE=,3YGh/X3AuQRFjY4rNhIXFykSNsQ=
-16,13,5/66864KXAC77bMvDGrmJOGq2iE=,3YGh/X3AuQRFjY4rNhIXFykSNsQ=
-16,14,5/66864KXAC77bMvDGrmJOGq2iE=,3YGh/X3AuQRFjY4rNhIXFykSNsQ=
-16,15,5/66864KXAC77bMvDGrmJOGq2iE=,XasSPjxZFjATR+4W+slKh3m5GDc=
-15,17,5/66864KXAC77bMvDGrmJOGq2iE=,AmWegOvJAaKiNr4NQVNnIg79wFA=
-15,16,5/66864KXAC77bMvDGrmJOGq2iE=,AmWegOvJAaKiNr4NQVNnIg79wFA=
-15,18,5/66864KXAC77bMvDGrmJOGq2iE=,AmWegOvJAaKiNr4NQVNnIg79wFA=
-15,21,5/66864KXAC77bMvDGrmJOGq2iE=,uGUq2q6uC+3agMLxVU5a8R9R7a0=
-15,23,5/66864KXAC77bMvDGrmJOGq2iE=,jlkZqAMi7SUmHE49kug3bzt41sI=
-15,22,5/66864KXAC77bMvDGrmJOGq2iE=,jlkZqAMi7SUmHE49kug3bzt41sI=
-15,25,5/66864KXAC77bMvDGrmJOGq2iE=,yZJPitfG4fe9sqQ+A6l3VZEEmE0=
-15,24,5/66864KXAC77bMvDGrmJOGq2iE=,iiW1H5Gig/8B/kHkDUgqDxAvCCk=
-15,26,5/66864KXAC77bMvDGrmJOGq2iE=,eBvzOvaS/VSXznGoikiLaSN2V5s=
-15,0,5/66864KXAC77bMvDGrmJOGq2iE=,J9i0o/LUhpZltJXPVk1UgRIoWXQ=
-15,3,5/66864KXAC77bMvDGrmJOGq2iE=,J9i0o/LUhpZltJXPVk1UgRIoWXQ=
-15,5,5/66864KXAC77bMvDGrmJOGq2iE=,6AYdj1Y9TbRnYt29nMSVXmeTD2M=
-15,4,5/66864KXAC77bMvDGrmJOGq2iE=,J9i0o/LUhpZltJXPVk1UgRIoWXQ=
-15,7,5/66864KXAC77bMvDGrmJOGq2iE=,7DErx0VpF9YczCNO8kUF8CS2MD4=
-15,6,5/66864KXAC77bMvDGrmJOGq2iE=,kiY6sO3z3kcDAWEm/6X9B7HpavE=
-15,9,5/66864KXAC77bMvDGrmJOGq2iE=,3YGh/X3AuQRFjY4rNhIXFykSNsQ=
-15,8,5/66864KXAC77bMvDGrmJOGq2iE=,IrTWkXFasqO6RYHl/u4uVC226Kg=
-15,11,5/66864KXAC77bMvDGrmJOGq2iE=,INQnvwMZ2+MHQ+e2MFUS9eABk4I=
-15,10,5/66864KXAC77bMvDGrmJOGq2iE=,2nLb8DofpyORbs3uaY8uqG3ib9k=
-15,13,5/66864KXAC77bMvDGrmJOGq2iE=,INQnvwMZ2+MHQ+e2MFUS9eABk4I=
-15,12,5/66864KXAC77bMvDGrmJOGq2iE=,INQnvwMZ2+MHQ+e2MFUS9eABk4I=
-15,15,5/66864KXAC77bMvDGrmJOGq2iE=,Xhv4diNzl7CQu4Xuv5pi3Sms0gg=
-15,14,5/66864KXAC77bMvDGrmJOGq2iE=,lhSGDJYQB2Pea8KLvqXmkvadAWo=
-14,18,5/66864KXAC77bMvDGrmJOGq2iE=,AmWegOvJAaKiNr4NQVNnIg79wFA=
-14,16,5/66864KXAC77bMvDGrmJOGq2iE=,KjRworkom9EL/2imDtq18a4fR9I=
-14,17,5/66864KXAC77bMvDGrmJOGq2iE=,YYKRqYrGd2ZEGxP0b1MumtKD198=
-14,22,5/66864KXAC77bMvDGrmJOGq2iE=,dehS3cyYVqlGTnOLr/W1wnIQ564=
-14,23,5/66864KXAC77bMvDGrmJOGq2iE=,jlkZqAMi7SUmHE49kug3bzt41sI=
-14,20,5/66864KXAC77bMvDGrmJOGq2iE=,AmWegOvJAaKiNr4NQVNnIg79wFA=
-14,21,5/66864KXAC77bMvDGrmJOGq2iE=,QOODZbOKBWkNeoAHS4ZNK09M02Y=
-14,26,5/66864KXAC77bMvDGrmJOGq2iE=,yZJPitfG4fe9sqQ+A6l3VZEEmE0=
-14,24,5/66864KXAC77bMvDGrmJOGq2iE=,3Q9GSoX8ijs1KcvetsP9OSbI+ps=
-14,25,5/66864KXAC77bMvDGrmJOGq2iE=,v+OZW8VhXcoUC6QdHbF6+O8vSrc=
-14,2,5/66864KXAC77bMvDGrmJOGq2iE=,axCCtAx5/ddoYm5CNmuq+Nq+fok=
-14,3,5/66864KXAC77bMvDGrmJOGq2iE=,J9i0o/LUhpZltJXPVk1UgRIoWXQ=
-14,0,5/66864KXAC77bMvDGrmJOGq2iE=,Fw+dUVwhKSIKPiWFeWd0xU7Af9U=
-14,1,5/66864KXAC77bMvDGrmJOGq2iE=,I2uUCfhZVb9AVpPsn3buuJy/NNo=
-14,6,5/66864KXAC77bMvDGrmJOGq2iE=,DJBgqvp512ADaKamjhO/OmyK+rc=
-14,7,5/66864KXAC77bMvDGrmJOGq2iE=,j9R57rkVG7l5l0nTLv576t80OVs=
-14,4,5/66864KXAC77bMvDGrmJOGq2iE=,J9i0o/LUhpZltJXPVk1UgRIoWXQ=
-14,5,5/66864KXAC77bMvDGrmJOGq2iE=,Wj1SHxkMFu00R20/3rw1e6vvTzs=
-14,10,5/66864KXAC77bMvDGrmJOGq2iE=,Xnj1+NBdAIYW379YMUKgkTEQlIc=
-14,11,5/66864KXAC77bMvDGrmJOGq2iE=,SGJO2X5onw7712/usPyVFFPf35w=
-14,8,5/66864KXAC77bMvDGrmJOGq2iE=,gSR56e5i65TRDqLc2b87hSdA3w8=
-14,9,5/66864KXAC77bMvDGrmJOGq2iE=,Xnj1+NBdAIYW379YMUKgkTEQlIc=
-14,14,5/66864KXAC77bMvDGrmJOGq2iE=,oWs+HdsZKkmhfPyuU6/xtvoYj6E=
-14,15,5/66864KXAC77bMvDGrmJOGq2iE=,mNGUD2zjpYxeygPaZx4b0n3FNBE=
-14,12,5/66864KXAC77bMvDGrmJOGq2iE=,INQnvwMZ2+MHQ+e2MFUS9eABk4I=
-14,13,5/66864KXAC77bMvDGrmJOGq2iE=,7peFttO0GNB0REcKfyO7NGdIBAg=
-13,18,5/66864KXAC77bMvDGrmJOGq2iE=,AmWegOvJAaKiNr4NQVNnIg79wFA=
-13,17,5/66864KXAC77bMvDGrmJOGq2iE=,ofobRsw6kp2s49re3qaZXYL8U2Y=
-13,16,5/66864KXAC77bMvDGrmJOGq2iE=,jlkZqAMi7SUmHE49kug3bzt41sI=
-13,23,5/66864KXAC77bMvDGrmJOGq2iE=,5FWefdvQ+VmTpkRgib8MNuYFOb4=
-13,22,5/66864KXAC77bMvDGrmJOGq2iE=,c4gZLIBCLsrMxn5iV6Y1HnbBXDs=
-13,21,5/66864KXAC77bMvDGrmJOGq2iE=,Jwaqp2Emb+yDrfmyZ9nCbpf3bOw=
-13,20,5/66864KXAC77bMvDGrmJOGq2iE=,AmWegOvJAaKiNr4NQVNnIg79wFA=
-13,26,5/66864KXAC77bMvDGrmJOGq2iE=,yl5T8Qu3fWFPum+iv5pKZChc5AM=
-13,25,5/66864KXAC77bMvDGrmJOGq2iE=,AmWegOvJAaKiNr4NQVNnIg79wFA=
-13,24,5/66864KXAC77bMvDGrmJOGq2iE=,3Q9GSoX8ijs1KcvetsP9OSbI+ps=
-13,3,5/66864KXAC77bMvDGrmJOGq2iE=,QJbO8qjeLoskcpwLd7NLprSkRXw=
-13,2,5/66864KXAC77bMvDGrmJOGq2iE=,lyT3Vq7/KfVAG5GXUvKD+YzcFc4=
-13,1,5/66864KXAC77bMvDGrmJOGq2iE=,NUeSBlcWHLBp3EHmDAQRf+h/oCg=
-13,0,5/66864KXAC77bMvDGrmJOGq2iE=,5PQ5lCZaRdYVPjyom96clcNKjNU=
-13,7,5/66864KXAC77bMvDGrmJOGq2iE=,OkRpLB0uZxlwTxw3iKV3uQb6c/s=
-13,6,5/66864KXAC77bMvDGrmJOGq2iE=,ob3oYYlQyMKtT69n2D1HPUHm+MI=
-13,5,5/66864KXAC77bMvDGrmJOGq2iE=,lxH0unGW+r6SOa3xV0UKegvERts=
-13,4,5/66864KXAC77bMvDGrmJOGq2iE=,QJbO8qjeLoskcpwLd7NLprSkRXw=
-13,11,5/66864KXAC77bMvDGrmJOGq2iE=,mF1XXXQthk1W8zHvHWie9r4UM8U=
-13,10,5/66864KXAC77bMvDGrmJOGq2iE=,mNGUD2zjpYxeygPaZx4b0n3FNBE=
-13,9,5/66864KXAC77bMvDGrmJOGq2iE=,mNGUD2zjpYxeygPaZx4b0n3FNBE=
-13,8,5/66864KXAC77bMvDGrmJOGq2iE=,mNGUD2zjpYxeygPaZx4b0n3FNBE=
-13,15,5/66864KXAC77bMvDGrmJOGq2iE=,mNGUD2zjpYxeygPaZx4b0n3FNBE=
-13,14,5/66864KXAC77bMvDGrmJOGq2iE=,7jIMFLDka3KHeP/6nH29WTW71G0=
-13,13,5/66864KXAC77bMvDGrmJOGq2iE=,R1TNz8mbYkDxJeyVnViNTDsc/1k=
-13,12,5/66864KXAC77bMvDGrmJOGq2iE=,Bixk9bgf7w3Rl+4QNm9Q5mXeULA=
-12,20,5/66864KXAC77bMvDGrmJOGq2iE=,ki+6zsOGt7K4cTHlNp1NaN0xoMc=
-12,21,5/66864KXAC77bMvDGrmJOGq2iE=,XefZ4U1gRDkYbaSBrIUKxdotads=
-12,22,5/66864KXAC77bMvDGrmJOGq2iE=,D4YQWQF8kH6nBvRhwDC5pcndoRQ=
-12,23,5/66864KXAC77bMvDGrmJOGq2iE=,QXlNVRqq8tNSOUMAeY0jC/JoYQE=
-12,16,5/66864KXAC77bMvDGrmJOGq2iE=,jlkZqAMi7SUmHE49kug3bzt41sI=
-12,17,5/66864KXAC77bMvDGrmJOGq2iE=,AtKr5Pt9IzCTnmN4kPCRMTb4bYg=
-12,19,5/66864KXAC77bMvDGrmJOGq2iE=,AFIrVSnqwBAOwX8cn3SuyQ8tBrA=
-12,24,5/66864KXAC77bMvDGrmJOGq2iE=,3Q9GSoX8ijs1KcvetsP9OSbI+ps=
-12,25,5/66864KXAC77bMvDGrmJOGq2iE=,pqO/A8+Uunf+0uHFPVkkA7ioUsA=
-12,26,5/66864KXAC77bMvDGrmJOGq2iE=,0ckSVxoXvd5Vy+zruCcSu0VMh8Y=
-12,27,5/66864KXAC77bMvDGrmJOGq2iE=,eBvzOvaS/VSXznGoikiLaSN2V5s=
-12,4,5/66864KXAC77bMvDGrmJOGq2iE=,avVy7X81DtY5/fXxNc4lGMd10nc=
-12,5,5/66864KXAC77bMvDGrmJOGq2iE=,avVy7X81DtY5/fXxNc4lGMd10nc=
-12,6,5/66864KXAC77bMvDGrmJOGq2iE=,avVy7X81DtY5/fXxNc4lGMd10nc=
-12,7,5/66864KXAC77bMvDGrmJOGq2iE=,JaTwE70qMsgDCbh66lnx/iI9ics=
-12,0,5/66864KXAC77bMvDGrmJOGq2iE=,5PQ5lCZaRdYVPjyom96clcNKjNU=
-12,1,5/66864KXAC77bMvDGrmJOGq2iE=,yKLSZE9fpDWKu7aZMumtjD6WJcs=
-12,2,5/66864KXAC77bMvDGrmJOGq2iE=,avVy7X81DtY5/fXxNc4lGMd10nc=
-12,3,5/66864KXAC77bMvDGrmJOGq2iE=,avVy7X81DtY5/fXxNc4lGMd10nc=
-12,12,5/66864KXAC77bMvDGrmJOGq2iE=,UvHj5gKo2Xchrw+X2ZEAAmY8v1k=
-12,13,5/66864KXAC77bMvDGrmJOGq2iE=,40Xcse7pyTt9b3IUXwpnil9NYKU=
-12,14,5/66864KXAC77bMvDGrmJOGq2iE=,7jIMFLDka3KHeP/6nH29WTW71G0=
-12,15,5/66864KXAC77bMvDGrmJOGq2iE=,mNGUD2zjpYxeygPaZx4b0n3FNBE=
-12,8,5/66864KXAC77bMvDGrmJOGq2iE=,mNGUD2zjpYxeygPaZx4b0n3FNBE=
-12,9,5/66864KXAC77bMvDGrmJOGq2iE=,mNGUD2zjpYxeygPaZx4b0n3FNBE=
-12,10,5/66864KXAC77bMvDGrmJOGq2iE=,ysJ5wLPjxLish94pbZgTSXJ9nSs=
-12,11,5/66864KXAC77bMvDGrmJOGq2iE=,GnKeJExTyYuFUmsusta4m9Q1SIs=
-11,21,5/66864KXAC77bMvDGrmJOGq2iE=,VXHNY3NB21xMLvMR0xcq1koE57g=
-11,20,5/66864KXAC77bMvDGrmJOGq2iE=,ZI3w45twLRfEvTSTpSgs85RR9JI=
-11,23,5/66864KXAC77bMvDGrmJOGq2iE=,/7PHHhaSyZ00+QmPIdHL9U/ZFWk=
-11,22,5/66864KXAC77bMvDGrmJOGq2iE=,VXHNY3NB21xMLvMR0xcq1koE57g=
-11,17,5/66864KXAC77bMvDGrmJOGq2iE=,3Vr1QcmXy4H7LtnK1FJxgJt5eI0=
-11,16,5/66864KXAC77bMvDGrmJOGq2iE=,jlkZqAMi7SUmHE49kug3bzt41sI=
-11,19,5/66864KXAC77bMvDGrmJOGq2iE=,lbnFdDBrAgyQM4Se9anZsgd19yY=
-11,18,5/66864KXAC77bMvDGrmJOGq2iE=,r34j0qaYziTt6GGv78XocrBjuCM=
-11,25,5/66864KXAC77bMvDGrmJOGq2iE=,VB5h61/fLwMH1e3jE5mpzq4l8A8=
-11,24,5/66864KXAC77bMvDGrmJOGq2iE=,n6LIArviUODzOOZjoPRgW9v7iJA=
-11,27,5/66864KXAC77bMvDGrmJOGq2iE=,eBvzOvaS/VSXznGoikiLaSN2V5s=
-11,26,5/66864KXAC77bMvDGrmJOGq2iE=,eBvzOvaS/VSXznGoikiLaSN2V5s=
-11,5,5/66864KXAC77bMvDGrmJOGq2iE=,DJBgqvp512ADaKamjhO/OmyK+rc=
-11,4,5/66864KXAC77bMvDGrmJOGq2iE=,DJBgqvp512ADaKamjhO/OmyK+rc=
-11,7,5/66864KXAC77bMvDGrmJOGq2iE=,DJBgqvp512ADaKamjhO/OmyK+rc=
-11,6,5/66864KXAC77bMvDGrmJOGq2iE=,DJBgqvp512ADaKamjhO/OmyK+rc=
-11,1,5/66864KXAC77bMvDGrmJOGq2iE=,rw2Cur8WJ9zlbNAKWKb23HqPiP8=
-11,0,5/66864KXAC77bMvDGrmJOGq2iE=,5PQ5lCZaRdYVPjyom96clcNKjNU=
-11,3,5/66864KXAC77bMvDGrmJOGq2iE=,DJBgqvp512ADaKamjhO/OmyK+rc=
-11,2,5/66864KXAC77bMvDGrmJOGq2iE=,DJBgqvp512ADaKamjhO/OmyK+rc=
-11,13,5/66864KXAC77bMvDGrmJOGq2iE=,40Xcse7pyTt9b3IUXwpnil9NYKU=
-11,12,5/66864KXAC77bMvDGrmJOGq2iE=,KHL76acNg05PxXb8KAUEgrL23LE=
-11,15,5/66864KXAC77bMvDGrmJOGq2iE=,kPJxj7+bU/mHMkMK0GeRPbKK7aU=
-11,14,5/66864KXAC77bMvDGrmJOGq2iE=,e87br6hPNw/gBnFHyYSCz+PaIoE=
-11,9,5/66864KXAC77bMvDGrmJOGq2iE=,4EfHJah53MXp6bJk3Fg2wyMdFjg=
-11,8,5/66864KXAC77bMvDGrmJOGq2iE=,ysJ5wLPjxLish94pbZgTSXJ9nSs=
-11,11,5/66864KXAC77bMvDGrmJOGq2iE=,+wsQ9GkUO+8ITH3zQXlwFnsVTBs=
-11,10,5/66864KXAC77bMvDGrmJOGq2iE=,w0pWorxR/mBbrDCSQg7D3HJR+Pg=
-10,22,5/66864KXAC77bMvDGrmJOGq2iE=,SyrsHSFAS1onZ4AZw+pjU5D3qys=
-10,23,5/66864KXAC77bMvDGrmJOGq2iE=,axw/K3dpg076Ldvs+GMZhkRcEo4=
-10,20,5/66864KXAC77bMvDGrmJOGq2iE=,wYCnoR8AY5bp1F5zCnAEswFhepA=
-10,21,5/66864KXAC77bMvDGrmJOGq2iE=,SyrsHSFAS1onZ4AZw+pjU5D3qys=
-10,18,5/66864KXAC77bMvDGrmJOGq2iE=,kcae8F00nVgOLqsv8ai2FeudlO4=
-10,19,5/66864KXAC77bMvDGrmJOGq2iE=,D4YQWQF8kH6nBvRhwDC5pcndoRQ=
-10,16,5/66864KXAC77bMvDGrmJOGq2iE=,jlkZqAMi7SUmHE49kug3bzt41sI=
-10,17,5/66864KXAC77bMvDGrmJOGq2iE=,L2p5iTSa1VqiZsBXcYc24rzx0Lk=
-10,26,Spy2YR9c1G6MufOWvjv5k4HlqNk=,eBvzOvaS/VSXznGoikiLaSN2V5s=
-10,27,Spy2YR9c1G6MufOWvjv5k4HlqNk=,eBvzOvaS/VSXznGoikiLaSN2V5s=
-10,24,Spy2YR9c1G6MufOWvjv5k4HlqNk=,eBvzOvaS/VSXznGoikiLaSN2V5s=
-10,25,Spy2YR9c1G6MufOWvjv5k4HlqNk=,eBvzOvaS/VSXznGoikiLaSN2V5s=
-10,6,Spy2YR9c1G6MufOWvjv5k4HlqNk=,ra/mbWxXTaGoHLKhcjXhZUZhCQM=
-10,7,Spy2YR9c1G6MufOWvjv5k4HlqNk=,DJBgqvp512ADaKamjhO/OmyK+rc=
-10,4,Spy2YR9c1G6MufOWvjv5k4HlqNk=,zxbWdj1uHGv1h6/8HP9sc5yV3eE=
-10,5,Spy2YR9c1G6MufOWvjv5k4HlqNk=,gHAtU1Kfzc1+D98s/THNsPOIb14=
-10,2,Spy2YR9c1G6MufOWvjv5k4HlqNk=,4ulgkARflGjUzhPUCqIIabbH/bk=
-10,3,Spy2YR9c1G6MufOWvjv5k4HlqNk=,4ulgkARflGjUzhPUCqIIabbH/bk=
-10,0,Spy2YR9c1G6MufOWvjv5k4HlqNk=,5PQ5lCZaRdYVPjyom96clcNKjNU=
-10,1,Spy2YR9c1G6MufOWvjv5k4HlqNk=,vwX4UYV6D87G0bO2XfKsy3OJDzo=
-10,14,Spy2YR9c1G6MufOWvjv5k4HlqNk=,kwcJsPAi7a5ImKpYD5EVJVz7HX4=
-10,15,Spy2YR9c1G6MufOWvjv5k4HlqNk=,XJoC1qRUcQPsK7mocxNCLh9su8c=
-10,12,Spy2YR9c1G6MufOWvjv5k4HlqNk=,40Xcse7pyTt9b3IUXwpnil9NYKU=
-10,13,Spy2YR9c1G6MufOWvjv5k4HlqNk=,40Xcse7pyTt9b3IUXwpnil9NYKU=
-10,10,Spy2YR9c1G6MufOWvjv5k4HlqNk=,+wsQ9GkUO+8ITH3zQXlwFnsVTBs=
-10,11,Spy2YR9c1G6MufOWvjv5k4HlqNk=,KHL76acNg05PxXb8KAUEgrL23LE=
-10,8,Spy2YR9c1G6MufOWvjv5k4HlqNk=,EICw0rt03a6U7syEYfokuODd/rA=
-10,9,Spy2YR9c1G6MufOWvjv5k4HlqNk=,V1RS6x7sPobYGNT0yikL/4HKD/U=
-9,23,Spy2YR9c1G6MufOWvjv5k4HlqNk=,otn5nO32xCsg2sfqvrbsDtfsY3U=
-9,22,Spy2YR9c1G6MufOWvjv5k4HlqNk=,dVrBkEKjkDlYn4SoF8Y2dzhoB68=
-9,21,Spy2YR9c1G6MufOWvjv5k4HlqNk=,dVrBkEKjkDlYn4SoF8Y2dzhoB68=
-9,20,Spy2YR9c1G6MufOWvjv5k4HlqNk=,MQcakiOdkPK2jj/K9y+giy1CTfU=
-9,19,Spy2YR9c1G6MufOWvjv5k4HlqNk=,cL4ta+FWJjVyOlTRP8veBshK7QA=
-9,18,Spy2YR9c1G6MufOWvjv5k4HlqNk=,cL4ta+FWJjVyOlTRP8veBshK7QA=
-9,17,Spy2YR9c1G6MufOWvjv5k4HlqNk=,XT+hAEIj5JPAPgVeFYbM1cJu3Tc=
-9,16,Spy2YR9c1G6MufOWvjv5k4HlqNk=,FhE+WH15qOMll/OfpX5jd7A/tL0=
-9,29,Spy2YR9c1G6MufOWvjv5k4HlqNk=,eBvzOvaS/VSXznGoikiLaSN2V5s=
-9,28,Spy2YR9c1G6MufOWvjv5k4HlqNk=,eBvzOvaS/VSXznGoikiLaSN2V5s=
-9,27,Spy2YR9c1G6MufOWvjv5k4HlqNk=,eBvzOvaS/VSXznGoikiLaSN2V5s=
-9,26,Spy2YR9c1G6MufOWvjv5k4HlqNk=,eBvzOvaS/VSXznGoikiLaSN2V5s=
-9,25,Spy2YR9c1G6MufOWvjv5k4HlqNk=,eBvzOvaS/VSXznGoikiLaSN2V5s=
-9,24,Spy2YR9c1G6MufOWvjv5k4HlqNk=,eBvzOvaS/VSXznGoikiLaSN2V5s=
-9,7,Spy2YR9c1G6MufOWvjv5k4HlqNk=,dJtgbzB04sgFiQTxqlhVGeXKtVY=
-9,6,Spy2YR9c1G6MufOWvjv5k4HlqNk=,B85RTKgvG1d4C6sa2J47er4xb8g=
-9,5,Spy2YR9c1G6MufOWvjv5k4HlqNk=,Sei9zcZrm/0EDsXiDL+cHrYcx+k=
-9,4,Spy2YR9c1G6MufOWvjv5k4HlqNk=,6TOqBjjwRmnSsPPcXCPR5poYfdQ=
-9,3,Spy2YR9c1G6MufOWvjv5k4HlqNk=,d2z7HOv2HS3kx7/G/6S6dBFhAoI=
-9,2,Spy2YR9c1G6MufOWvjv5k4HlqNk=,d2z7HOv2HS3kx7/G/6S6dBFhAoI=
-9,1,Spy2YR9c1G6MufOWvjv5k4HlqNk=,d2z7HOv2HS3kx7/G/6S6dBFhAoI=
-9,0,Spy2YR9c1G6MufOWvjv5k4HlqNk=,IZKYmm8w7s6TjIsHT2tnZpJ8nYw=
-9,15,Spy2YR9c1G6MufOWvjv5k4HlqNk=,mNGUD2zjpYxeygPaZx4b0n3FNBE=
-9,14,Spy2YR9c1G6MufOWvjv5k4HlqNk=,1rEg/hmz1tvBfNFDvCGqAjPc4Bs=
-9,13,Spy2YR9c1G6MufOWvjv5k4HlqNk=,JS29qBmVav4EQxTgH/0MPQZhzXM=
-9,12,Spy2YR9c1G6MufOWvjv5k4HlqNk=,JS29qBmVav4EQxTgH/0MPQZhzXM=
-9,11,Spy2YR9c1G6MufOWvjv5k4HlqNk=,JS29qBmVav4EQxTgH/0MPQZhzXM=
-9,10,Spy2YR9c1G6MufOWvjv5k4HlqNk=,gTCYSA/pUY9prtJlIysGEQ4/i4k=
-9,9,Spy2YR9c1G6MufOWvjv5k4HlqNk=,vxwOYZAgXeLE+XRP+rJvLi5lJTk=
-9,8,Spy2YR9c1G6MufOWvjv5k4HlqNk=,rTqCx6tY2vOAityqvc9JO5R2SBY=
-8,25,Spy2YR9c1G6MufOWvjv5k4HlqNk=,SRl1v9RdTHJJ/KSYzII2Jjap564=
-8,26,Spy2YR9c1G6MufOWvjv5k4HlqNk=,SRl1v9RdTHJJ/KSYzII2Jjap564=
-8,27,Spy2YR9c1G6MufOWvjv5k4HlqNk=,SRl1v9RdTHJJ/KSYzII2Jjap564=
-8,28,Spy2YR9c1G6MufOWvjv5k4HlqNk=,SRl1v9RdTHJJ/KSYzII2Jjap564=
-8,29,Spy2YR9c1G6MufOWvjv5k4HlqNk=,SRl1v9RdTHJJ/KSYzII2Jjap564=
-8,16,Spy2YR9c1G6MufOWvjv5k4HlqNk=,xYquSHSkb2abBipzkq6xxCzW/u8=
-8,17,Spy2YR9c1G6MufOWvjv5k4HlqNk=,g5QG/EK1oyedlGbGzLu/1Sb1Z3Y=
-8,18,Spy2YR9c1G6MufOWvjv5k4HlqNk=,g5QG/EK1oyedlGbGzLu/1Sb1Z3Y=
-8,19,Spy2YR9c1G6MufOWvjv5k4HlqNk=,g5QG/EK1oyedlGbGzLu/1Sb1Z3Y=
-8,20,Spy2YR9c1G6MufOWvjv5k4HlqNk=,i1VLOh8IgI/AWqLDw28sCJbwCNc=
-8,21,Spy2YR9c1G6MufOWvjv5k4HlqNk=,mbqqSdB5PgZfk57vYXBEAJpyrHw=
-8,22,Spy2YR9c1G6MufOWvjv5k4HlqNk=,mbqqSdB5PgZfk57vYXBEAJpyrHw=
-8,23,Spy2YR9c1G6MufOWvjv5k4HlqNk=,mbqqSdB5PgZfk57vYXBEAJpyrHw=
-8,8,Spy2YR9c1G6MufOWvjv5k4HlqNk=,GFCSWaEwFxeOowmcXx+K8EXxM6I=
-8,9,Spy2YR9c1G6MufOWvjv5k4HlqNk=,vMXKYO8xacuBDy413OgCKFD07Lw=
-8,10,Spy2YR9c1G6MufOWvjv5k4HlqNk=,vMXKYO8xacuBDy413OgCKFD07Lw=
-8,11,Spy2YR9c1G6MufOWvjv5k4HlqNk=,vMXKYO8xacuBDy413OgCKFD07Lw=
-8,12,Spy2YR9c1G6MufOWvjv5k4HlqNk=,QGJ01M3ZE2JynXFDLGW6u6WAP2w=
-8,13,Spy2YR9c1G6MufOWvjv5k4HlqNk=,ntJBwumxfvVKfA1cEMQc8/Nk4SI=
-8,14,Spy2YR9c1G6MufOWvjv5k4HlqNk=,ntJBwumxfvVKfA1cEMQc8/Nk4SI=
-8,15,Spy2YR9c1G6MufOWvjv5k4HlqNk=,Bdh5t7GwgqEGOxY7gL2NFKsD87w=
-8,0,Spy2YR9c1G6MufOWvjv5k4HlqNk=,6InLSLGkVai3841K/kFScnLExJU=
-8,1,Spy2YR9c1G6MufOWvjv5k4HlqNk=,6InLSLGkVai3841K/kFScnLExJU=
-8,2,Spy2YR9c1G6MufOWvjv5k4HlqNk=,6InLSLGkVai3841K/kFScnLExJU=
-8,3,Spy2YR9c1G6MufOWvjv5k4HlqNk=,6InLSLGkVai3841K/kFScnLExJU=
-8,4,Spy2YR9c1G6MufOWvjv5k4HlqNk=,0+v5805DsqyjydESqGHP/33Lf88=
-8,5,Spy2YR9c1G6MufOWvjv5k4HlqNk=,Dr9At2R+juM70Khu74Vw1qRHrQs=
-8,6,Spy2YR9c1G6MufOWvjv5k4HlqNk=,Dr9At2R+juM70Khu74Vw1qRHrQs=
-8,7,Spy2YR9c1G6MufOWvjv5k4HlqNk=,Qc1dQWW8dVeDOBl9OYmJrph4NOA=
-7,25,Spy2YR9c1G6MufOWvjv5k4HlqNk=,SRl1v9RdTHJJ/KSYzII2Jjap564=
-7,24,Spy2YR9c1G6MufOWvjv5k4HlqNk=,SRl1v9RdTHJJ/KSYzII2Jjap564=
-7,27,Spy2YR9c1G6MufOWvjv5k4HlqNk=,SRl1v9RdTHJJ/KSYzII2Jjap564=
-7,26,Spy2YR9c1G6MufOWvjv5k4HlqNk=,SRl1v9RdTHJJ/KSYzII2Jjap564=
-7,29,Spy2YR9c1G6MufOWvjv5k4HlqNk=,SRl1v9RdTHJJ/KSYzII2Jjap564=
-7,28,Spy2YR9c1G6MufOWvjv5k4HlqNk=,SRl1v9RdTHJJ/KSYzII2Jjap564=
-7,17,Spy2YR9c1G6MufOWvjv5k4HlqNk=,aysyYsXuRjZ5V42LkoUiy731sV8=
-7,16,Spy2YR9c1G6MufOWvjv5k4HlqNk=,OSNisrb0uKXsVlFpaIedfBY/FzI=
-7,19,Spy2YR9c1G6MufOWvjv5k4HlqNk=,HaFD3GknyC8SNRa2HNRBSLCrzB0=
-7,18,Spy2YR9c1G6MufOWvjv5k4HlqNk=,pc8XWRr8NovC73LVY19QTbpPvpk=
-7,21,Spy2YR9c1G6MufOWvjv5k4HlqNk=,i1VLOh8IgI/AWqLDw28sCJbwCNc=
-7,20,Spy2YR9c1G6MufOWvjv5k4HlqNk=,3kJpt67ZvDc4r4HByQNNPYuBZsc=
-7,9,Spy2YR9c1G6MufOWvjv5k4HlqNk=,v+tHyxb//89YCEzfeW/xFLPBF/k=
-7,8,Spy2YR9c1G6MufOWvjv5k4HlqNk=,yP1kwULVGwkDKtomdqKbVwdam64=
-7,11,Spy2YR9c1G6MufOWvjv5k4HlqNk=,lAH/TORX121sg6HRU+9LfmEK9TI=
-7,10,Spy2YR9c1G6MufOWvjv5k4HlqNk=,lAH/TORX121sg6HRU+9LfmEK9TI=
-7,13,Spy2YR9c1G6MufOWvjv5k4HlqNk=,u8wOYvCs5ZTfkNiic7350g7NwUc=
-7,12,Spy2YR9c1G6MufOWvjv5k4HlqNk=,vAg9x2S8Y5Tu9k6IxCQGu6u7/ns=
-7,15,Spy2YR9c1G6MufOWvjv5k4HlqNk=,wjBdYkXtgSHrU+gVlGzQPXHuj9I=
-7,14,Spy2YR9c1G6MufOWvjv5k4HlqNk=,u8wOYvCs5ZTfkNiic7350g7NwUc=
-7,1,Spy2YR9c1G6MufOWvjv5k4HlqNk=,QqrSjhsU5jwizrMOQlmCWt97Uv8=
-7,0,Spy2YR9c1G6MufOWvjv5k4HlqNk=,0STD/5Rs86H/iXWdd0EZsUSrZ78=
-7,3,Spy2YR9c1G6MufOWvjv5k4HlqNk=,/0gtSJE/+TbjGCbQ/pzkAUQAqFs=
-7,2,Spy2YR9c1G6MufOWvjv5k4HlqNk=,QqrSjhsU5jwizrMOQlmCWt97Uv8=
-7,5,Spy2YR9c1G6MufOWvjv5k4HlqNk=,nLeSnSlHG/ie+GO9cP9vvLFpaA8=
-7,4,Spy2YR9c1G6MufOWvjv5k4HlqNk=,GwpEmn/+c+vHkA7IcygE7c7JeiE=
-7,7,Spy2YR9c1G6MufOWvjv5k4HlqNk=,SgKjXCbjy1dnGKM0Z47Z8922MQQ=
-7,6,Spy2YR9c1G6MufOWvjv5k4HlqNk=,U7k4ftx+vMDNkvRTSKKID/5Rkvk=
-6,26,Spy2YR9c1G6MufOWvjv5k4HlqNk=,6eS3wbeg5vnF4oXNE7gKYUryyss=
-6,27,Spy2YR9c1G6MufOWvjv5k4HlqNk=,OYt6F4V7b03M1e+Qox4r00k/HUM=
-6,24,Spy2YR9c1G6MufOWvjv5k4HlqNk=,JnOvTanm8xN3PChQyH0+6uf0e3g=
-6,25,Spy2YR9c1G6MufOWvjv5k4HlqNk=,6eS3wbeg5vnF4oXNE7gKYUryyss=
-6,28,Spy2YR9c1G6MufOWvjv5k4HlqNk=,SRl1v9RdTHJJ/KSYzII2Jjap564=
-6,29,Spy2YR9c1G6MufOWvjv5k4HlqNk=,SRl1v9RdTHJJ/KSYzII2Jjap564=
-6,18,Spy2YR9c1G6MufOWvjv5k4HlqNk=,mbqqSdB5PgZfk57vYXBEAJpyrHw=
-6,19,Spy2YR9c1G6MufOWvjv5k4HlqNk=,rTtblxTG3r11TrR4TTm6dOgtkGg=
-6,16,Spy2YR9c1G6MufOWvjv5k4HlqNk=,OSNisrb0uKXsVlFpaIedfBY/FzI=
-6,17,Spy2YR9c1G6MufOWvjv5k4HlqNk=,0D6ez1Yx+0eGmCa2tgPlmuHXDFI=
-6,20,Spy2YR9c1G6MufOWvjv5k4HlqNk=,/7N2XvS2GdV2ZT3IBY8YACGDzBY=
-6,21,Spy2YR9c1G6MufOWvjv5k4HlqNk=,Ob3Dg/JYNHdwL7fiGN9obMqKzWk=
-6,10,Spy2YR9c1G6MufOWvjv5k4HlqNk=,y90GNegaAW6COFGo/7H69nSvJHM=
-6,11,Spy2YR9c1G6MufOWvjv5k4HlqNk=,y90GNegaAW6COFGo/7H69nSvJHM=
-6,8,Spy2YR9c1G6MufOWvjv5k4HlqNk=,yP1kwULVGwkDKtomdqKbVwdam64=
-6,9,Spy2YR9c1G6MufOWvjv5k4HlqNk=,Nj3ilSogTicx4i0xOTcaDNTuR3A=
-6,14,Spy2YR9c1G6MufOWvjv5k4HlqNk=,y90GNegaAW6COFGo/7H69nSvJHM=
-6,15,Spy2YR9c1G6MufOWvjv5k4HlqNk=,y90GNegaAW6COFGo/7H69nSvJHM=
-6,12,Spy2YR9c1G6MufOWvjv5k4HlqNk=,y90GNegaAW6COFGo/7H69nSvJHM=
-6,13,Spy2YR9c1G6MufOWvjv5k4HlqNk=,y90GNegaAW6COFGo/7H69nSvJHM=
-6,2,Spy2YR9c1G6MufOWvjv5k4HlqNk=,Lm9IwnPjcQvaNM+L7ZCYbNJQYkM=
-6,3,Spy2YR9c1G6MufOWvjv5k4HlqNk=,d5SoGQTBvblTgIpH7lN+gK87NG8=
-6,0,Spy2YR9c1G6MufOWvjv5k4HlqNk=,Gqgub4v/YnByXkb5q2AOS4ljvdE=
-6,1,Spy2YR9c1G6MufOWvjv5k4HlqNk=,UFAQi4A16qcG2SxN2hlCNRQXmT8=
-6,6,Spy2YR9c1G6MufOWvjv5k4HlqNk=,U7k4ftx+vMDNkvRTSKKID/5Rkvk=
-6,7,Spy2YR9c1G6MufOWvjv5k4HlqNk=,SgKjXCbjy1dnGKM0Z47Z8922MQQ=
-6,4,Spy2YR9c1G6MufOWvjv5k4HlqNk=,6InLSLGkVai3841K/kFScnLExJU=
-6,5,Spy2YR9c1G6MufOWvjv5k4HlqNk=,F8lLQiY3xqBMMwzX4l2UkAcOUvc=
-5,27,Spy2YR9c1G6MufOWvjv5k4HlqNk=,/0XIG7L033xbgK6Z2dtYp17wotk=
-5,26,Spy2YR9c1G6MufOWvjv5k4HlqNk=,YkIT5FnqXvwx9QkClRM4BpPZc28=
-5,25,Spy2YR9c1G6MufOWvjv5k4HlqNk=,YkIT5FnqXvwx9QkClRM4BpPZc28=
-5,24,Spy2YR9c1G6MufOWvjv5k4HlqNk=,XWGObUz5d3sa7ph/tfEKq8Mr2iE=
-5,28,Spy2YR9c1G6MufOWvjv5k4HlqNk=,SRl1v9RdTHJJ/KSYzII2Jjap564=
-5,19,Spy2YR9c1G6MufOWvjv5k4HlqNk=,rTtblxTG3r11TrR4TTm6dOgtkGg=
-5,18,Spy2YR9c1G6MufOWvjv5k4HlqNk=,mbqqSdB5PgZfk57vYXBEAJpyrHw=
-5,17,Spy2YR9c1G6MufOWvjv5k4HlqNk=,m397kGMKaAOBkGhOY/TKOWhG0qU=
-5,16,Spy2YR9c1G6MufOWvjv5k4HlqNk=,uLc9G61wjVG7SJGmhO7rkM1WjO0=
-5,23,Spy2YR9c1G6MufOWvjv5k4HlqNk=,mbqqSdB5PgZfk57vYXBEAJpyrHw=
-5,22,Spy2YR9c1G6MufOWvjv5k4HlqNk=,1RnlwXsD6Rb7T7L7Dt2LhWdcG4c=
-5,21,Spy2YR9c1G6MufOWvjv5k4HlqNk=,tW+iNxuf8vPuvSEFF+N6ly0Z3bE=
-5,20,Spy2YR9c1G6MufOWvjv5k4HlqNk=,d+uIhihekFWaeUv9OPlsKtHqVqs=
-5,11,Spy2YR9c1G6MufOWvjv5k4HlqNk=,y90GNegaAW6COFGo/7H69nSvJHM=
-5,9,Spy2YR9c1G6MufOWvjv5k4HlqNk=,Nj3ilSogTicx4i0xOTcaDNTuR3A=
-5,8,Spy2YR9c1G6MufOWvjv5k4HlqNk=,yP1kwULVGwkDKtomdqKbVwdam64=
-5,15,Spy2YR9c1G6MufOWvjv5k4HlqNk=,y90GNegaAW6COFGo/7H69nSvJHM=
-5,14,Spy2YR9c1G6MufOWvjv5k4HlqNk=,y90GNegaAW6COFGo/7H69nSvJHM=
-5,13,Spy2YR9c1G6MufOWvjv5k4HlqNk=,y90GNegaAW6COFGo/7H69nSvJHM=
-5,12,Spy2YR9c1G6MufOWvjv5k4HlqNk=,y90GNegaAW6COFGo/7H69nSvJHM=
-5,3,Spy2YR9c1G6MufOWvjv5k4HlqNk=,6InLSLGkVai3841K/kFScnLExJU=
-5,2,VhUdlPE99IQv/rEiZoXZCDuiKY0=,EeNqw9js4pZeLo4A5Nh6mUYQnfM=
-5,1,VhUdlPE99IQv/rEiZoXZCDuiKY0=,UFAQi4A16qcG2SxN2hlCNRQXmT8=
-5,0,VhUdlPE99IQv/rEiZoXZCDuiKY0=,Gqgub4v/YnByXkb5q2AOS4ljvdE=
-5,7,VhUdlPE99IQv/rEiZoXZCDuiKY0=,nNGyjHgE82rpx+BL8iUGVsxIxEo=
-5,6,VhUdlPE99IQv/rEiZoXZCDuiKY0=,Nw6ho5rpd/gyLPfo9MQ52Adv5DY=
-5,5,VhUdlPE99IQv/rEiZoXZCDuiKY0=,F8lLQiY3xqBMMwzX4l2UkAcOUvc=
-5,4,VhUdlPE99IQv/rEiZoXZCDuiKY0=,6InLSLGkVai3841K/kFScnLExJU=
-4,28,VhUdlPE99IQv/rEiZoXZCDuiKY0=,OYt6F4V7b03M1e+Qox4r00k/HUM=
-4,24,VhUdlPE99IQv/rEiZoXZCDuiKY0=,XWGObUz5d3sa7ph/tfEKq8Mr2iE=
-4,25,VhUdlPE99IQv/rEiZoXZCDuiKY0=,2nO4TxgTMn5Xq30nbSp/VkdQnwU=
-4,26,VhUdlPE99IQv/rEiZoXZCDuiKY0=,i5Hn739zY2bN5DKnk6aIHaTEK2Q=
-4,27,VhUdlPE99IQv/rEiZoXZCDuiKY0=,ZRpAtl8qerl394EsNdmyhKC3298=
-4,20,VhUdlPE99IQv/rEiZoXZCDuiKY0=,HJTS5yC2FRCsQGB5Po/Csa6ioY0=
-4,21,VhUdlPE99IQv/rEiZoXZCDuiKY0=,d+uIhihekFWaeUv9OPlsKtHqVqs=
-4,22,VhUdlPE99IQv/rEiZoXZCDuiKY0=,tW+iNxuf8vPuvSEFF+N6ly0Z3bE=
-4,23,VhUdlPE99IQv/rEiZoXZCDuiKY0=,1RnlwXsD6Rb7T7L7Dt2LhWdcG4c=
-4,16,VhUdlPE99IQv/rEiZoXZCDuiKY0=,mbqqSdB5PgZfk57vYXBEAJpyrHw=
-4,17,VhUdlPE99IQv/rEiZoXZCDuiKY0=,mbqqSdB5PgZfk57vYXBEAJpyrHw=
-4,18,VhUdlPE99IQv/rEiZoXZCDuiKY0=,mbqqSdB5PgZfk57vYXBEAJpyrHw=
-4,19,VhUdlPE99IQv/rEiZoXZCDuiKY0=,cs2VkQx0l3bvPTgkf9HfUrTd1NY=
-4,12,VhUdlPE99IQv/rEiZoXZCDuiKY0=,l19hMB7b7cgF9d+gYcko5K7DrLU=
-4,13,VhUdlPE99IQv/rEiZoXZCDuiKY0=,py+WfMCXjP/ghAUsSDYRSvIik78=
-4,14,VhUdlPE99IQv/rEiZoXZCDuiKY0=,py+WfMCXjP/ghAUsSDYRSvIik78=
-4,15,VhUdlPE99IQv/rEiZoXZCDuiKY0=,s5qVMI8lDF4yyx7GcNb/Ix4wIK8=
-4,8,VhUdlPE99IQv/rEiZoXZCDuiKY0=,yP1kwULVGwkDKtomdqKbVwdam64=
-4,9,VhUdlPE99IQv/rEiZoXZCDuiKY0=,Nj3ilSogTicx4i0xOTcaDNTuR3A=
-4,10,VhUdlPE99IQv/rEiZoXZCDuiKY0=,y90GNegaAW6COFGo/7H69nSvJHM=
-4,11,VhUdlPE99IQv/rEiZoXZCDuiKY0=,6v3IIiwNsWfmYmvNisMeCcjYrP4=
-4,4,VhUdlPE99IQv/rEiZoXZCDuiKY0=,6InLSLGkVai3841K/kFScnLExJU=
-4,5,VhUdlPE99IQv/rEiZoXZCDuiKY0=,F8lLQiY3xqBMMwzX4l2UkAcOUvc=
-4,6,VhUdlPE99IQv/rEiZoXZCDuiKY0=,usQB56rRK5EKNFECodkjPKx6B6g=
-4,7,VhUdlPE99IQv/rEiZoXZCDuiKY0=,FOW30P8zGAilE712vL6vDDrEbo4=
-4,0,VhUdlPE99IQv/rEiZoXZCDuiKY0=,Gqgub4v/YnByXkb5q2AOS4ljvdE=
-4,1,VhUdlPE99IQv/rEiZoXZCDuiKY0=,UFAQi4A16qcG2SxN2hlCNRQXmT8=
-4,2,VhUdlPE99IQv/rEiZoXZCDuiKY0=,4rkm6hpQt57KnYg/m0DknE+PgU8=
-4,3,VhUdlPE99IQv/rEiZoXZCDuiKY0=,/0gtSJE/+TbjGCbQ/pzkAUQAqFs=
-3,28,VhUdlPE99IQv/rEiZoXZCDuiKY0=,HEAeo34Yv7rxwSOwik7HsijRU6k=
-3,25,VhUdlPE99IQv/rEiZoXZCDuiKY0=,j8EnsKDHL4e4t9uwB7aO1aYh1kA=
-3,24,VhUdlPE99IQv/rEiZoXZCDuiKY0=,ebqEPEra3rXVcuId+9y0A7gnH4o=
-3,27,VhUdlPE99IQv/rEiZoXZCDuiKY0=,6+YzIdZ4vGbAK+QKkuvZAbpeBkI=
-3,26,VhUdlPE99IQv/rEiZoXZCDuiKY0=,E9jUAHxApzwtoSRg0y5qL7Yzo8c=
-3,21,VhUdlPE99IQv/rEiZoXZCDuiKY0=,7zACRls9q0kBnrWP4j00hcZ0jB0=
-3,20,VhUdlPE99IQv/rEiZoXZCDuiKY0=,AvrnaKOCmeH33wnzdMhzCYMIp+c=
-3,23,VhUdlPE99IQv/rEiZoXZCDuiKY0=,08ZvdG65Y1xWYbwq3PNv49EQoDM=
-3,22,VhUdlPE99IQv/rEiZoXZCDuiKY0=,HJTS5yC2FRCsQGB5Po/Csa6ioY0=
-3,17,VhUdlPE99IQv/rEiZoXZCDuiKY0=,ppuXTzldk1MoomU06x0Nv2GXUI0=
-3,16,VhUdlPE99IQv/rEiZoXZCDuiKY0=,HGbfedyHuqDoDZj3TdOUCZW1bzw=
-3,19,VhUdlPE99IQv/rEiZoXZCDuiKY0=,o/pa64fMNFqi9ZDxmzEnjdDweSs=
-3,18,VhUdlPE99IQv/rEiZoXZCDuiKY0=,ppuXTzldk1MoomU06x0Nv2GXUI0=
-3,13,VhUdlPE99IQv/rEiZoXZCDuiKY0=,SJvXnpgNSqDjQo6F0id9AdaG0G8=
-3,12,VhUdlPE99IQv/rEiZoXZCDuiKY0=,ZAeMTzBqOKsVVLFWBUwgSWTjQ8s=
-3,15,VhUdlPE99IQv/rEiZoXZCDuiKY0=,K8ehPGeAeM4rcVso0qb4OHWn42o=
-3,14,VhUdlPE99IQv/rEiZoXZCDuiKY0=,SJvXnpgNSqDjQo6F0id9AdaG0G8=
-3,9,VhUdlPE99IQv/rEiZoXZCDuiKY0=,Nj3ilSogTicx4i0xOTcaDNTuR3A=
-3,8,VhUdlPE99IQv/rEiZoXZCDuiKY0=,yP1kwULVGwkDKtomdqKbVwdam64=
-3,11,VhUdlPE99IQv/rEiZoXZCDuiKY0=,HolL4XAvo6iwiGfK6N3k21Tz+s4=
-3,10,VhUdlPE99IQv/rEiZoXZCDuiKY0=,y90GNegaAW6COFGo/7H69nSvJHM=
-3,5,VhUdlPE99IQv/rEiZoXZCDuiKY0=,8RmBXtNtudORhdVbkAQv7UXbfa4=
-3,4,VhUdlPE99IQv/rEiZoXZCDuiKY0=,l/HBsFGQzyoo8w9B8zAqOxxe+W8=
-3,7,VhUdlPE99IQv/rEiZoXZCDuiKY0=,FOW30P8zGAilE712vL6vDDrEbo4=
-3,6,VhUdlPE99IQv/rEiZoXZCDuiKY0=,Q/rROGc+FOL6yS4CAFDOgn9602g=
-3,1,VhUdlPE99IQv/rEiZoXZCDuiKY0=,ApkAYU/ZVpwahM8mofKT8Cf2mh0=
-3,0,VhUdlPE99IQv/rEiZoXZCDuiKY0=,1FhBWxqz7JJTGk/mzWKIUoqO8Po=
-3,3,VhUdlPE99IQv/rEiZoXZCDuiKY0=,LNLGbtbORKBIYSn93HswIMXmme0=
-3,2,VhUdlPE99IQv/rEiZoXZCDuiKY0=,ApkAYU/ZVpwahM8mofKT8Cf2mh0=
-2,28,VhUdlPE99IQv/rEiZoXZCDuiKY0=,BSAHFV9DKfJhYSyv82G8rylxKis=
-2,26,VhUdlPE99IQv/rEiZoXZCDuiKY0=,DKQfHNPiQQqAKFr1OqJwbC9hwEY=
-2,27,VhUdlPE99IQv/rEiZoXZCDuiKY0=,DKQfHNPiQQqAKFr1OqJwbC9hwEY=
-2,24,VhUdlPE99IQv/rEiZoXZCDuiKY0=,SRl1v9RdTHJJ/KSYzII2Jjap564=
-2,25,VhUdlPE99IQv/rEiZoXZCDuiKY0=,aSlL4uZAPbb1AzFdZtJJku6quTE=
-2,22,VhUdlPE99IQv/rEiZoXZCDuiKY0=,HUjNLegb1FjVEirvquAiW/05K3o=
-2,23,VhUdlPE99IQv/rEiZoXZCDuiKY0=,08ZvdG65Y1xWYbwq3PNv49EQoDM=
-2,20,VhUdlPE99IQv/rEiZoXZCDuiKY0=,f65XfdTyUvjB/T5ghhawjBXJbK0=
-2,21,VhUdlPE99IQv/rEiZoXZCDuiKY0=,f65XfdTyUvjB/T5ghhawjBXJbK0=
-2,18,VhUdlPE99IQv/rEiZoXZCDuiKY0=,3mbv41RuNlrWbClp1hHn/AJAIkc=
-2,19,VhUdlPE99IQv/rEiZoXZCDuiKY0=,2UH7SWFRFhjy8ntiOAGSfJJ5b30=
-2,16,VhUdlPE99IQv/rEiZoXZCDuiKY0=,cFRIehlmFdeWruApSPwYRZlpLbo=
-2,17,VhUdlPE99IQv/rEiZoXZCDuiKY0=,3mbv41RuNlrWbClp1hHn/AJAIkc=
-2,14,VhUdlPE99IQv/rEiZoXZCDuiKY0=,SJvXnpgNSqDjQo6F0id9AdaG0G8=
-2,15,VhUdlPE99IQv/rEiZoXZCDuiKY0=,K8ehPGeAeM4rcVso0qb4OHWn42o=
-2,12,VhUdlPE99IQv/rEiZoXZCDuiKY0=,ZAeMTzBqOKsVVLFWBUwgSWTjQ8s=
-2,13,VhUdlPE99IQv/rEiZoXZCDuiKY0=,SJvXnpgNSqDjQo6F0id9AdaG0G8=
-2,10,VhUdlPE99IQv/rEiZoXZCDuiKY0=,of1vcc2Ls167Huqu9G+hwK1Lf60=
-2,11,VhUdlPE99IQv/rEiZoXZCDuiKY0=,t9eLS9OPSZiMNCtnRbhLevxcoyA=
-2,8,VhUdlPE99IQv/rEiZoXZCDuiKY0=,K/Pk0WbZaV7gco2msKI4DvmlFSA=
-2,9,VhUdlPE99IQv/rEiZoXZCDuiKY0=,ba1dWYJrSFIm05oq//5CZfo1/xY=
-2,6,VhUdlPE99IQv/rEiZoXZCDuiKY0=,dbmram1XX2T0BgRjEeloCkF1/pc=
-2,7,VhUdlPE99IQv/rEiZoXZCDuiKY0=,FOW30P8zGAilE712vL6vDDrEbo4=
-2,4,VhUdlPE99IQv/rEiZoXZCDuiKY0=,Oyu8lqJM30jxdms4Q2QS4Lj0BbM=
-2,5,VhUdlPE99IQv/rEiZoXZCDuiKY0=,G1TMQPPwJzVfQgFDHSl8lvVg7N8=
-2,2,VhUdlPE99IQv/rEiZoXZCDuiKY0=,pd3437ghMAjh24dHpXmS1aovjQQ=
-2,3,VhUdlPE99IQv/rEiZoXZCDuiKY0=,OWlD6V+d+FHxZL2XqJ5VYcFyL34=
-2,0,VhUdlPE99IQv/rEiZoXZCDuiKY0=,rFrxa8hiokfaEf9Bo1BQcVi/q9Y=
-2,1,VhUdlPE99IQv/rEiZoXZCDuiKY0=,/JA7dQQvVcfLvyZqHBGPPJYtXW0=
-1,31,VhUdlPE99IQv/rEiZoXZCDuiKY0=,SRl1v9RdTHJJ/KSYzII2Jjap564=
-1,30,VhUdlPE99IQv/rEiZoXZCDuiKY0=,SRl1v9RdTHJJ/KSYzII2Jjap564=
-1,29,VhUdlPE99IQv/rEiZoXZCDuiKY0=,SRl1v9RdTHJJ/KSYzII2Jjap564=
-1,28,VhUdlPE99IQv/rEiZoXZCDuiKY0=,SRl1v9RdTHJJ/KSYzII2Jjap564=
-1,27,VhUdlPE99IQv/rEiZoXZCDuiKY0=,SRl1v9RdTHJJ/KSYzII2Jjap564=
-1,26,VhUdlPE99IQv/rEiZoXZCDuiKY0=,SRl1v9RdTHJJ/KSYzII2Jjap564=
-1,25,VhUdlPE99IQv/rEiZoXZCDuiKY0=,SRl1v9RdTHJJ/KSYzII2Jjap564=
-1,24,VhUdlPE99IQv/rEiZoXZCDuiKY0=,SRl1v9RdTHJJ/KSYzII2Jjap564=
-1,23,VhUdlPE99IQv/rEiZoXZCDuiKY0=,E7emDvgDzy6foYZV5tFN0rSiTE4=
-1,22,VhUdlPE99IQv/rEiZoXZCDuiKY0=,7YtAyjI2vuozlMje+ref0AGqDTA=
-1,21,VhUdlPE99IQv/rEiZoXZCDuiKY0=,OWkky6lH+YBXGen6ki5PVH1SQv0=
-1,20,VhUdlPE99IQv/rEiZoXZCDuiKY0=,OWkky6lH+YBXGen6ki5PVH1SQv0=
-1,19,VhUdlPE99IQv/rEiZoXZCDuiKY0=,l1NW8uK1G26kbRtX8bLu20G5SpQ=
-1,18,VhUdlPE99IQv/rEiZoXZCDuiKY0=,N4QIUKqJRgW4vSoydIfZiRMMkWc=
-1,17,VhUdlPE99IQv/rEiZoXZCDuiKY0=,N4QIUKqJRgW4vSoydIfZiRMMkWc=
-1,16,VhUdlPE99IQv/rEiZoXZCDuiKY0=,iwEw7mrszqcAeuMrB3iPMBkG6s4=
-1,15,VhUdlPE99IQv/rEiZoXZCDuiKY0=,ocN9WYD1Qo0Dts38uJrHNVkjvfQ=
-1,14,VhUdlPE99IQv/rEiZoXZCDuiKY0=,HPzmSjzoSvU54oNdrhRpk85xfIk=
-1,13,VhUdlPE99IQv/rEiZoXZCDuiKY0=,HPzmSjzoSvU54oNdrhRpk85xfIk=
-1,12,VhUdlPE99IQv/rEiZoXZCDuiKY0=,6gWlr+rhTye+ECjYWtgYSzQ/uuw=
-1,11,VhUdlPE99IQv/rEiZoXZCDuiKY0=,rYyN0pr1S51gXD0hhWSB4lUIa+M=
-1,10,VhUdlPE99IQv/rEiZoXZCDuiKY0=,rYyN0pr1S51gXD0hhWSB4lUIa+M=
-1,9,VhUdlPE99IQv/rEiZoXZCDuiKY0=,rYyN0pr1S51gXD0hhWSB4lUIa+M=
-1,8,VhUdlPE99IQv/rEiZoXZCDuiKY0=,l+bwILI4CmTaPOoXnzjBjHgSBDg=
-1,7,VhUdlPE99IQv/rEiZoXZCDuiKY0=,0iwWl0xhzbPnu88bPxvaJPrUH8c=
-1,6,VhUdlPE99IQv/rEiZoXZCDuiKY0=,mv6tkB2aUekLycPCBSA1qPv6hms=
-1,5,VhUdlPE99IQv/rEiZoXZCDuiKY0=,mTflBsx3k/Y/qs94lZIea0hI+Jg=
-1,4,VhUdlPE99IQv/rEiZoXZCDuiKY0=,gL99tdT+Sb/vsA5oWw4swmXxVMo=
-1,3,VhUdlPE99IQv/rEiZoXZCDuiKY0=,gL99tdT+Sb/vsA5oWw4swmXxVMo=
-1,2,VhUdlPE99IQv/rEiZoXZCDuiKY0=,gL99tdT+Sb/vsA5oWw4swmXxVMo=
-1,1,VhUdlPE99IQv/rEiZoXZCDuiKY0=,Vz8q5waeIMAu6wWsZSPzHrrdm8I=
-1,0,VhUdlPE99IQv/rEiZoXZCDuiKY0=,KH56sZ9vAvdNIxsV3oaY6Ki5ddw=
