-19,1,mn1jY9ErnrP3az26qhxwhFmwOrg=,mCttR0yjjqqLMQfZ7xyyFQ8qYGw=
-19,2,mn1jY9ErnrP3az26qhxwhFmwOrg=,hPkEz18FbZbbIqzMCIBEZsrbEtk=
-18,1,mn1jY9ErnrP3az26qhxwhFmwOrg=,ItiuVY8giQuNloxaAk9WQwm3Wr0=
-18,2,mn1jY9ErnrP3az26qhxwhFmwOrg=,6uaIrc4Iuj36Ad30N8gd5/x4CZQ=
-18,4,mn1jY9ErnrP3az26qhxwhFmwOrg=,8X2QYlDbK+dvu3hTTTFbAmGyCo0=
-19,4,mn1jY9ErnrP3az26qhxwhFmwOrg=,XlGCvtbbLcTOaaskbBrVJhDo3Jg=
-21,0,mn1jY9ErnrP3az26qhxwhFmwOrg=,btNPfvpoNnZIiV4bY0XAucOMwKc=
-20,0,mn1jY9ErnrP3az26qhxwhFmwOrg=,mCttR0yjjqqLMQfZ7xyyFQ8qYGw=
-19,3,mn1jY9ErnrP3az26qhxwhFmwOrg=,hPkEz18FbZbbIqzMCIBEZsrbEtk=
-18,3,mn1jY9ErnrP3az26qhxwhFmwOrg=,6uaIrc4Iuj36Ad30N8gd5/x4CZQ=
-26,2,mn1jY9ErnrP3az26qhxwhFmwOrg=,BQ08//RAB/PxR19OA/DtTs+ijdM=
-26,0,mn1jY9ErnrP3az26qhxwhFmwOrg=,rhGAImcWVVJ+QnM1IyEvptOU750=
-26,1,mn1jY9ErnrP3az26qhxwhFmwOrg=,rhGAImcWVVJ+QnM1IyEvptOU750=
-24,0,mn1jY9ErnrP3az26qhxwhFmwOrg=,jFJqlwwQZcC2SlDvqyN8+TIi1sk=
-23,0,mn1jY9ErnrP3az26qhxwhFmwOrg=,jFJqlwwQZcC2SlDvqyN8+TIi1sk=
-25,0,mn1jY9ErnrP3az26qhxwhFmwOrg=,rhGAImcWVVJ+QnM1IyEvptOU750=
-24,2,mn1jY9ErnrP3az26qhxwhFmwOrg=,sf7gIbgQClwP9aiP+KzI1EBZxO4=
-24,1,mn1jY9ErnrP3az26qhxwhFmwOrg=,jFJqlwwQZcC2SlDvqyN8+TIi1sk=
-22,0,mn1jY9ErnrP3az26qhxwhFmwOrg=,btNPfvpoNnZIiV4bY0XAucOMwKc=
-25,2,mn1jY9ErnrP3az26qhxwhFmwOrg=,BQ08//RAB/PxR19OA/DtTs+ijdM=
-17,1,mn1jY9ErnrP3az26qhxwhFmwOrg=,ItiuVY8giQuNloxaAk9WQwm3Wr0=
-25,1,mn1jY9ErnrP3az26qhxwhFmwOrg=,rhGAImcWVVJ+QnM1IyEvptOU750=
-22,3,mn1jY9ErnrP3az26qhxwhFmwOrg=,YpZ2t1M4QNa5/772S528w5DEZGw=
-24,3,mn1jY9ErnrP3az26qhxwhFmwOrg=,sf7gIbgQClwP9aiP+KzI1EBZxO4=
-25,3,mn1jY9ErnrP3az26qhxwhFmwOrg=,BQ08//RAB/PxR19OA/DtTs+ijdM=
-26,3,mn1jY9ErnrP3az26qhxwhFmwOrg=,BQ08//RAB/PxR19OA/DtTs+ijdM=
-22,1,mn1jY9ErnrP3az26qhxwhFmwOrg=,btNPfvpoNnZIiV4bY0XAucOMwKc=
-19,5,mn1jY9ErnrP3az26qhxwhFmwOrg=,XlGCvtbbLcTOaaskbBrVJhDo3Jg=
-18,5,mn1jY9ErnrP3az26qhxwhFmwOrg=,8X2QYlDbK+dvu3hTTTFbAmGyCo0=
-20,3,mn1jY9ErnrP3az26qhxwhFmwOrg=,hPkEz18FbZbbIqzMCIBEZsrbEtk=
-20,4,mn1jY9ErnrP3az26qhxwhFmwOrg=,XlGCvtbbLcTOaaskbBrVJhDo3Jg=
-22,2,mn1jY9ErnrP3az26qhxwhFmwOrg=,YpZ2t1M4QNa5/772S528w5DEZGw=
-17,5,mn1jY9ErnrP3az26qhxwhFmwOrg=,8X2QYlDbK+dvu3hTTTFbAmGyCo0=
-23,3,mn1jY9ErnrP3az26qhxwhFmwOrg=,sf7gIbgQClwP9aiP+KzI1EBZxO4=
-23,1,mn1jY9ErnrP3az26qhxwhFmwOrg=,jFJqlwwQZcC2SlDvqyN8+TIi1sk=
-20,2,mn1jY9ErnrP3az26qhxwhFmwOrg=,hPkEz18FbZbbIqzMCIBEZsrbEtk=
-23,2,mn1jY9ErnrP3az26qhxwhFmwOrg=,sf7gIbgQClwP9aiP+KzI1EBZxO4=
-22,5,mn1jY9ErnrP3az26qhxwhFmwOrg=,LMfEO2HLJsg1wziWBao9EWM91xs=
-21,2,mn1jY9ErnrP3az26qhxwhFmwOrg=,YpZ2t1M4QNa5/772S528w5DEZGw=
-18,0,mn1jY9ErnrP3az26qhxwhFmwOrg=,ItiuVY8giQuNloxaAk9WQwm3Wr0=
-19,0,mn1jY9ErnrP3az26qhxwhFmwOrg=,mCttR0yjjqqLMQfZ7xyyFQ8qYGw=
-17,0,mn1jY9ErnrP3az26qhxwhFmwOrg=,ItiuVY8giQuNloxaAk9WQwm3Wr0=
-21,3,mn1jY9ErnrP3az26qhxwhFmwOrg=,YpZ2t1M4QNa5/772S528w5DEZGw=
-17,2,mn1jY9ErnrP3az26qhxwhFmwOrg=,6uaIrc4Iuj36Ad30N8gd5/x4CZQ=
-17,4,mn1jY9ErnrP3az26qhxwhFmwOrg=,8X2QYlDbK+dvu3hTTTFbAmGyCo0=
-20,5,mn1jY9ErnrP3az26qhxwhFmwOrg=,XlGCvtbbLcTOaaskbBrVJhDo3Jg=
-22,4,mn1jY9ErnrP3az26qhxwhFmwOrg=,LMfEO2HLJsg1wziWBao9EWM91xs=
-21,1,mn1jY9ErnrP3az26qhxwhFmwOrg=,btNPfvpoNnZIiV4bY0XAucOMwKc=
-21,5,mn1jY9ErnrP3az26qhxwhFmwOrg=,LMfEO2HLJsg1wziWBao9EWM91xs=
-21,4,mn1jY9ErnrP3az26qhxwhFmwOrg=,LMfEO2HLJsg1wziWBao9EWM91xs=
-17,3,mn1jY9ErnrP3az26qhxwhFmwOrg=,6uaIrc4Iuj36Ad30N8gd5/x4CZQ=
-27,14,mn1jY9ErnrP3az26qhxwhFmwOrg=,jzNS+u/sPt0vBu/5gExG610GgVc=
-28,15,mn1jY9ErnrP3az26qhxwhFmwOrg=,jzNS+u/sPt0vBu/5gExG610GgVc=
-20,1,mn1jY9ErnrP3az26qhxwhFmwOrg=,mCttR0yjjqqLMQfZ7xyyFQ8qYGw=
-27,15,mn1jY9ErnrP3az26qhxwhFmwOrg=,jzNS+u/sPt0vBu/5gExG610GgVc=
-28,14,mn1jY9ErnrP3az26qhxwhFmwOrg=,jzNS+u/sPt0vBu/5gExG610GgVc=
-23,20,mn1jY9ErnrP3az26qhxwhFmwOrg=,MQzh50z8Tx61HBDGOHqmkJKe4FM=
-23,19,mn1jY9ErnrP3az26qhxwhFmwOrg=,GpbZPnbOFwG46z9Lt2PFoj0Bz0U=
-22,19,mn1jY9ErnrP3az26qhxwhFmwOrg=,QPcHaDk65mh+zxVQ+FQLYwRraIE=
-20,20,mn1jY9ErnrP3az26qhxwhFmwOrg=,VARxHKFt41U2QwBwpQQpSVap+1E=
-21,19,mn1jY9ErnrP3az26qhxwhFmwOrg=,QPcHaDk65mh+zxVQ+FQLYwRraIE=
-21,18,mn1jY9ErnrP3az26qhxwhFmwOrg=,QPcHaDk65mh+zxVQ+FQLYwRraIE=
-20,18,mn1jY9ErnrP3az26qhxwhFmwOrg=,K1h4n9cbR9mutEVw1mLG1kBmjwk=
-18,20,mn1jY9ErnrP3az26qhxwhFmwOrg=,7YL0UjhWvfynp7+dPRALFuLybwE=
-19,20,mn1jY9ErnrP3az26qhxwhFmwOrg=,VARxHKFt41U2QwBwpQQpSVap+1E=
-20,19,mn1jY9ErnrP3az26qhxwhFmwOrg=,K1h4n9cbR9mutEVw1mLG1kBmjwk=
-18,19,mn1jY9ErnrP3az26qhxwhFmwOrg=,+yYE+5AkJ4RMXf7HTr2/8KrGJE8=
-18,21,mn1jY9ErnrP3az26qhxwhFmwOrg=,7YL0UjhWvfynp7+dPRALFuLybwE=
-19,21,mn1jY9ErnrP3az26qhxwhFmwOrg=,VARxHKFt41U2QwBwpQQpSVap+1E=
-19,19,mn1jY9ErnrP3az26qhxwhFmwOrg=,K1h4n9cbR9mutEVw1mLG1kBmjwk=
-26,20,mn1jY9ErnrP3az26qhxwhFmwOrg=,oidMILhsraC8i8vCJb3sQYe+6NI=
-26,17,mn1jY9ErnrP3az26qhxwhFmwOrg=,6lRJW5bf4hGvCerFJGGnzwGdxW4=
-26,18,mn1jY9ErnrP3az26qhxwhFmwOrg=,PGfW10ndBheLCX99IUlM6Fwqf0s=
-26,19,mn1jY9ErnrP3az26qhxwhFmwOrg=,PGfW10ndBheLCX99IUlM6Fwqf0s=
-25,20,mn1jY9ErnrP3az26qhxwhFmwOrg=,oidMILhsraC8i8vCJb3sQYe+6NI=
-24,20,mn1jY9ErnrP3az26qhxwhFmwOrg=,MQzh50z8Tx61HBDGOHqmkJKe4FM=
-24,19,mn1jY9ErnrP3az26qhxwhFmwOrg=,GpbZPnbOFwG46z9Lt2PFoj0Bz0U=
-27,17,mn1jY9ErnrP3az26qhxwhFmwOrg=,djdEN7JchCHsWsRGyjxLNqjkg20=
-25,19,mn1jY9ErnrP3az26qhxwhFmwOrg=,PGfW10ndBheLCX99IUlM6Fwqf0s=
-24,16,mn1jY9ErnrP3az26qhxwhFmwOrg=,0LfMWl2wY2AuFHBtq2tnsqL1R5s=
-23,17,mn1jY9ErnrP3az26qhxwhFmwOrg=,0LfMWl2wY2AuFHBtq2tnsqL1R5s=
-22,18,mn1jY9ErnrP3az26qhxwhFmwOrg=,QPcHaDk65mh+zxVQ+FQLYwRraIE=
-23,18,mn1jY9ErnrP3az26qhxwhFmwOrg=,GpbZPnbOFwG46z9Lt2PFoj0Bz0U=
-25,17,mn1jY9ErnrP3az26qhxwhFmwOrg=,6lRJW5bf4hGvCerFJGGnzwGdxW4=
-23,16,mn1jY9ErnrP3az26qhxwhFmwOrg=,0LfMWl2wY2AuFHBtq2tnsqL1R5s=
-25,16,mn1jY9ErnrP3az26qhxwhFmwOrg=,6lRJW5bf4hGvCerFJGGnzwGdxW4=
-25,18,mn1jY9ErnrP3az26qhxwhFmwOrg=,PGfW10ndBheLCX99IUlM6Fwqf0s=
-24,18,mn1jY9ErnrP3az26qhxwhFmwOrg=,GpbZPnbOFwG46z9Lt2PFoj0Bz0U=
-24,17,mn1jY9ErnrP3az26qhxwhFmwOrg=,0LfMWl2wY2AuFHBtq2tnsqL1R5s=
-17,19,mn1jY9ErnrP3az26qhxwhFmwOrg=,+yYE+5AkJ4RMXf7HTr2/8KrGJE8=
-17,20,mn1jY9ErnrP3az26qhxwhFmwOrg=,7YL0UjhWvfynp7+dPRALFuLybwE=
-20,21,mn1jY9ErnrP3az26qhxwhFmwOrg=,VARxHKFt41U2QwBwpQQpSVap+1E=
-23,21,mn1jY9ErnrP3az26qhxwhFmwOrg=,MQzh50z8Tx61HBDGOHqmkJKe4FM=
-28,17,mn1jY9ErnrP3az26qhxwhFmwOrg=,djdEN7JchCHsWsRGyjxLNqjkg20=
-28,25,mn1jY9ErnrP3az26qhxwhFmwOrg=,nqomBsNY3J5K1XK1bgcFAlq1iC8=
-27,25,mn1jY9ErnrP3az26qhxwhFmwOrg=,nqomBsNY3J5K1XK1bgcFAlq1iC8=
-25,25,mn1jY9ErnrP3az26qhxwhFmwOrg=,77Tk1xKfStLm+Ib47SZtqyVU+cM=
-26,25,mn1jY9ErnrP3az26qhxwhFmwOrg=,77Tk1xKfStLm+Ib47SZtqyVU+cM=
-27,16,mn1jY9ErnrP3az26qhxwhFmwOrg=,djdEN7JchCHsWsRGyjxLNqjkg20=
-28,16,mn1jY9ErnrP3az26qhxwhFmwOrg=,djdEN7JchCHsWsRGyjxLNqjkg20=
-17,18,mn1jY9ErnrP3az26qhxwhFmwOrg=,+yYE+5AkJ4RMXf7HTr2/8KrGJE8=
-26,16,mn1jY9ErnrP3az26qhxwhFmwOrg=,6lRJW5bf4hGvCerFJGGnzwGdxW4=
-17,21,mn1jY9ErnrP3az26qhxwhFmwOrg=,7YL0UjhWvfynp7+dPRALFuLybwE=
-18,18,mn1jY9ErnrP3az26qhxwhFmwOrg=,+yYE+5AkJ4RMXf7HTr2/8KrGJE8=
-19,18,mn1jY9ErnrP3az26qhxwhFmwOrg=,K1h4n9cbR9mutEVw1mLG1kBmjwk=
-25,24,mn1jY9ErnrP3az26qhxwhFmwOrg=,77Tk1xKfStLm+Ib47SZtqyVU+cM=
-24,21,mn1jY9ErnrP3az26qhxwhFmwOrg=,MQzh50z8Tx61HBDGOHqmkJKe4FM=
-25,21,mn1jY9ErnrP3az26qhxwhFmwOrg=,oidMILhsraC8i8vCJb3sQYe+6NI=
-28,24,mn1jY9ErnrP3az26qhxwhFmwOrg=,nqomBsNY3J5K1XK1bgcFAlq1iC8=
-27,24,mn1jY9ErnrP3az26qhxwhFmwOrg=,nqomBsNY3J5K1XK1bgcFAlq1iC8=
-28,22,mn1jY9ErnrP3az26qhxwhFmwOrg=,DjjGthYavwtdEZ/3C+GXZgJV1rM=
-25,22,mn1jY9ErnrP3az26qhxwhFmwOrg=,JiwtnTvvFy2I6t8DMEOtY2UZauE=
-26,22,mn1jY9ErnrP3az26qhxwhFmwOrg=,JiwtnTvvFy2I6t8DMEOtY2UZauE=
-25,23,mn1jY9ErnrP3az26qhxwhFmwOrg=,JiwtnTvvFy2I6t8DMEOtY2UZauE=
-27,22,mn1jY9ErnrP3az26qhxwhFmwOrg=,DjjGthYavwtdEZ/3C+GXZgJV1rM=
-26,24,mn1jY9ErnrP3az26qhxwhFmwOrg=,77Tk1xKfStLm+Ib47SZtqyVU+cM=
-26,21,mn1jY9ErnrP3az26qhxwhFmwOrg=,oidMILhsraC8i8vCJb3sQYe+6NI=
-26,23,mn1jY9ErnrP3az26qhxwhFmwOrg=,JiwtnTvvFy2I6t8DMEOtY2UZauE=
-27,23,mn1jY9ErnrP3az26qhxwhFmwOrg=,DjjGthYavwtdEZ/3C+GXZgJV1rM=
-28,23,mn1jY9ErnrP3az26qhxwhFmwOrg=,DjjGthYavwtdEZ/3C+GXZgJV1rM=
-5,6,3L9PLE2iF+UK8kDNRjWopGuReyc=,getdqduwvTCi76xbVWTrKnGXYnc=
-5,5,3L9PLE2iF+UK8kDNRjWopGuReyc=,7ECSMVJLLKlUnXzG26MW0d5BDuA=
-4,5,3L9PLE2iF+UK8kDNRjWopGuReyc=,gW9hHo38LmgT7O7wXIS91uDxo4Q=
-4,6,3L9PLE2iF+UK8kDNRjWopGuReyc=,+JYruF+ePrwP4Kdxb7UiQ+uP5VU=
-4,8,3L9PLE2iF+UK8kDNRjWopGuReyc=,vebD9lQ06+9H0BknWQdrE6Qwfh0=
-5,8,3L9PLE2iF+UK8kDNRjWopGuReyc=,Q4lVHXztrfH+k63yDkYZ9GSQPG8=
-5,7,3L9PLE2iF+UK8kDNRjWopGuReyc=,getdqduwvTCi76xbVWTrKnGXYnc=
-4,7,3L9PLE2iF+UK8kDNRjWopGuReyc=,+JYruF+ePrwP4Kdxb7UiQ+uP5VU=
-6,6,3L9PLE2iF+UK8kDNRjWopGuReyc=,getdqduwvTCi76xbVWTrKnGXYnc=
-6,8,3L9PLE2iF+UK8kDNRjWopGuReyc=,Q4lVHXztrfH+k63yDkYZ9GSQPG8=
-6,7,3L9PLE2iF+UK8kDNRjWopGuReyc=,getdqduwvTCi76xbVWTrKnGXYnc=
-7,5,3L9PLE2iF+UK8kDNRjWopGuReyc=,WHFMfXD47dDnkAd1B8nRBWBRN5w=
-7,6,3L9PLE2iF+UK8kDNRjWopGuReyc=,IXTX6Qdteb8QnzBkYdFGQ8pWiTI=
-7,8,3L9PLE2iF+UK8kDNRjWopGuReyc=,sLIlBpSFf8GmC2RIYj2oXgd4T3s=
-7,7,3L9PLE2iF+UK8kDNRjWopGuReyc=,IXTX6Qdteb8QnzBkYdFGQ8pWiTI=
-6,5,3L9PLE2iF+UK8kDNRjWopGuReyc=,7ECSMVJLLKlUnXzG26MW0d5BDuA=
-8,6,3L9PLE2iF+UK8kDNRjWopGuReyc=,IXTX6Qdteb8QnzBkYdFGQ8pWiTI=
-9,5,3L9PLE2iF+UK8kDNRjWopGuReyc=,96kymgT0022hnBMUfySc3t0F9WE=
-8,5,3L9PLE2iF+UK8kDNRjWopGuReyc=,WHFMfXD47dDnkAd1B8nRBWBRN5w=
-9,6,3L9PLE2iF+UK8kDNRjWopGuReyc=,lkLBpT772xtNyYMG7XvGJfR9A/c=
-10,3,3L9PLE2iF+UK8kDNRjWopGuReyc=,dYWnVKrDKAAPhT1Mr4Fsr9G9iYE=
-11,3,3L9PLE2iF+UK8kDNRjWopGuReyc=,c3ZZkYIH4Jhb3bzRt/cAbgKlas8=
-10,4,3L9PLE2iF+UK8kDNRjWopGuReyc=,96kymgT0022hnBMUfySc3t0F9WE=
-11,4,3L9PLE2iF+UK8kDNRjWopGuReyc=,it+fUhHlq8AtdbPk/vjmWZGjBpc=
-11,2,3L9PLE2iF+UK8kDNRjWopGuReyc=,c3ZZkYIH4Jhb3bzRt/cAbgKlas8=
-12,3,3L9PLE2iF+UK8kDNRjWopGuReyc=,c3ZZkYIH4Jhb3bzRt/cAbgKlas8=
-12,4,3L9PLE2iF+UK8kDNRjWopGuReyc=,it+fUhHlq8AtdbPk/vjmWZGjBpc=
-13,4,3L9PLE2iF+UK8kDNRjWopGuReyc=,4U9hVwUs1o+YCyiVTiI/A0nGhbI=
-11,1,3L9PLE2iF+UK8kDNRjWopGuReyc=,KboR6RmaYC6xzr07qnx/e31+6mM=
-13,3,jGE+MmtAOvr4FhwLLx2HWIVOowk=,PmM6lQX4YbuWuLtosspg+lgUoag=
-10,1,jGE+MmtAOvr4FhwLLx2HWIVOowk=,GbpJe5AvvHbVlHhbqCcfg1xCP8s=
-12,1,jGE+MmtAOvr4FhwLLx2HWIVOowk=,KboR6RmaYC6xzr07qnx/e31+6mM=
-10,2,jGE+MmtAOvr4FhwLLx2HWIVOowk=,dYWnVKrDKAAPhT1Mr4Fsr9G9iYE=
-12,2,jGE+MmtAOvr4FhwLLx2HWIVOowk=,c3ZZkYIH4Jhb3bzRt/cAbgKlas8=
-13,2,jGE+MmtAOvr4FhwLLx2HWIVOowk=,PmM6lQX4YbuWuLtosspg+lgUoag=
-13,1,jGE+MmtAOvr4FhwLLx2HWIVOowk=,tU5FV3iMDQNDKIFEULvY3zB4T/w=
-13,0,jGE+MmtAOvr4FhwLLx2HWIVOowk=,tU5FV3iMDQNDKIFEULvY3zB4T/w=
-10,0,jGE+MmtAOvr4FhwLLx2HWIVOowk=,GbpJe5AvvHbVlHhbqCcfg1xCP8s=
-12,0,jGE+MmtAOvr4FhwLLx2HWIVOowk=,KboR6RmaYC6xzr07qnx/e31+6mM=
-11,0,jGE+MmtAOvr4FhwLLx2HWIVOowk=,KboR6RmaYC6xzr07qnx/e31+6mM=
-16,3,jGE+MmtAOvr4FhwLLx2HWIVOowk=,CTdab57Yz4XG/EdZuv4TPkzoUGg=
-14,4,jGE+MmtAOvr4FhwLLx2HWIVOowk=,4U9hVwUs1o+YCyiVTiI/A0nGhbI=
-16,4,jGE+MmtAOvr4FhwLLx2HWIVOowk=,nwo8qYFmcuIHwhaXlsBek/e5LDs=
-15,4,jGE+MmtAOvr4FhwLLx2HWIVOowk=,nwo8qYFmcuIHwhaXlsBek/e5LDs=
-14,5,jGE+MmtAOvr4FhwLLx2HWIVOowk=,4U9hVwUs1o+YCyiVTiI/A0nGhbI=
-15,5,jGE+MmtAOvr4FhwLLx2HWIVOowk=,nwo8qYFmcuIHwhaXlsBek/e5LDs=
-15,3,jGE+MmtAOvr4FhwLLx2HWIVOowk=,CTdab57Yz4XG/EdZuv4TPkzoUGg=
-14,3,jGE+MmtAOvr4FhwLLx2HWIVOowk=,PmM6lQX4YbuWuLtosspg+lgUoag=
-16,1,jGE+MmtAOvr4FhwLLx2HWIVOowk=,Zdde+XPeOpz4MW0Ot0NO2+p883Y=
-15,0,jGE+MmtAOvr4FhwLLx2HWIVOowk=,Zdde+XPeOpz4MW0Ot0NO2+p883Y=
-14,1,jGE+MmtAOvr4FhwLLx2HWIVOowk=,tU5FV3iMDQNDKIFEULvY3zB4T/w=
-15,1,jGE+MmtAOvr4FhwLLx2HWIVOowk=,Zdde+XPeOpz4MW0Ot0NO2+p883Y=
-14,0,jGE+MmtAOvr4FhwLLx2HWIVOowk=,tU5FV3iMDQNDKIFEULvY3zB4T/w=
-16,2,jGE+MmtAOvr4FhwLLx2HWIVOowk=,CTdab57Yz4XG/EdZuv4TPkzoUGg=
-14,2,jGE+MmtAOvr4FhwLLx2HWIVOowk=,PmM6lQX4YbuWuLtosspg+lgUoag=
-15,2,jGE+MmtAOvr4FhwLLx2HWIVOowk=,CTdab57Yz4XG/EdZuv4TPkzoUGg=
-9,0,jGE+MmtAOvr4FhwLLx2HWIVOowk=,GbpJe5AvvHbVlHhbqCcfg1xCP8s=
-8,0,jGE+MmtAOvr4FhwLLx2HWIVOowk=,C7L16sOWijZ3WezDi5HAc3+Vn8U=
-9,1,jGE+MmtAOvr4FhwLLx2HWIVOowk=,GbpJe5AvvHbVlHhbqCcfg1xCP8s=
-8,1,jGE+MmtAOvr4FhwLLx2HWIVOowk=,C7L16sOWijZ3WezDi5HAc3+Vn8U=
-8,2,jGE+MmtAOvr4FhwLLx2HWIVOowk=,8xI9fSJTehSkbutZR8Nt9e3pHy8=
-9,4,jGE+MmtAOvr4FhwLLx2HWIVOowk=,96kymgT0022hnBMUfySc3t0F9WE=
-8,4,jGE+MmtAOvr4FhwLLx2HWIVOowk=,WHFMfXD47dDnkAd1B8nRBWBRN5w=
-6,3,jGE+MmtAOvr4FhwLLx2HWIVOowk=,OYJDJN42fnKc2ivwmbp8YBglwQs=
-9,2,jGE+MmtAOvr4FhwLLx2HWIVOowk=,dYWnVKrDKAAPhT1Mr4Fsr9G9iYE=
-7,4,jGE+MmtAOvr4FhwLLx2HWIVOowk=,WHFMfXD47dDnkAd1B8nRBWBRN5w=
-9,3,jGE+MmtAOvr4FhwLLx2HWIVOowk=,dYWnVKrDKAAPhT1Mr4Fsr9G9iYE=
-7,3,jGE+MmtAOvr4FhwLLx2HWIVOowk=,8xI9fSJTehSkbutZR8Nt9e3pHy8=
-6,4,jGE+MmtAOvr4FhwLLx2HWIVOowk=,7ECSMVJLLKlUnXzG26MW0d5BDuA=
-8,3,jGE+MmtAOvr4FhwLLx2HWIVOowk=,8xI9fSJTehSkbutZR8Nt9e3pHy8=
-6,1,jGE+MmtAOvr4FhwLLx2HWIVOowk=,LIzRYyOCVCfxtfsK2HzCEwM8WwU=
-6,2,jGE+MmtAOvr4FhwLLx2HWIVOowk=,OYJDJN42fnKc2ivwmbp8YBglwQs=
-7,1,jGE+MmtAOvr4FhwLLx2HWIVOowk=,C7L16sOWijZ3WezDi5HAc3+Vn8U=
-7,2,jGE+MmtAOvr4FhwLLx2HWIVOowk=,8xI9fSJTehSkbutZR8Nt9e3pHy8=
-4,4,jGE+MmtAOvr4FhwLLx2HWIVOowk=,gW9hHo38LmgT7O7wXIS91uDxo4Q=
-5,4,jGE+MmtAOvr4FhwLLx2HWIVOowk=,7ECSMVJLLKlUnXzG26MW0d5BDuA=
-5,3,jGE+MmtAOvr4FhwLLx2HWIVOowk=,OYJDJN42fnKc2ivwmbp8YBglwQs=
-4,3,jGE+MmtAOvr4FhwLLx2HWIVOowk=,DJ5ccoMOeOVa3F/6cFLzNvLcEZs=
-4,2,jGE+MmtAOvr4FhwLLx2HWIVOowk=,DJ5ccoMOeOVa3F/6cFLzNvLcEZs=
-4,1,jGE+MmtAOvr4FhwLLx2HWIVOowk=,X10FxW5PCenMOYhK1cEXMQQV908=
-5,2,jGE+MmtAOvr4FhwLLx2HWIVOowk=,OYJDJN42fnKc2ivwmbp8YBglwQs=
-5,1,jGE+MmtAOvr4FhwLLx2HWIVOowk=,LIzRYyOCVCfxtfsK2HzCEwM8WwU=
-3,2,jGE+MmtAOvr4FhwLLx2HWIVOowk=,DJ5ccoMOeOVa3F/6cFLzNvLcEZs=
-3,1,jGE+MmtAOvr4FhwLLx2HWIVOowk=,X10FxW5PCenMOYhK1cEXMQQV908=
-2,1,jGE+MmtAOvr4FhwLLx2HWIVOowk=,V9KjxgxQ0/QBmI5qvfyUzf6Ivlo=
-2,2,jGE+MmtAOvr4FhwLLx2HWIVOowk=,aBr0dz825S9qB+MdMaQ8f/zdKno=
-3,4,jGE+MmtAOvr4FhwLLx2HWIVOowk=,gW9hHo38LmgT7O7wXIS91uDxo4Q=
-1,4,jGE+MmtAOvr4FhwLLx2HWIVOowk=,a3oye3spDPAff9VESfkVljjp2Jk=
-2,4,jGE+MmtAOvr4FhwLLx2HWIVOowk=,a3oye3spDPAff9VESfkVljjp2Jk=
-1,3,jGE+MmtAOvr4FhwLLx2HWIVOowk=,aBr0dz825S9qB+MdMaQ8f/zdKno=
-2,3,jGE+MmtAOvr4FhwLLx2HWIVOowk=,aBr0dz825S9qB+MdMaQ8f/zdKno=
-3,3,jGE+MmtAOvr4FhwLLx2HWIVOowk=,DJ5ccoMOeOVa3F/6cFLzNvLcEZs=
-1,2,jGE+MmtAOvr4FhwLLx2HWIVOowk=,aBr0dz825S9qB+MdMaQ8f/zdKno=
-1,1,jGE+MmtAOvr4FhwLLx2HWIVOowk=,V9KjxgxQ0/QBmI5qvfyUzf6Ivlo=
-4,9,jGE+MmtAOvr4FhwLLx2HWIVOowk=,vebD9lQ06+9H0BknWQdrE6Qwfh0=
-5,9,jGE+MmtAOvr4FhwLLx2HWIVOowk=,Q4lVHXztrfH+k63yDkYZ9GSQPG8=
-2,12,jGE+MmtAOvr4FhwLLx2HWIVOowk=,wEaMq02ExIsTmRQIjwK0jBcbrP0=
-1,12,jGE+MmtAOvr4FhwLLx2HWIVOowk=,wEaMq02ExIsTmRQIjwK0jBcbrP0=
-2,13,jGE+MmtAOvr4FhwLLx2HWIVOowk=,wEaMq02ExIsTmRQIjwK0jBcbrP0=
-1,13,jGE+MmtAOvr4FhwLLx2HWIVOowk=,wEaMq02ExIsTmRQIjwK0jBcbrP0=
-2,11,jGE+MmtAOvr4FhwLLx2HWIVOowk=,nMUrM8p1aNqLZjd1/Sx98byi+SY=
-1,11,jGE+MmtAOvr4FhwLLx2HWIVOowk=,nMUrM8p1aNqLZjd1/Sx98byi+SY=
-2,9,jGE+MmtAOvr4FhwLLx2HWIVOowk=,VilTJxJsNAybGh1r3E7U9R13T9c=
-3,9,jGE+MmtAOvr4FhwLLx2HWIVOowk=,vebD9lQ06+9H0BknWQdrE6Qwfh0=
-1,9,jGE+MmtAOvr4FhwLLx2HWIVOowk=,VilTJxJsNAybGh1r3E7U9R13T9c=
-2,10,jGE+MmtAOvr4FhwLLx2HWIVOowk=,nMUrM8p1aNqLZjd1/Sx98byi+SY=
-1,10,jGE+MmtAOvr4FhwLLx2HWIVOowk=,nMUrM8p1aNqLZjd1/Sx98byi+SY=
-7,0,jGE+MmtAOvr4FhwLLx2HWIVOowk=,C7L16sOWijZ3WezDi5HAc3+Vn8U=
-4,0,jGE+MmtAOvr4FhwLLx2HWIVOowk=,X10FxW5PCenMOYhK1cEXMQQV908=
-6,0,jGE+MmtAOvr4FhwLLx2HWIVOowk=,LIzRYyOCVCfxtfsK2HzCEwM8WwU=
-2,8,jGE+MmtAOvr4FhwLLx2HWIVOowk=,VilTJxJsNAybGh1r3E7U9R13T9c=
-12,6,jGE+MmtAOvr4FhwLLx2HWIVOowk=,rCXCowYxjUIsWMEYlWwxeougp/k=
-10,6,jGE+MmtAOvr4FhwLLx2HWIVOowk=,lkLBpT772xtNyYMG7XvGJfR9A/c=
-1,7,jGE+MmtAOvr4FhwLLx2HWIVOowk=,qT/uP3vPsnTDtGQvButp89hmO9s=
-3,0,jGE+MmtAOvr4FhwLLx2HWIVOowk=,X10FxW5PCenMOYhK1cEXMQQV908=
-1,5,jGE+MmtAOvr4FhwLLx2HWIVOowk=,a3oye3spDPAff9VESfkVljjp2Jk=
-6,9,jGE+MmtAOvr4FhwLLx2HWIVOowk=,Q4lVHXztrfH+k63yDkYZ9GSQPG8=
-7,9,jGE+MmtAOvr4FhwLLx2HWIVOowk=,sLIlBpSFf8GmC2RIYj2oXgd4T3s=
-2,6,jGE+MmtAOvr4FhwLLx2HWIVOowk=,qT/uP3vPsnTDtGQvButp89hmO9s=
-5,0,jGE+MmtAOvr4FhwLLx2HWIVOowk=,LIzRYyOCVCfxtfsK2HzCEwM8WwU=
-13,5,jGE+MmtAOvr4FhwLLx2HWIVOowk=,4U9hVwUs1o+YCyiVTiI/A0nGhbI=
-2,0,jGE+MmtAOvr4FhwLLx2HWIVOowk=,V9KjxgxQ0/QBmI5qvfyUzf6Ivlo=
-11,6,jGE+MmtAOvr4FhwLLx2HWIVOowk=,rCXCowYxjUIsWMEYlWwxeougp/k=
-12,5,jGE+MmtAOvr4FhwLLx2HWIVOowk=,it+fUhHlq8AtdbPk/vjmWZGjBpc=
-1,0,jGE+MmtAOvr4FhwLLx2HWIVOowk=,V9KjxgxQ0/QBmI5qvfyUzf6Ivlo=
-11,5,jGE+MmtAOvr4FhwLLx2HWIVOowk=,it+fUhHlq8AtdbPk/vjmWZGjBpc=
-3,6,jGE+MmtAOvr4FhwLLx2HWIVOowk=,+JYruF+ePrwP4Kdxb7UiQ+uP5VU=
-3,8,jGE+MmtAOvr4FhwLLx2HWIVOowk=,vebD9lQ06+9H0BknWQdrE6Qwfh0=
-16,5,jGE+MmtAOvr4FhwLLx2HWIVOowk=,nwo8qYFmcuIHwhaXlsBek/e5LDs=
-12,7,jGE+MmtAOvr4FhwLLx2HWIVOowk=,rCXCowYxjUIsWMEYlWwxeougp/k=
-16,0,jGE+MmtAOvr4FhwLLx2HWIVOowk=,Zdde+XPeOpz4MW0Ot0NO2+p883Y=
-2,5,jGE+MmtAOvr4FhwLLx2HWIVOowk=,a3oye3spDPAff9VESfkVljjp2Jk=
-10,5,jGE+MmtAOvr4FhwLLx2HWIVOowk=,96kymgT0022hnBMUfySc3t0F9WE=
-3,7,jGE+MmtAOvr4FhwLLx2HWIVOowk=,+JYruF+ePrwP4Kdxb7UiQ+uP5VU=
-1,6,jGE+MmtAOvr4FhwLLx2HWIVOowk=,qT/uP3vPsnTDtGQvButp89hmO9s=
-2,7,jGE+MmtAOvr4FhwLLx2HWIVOowk=,qT/uP3vPsnTDtGQvButp89hmO9s=
-3,5,jGE+MmtAOvr4FhwLLx2HWIVOowk=,gW9hHo38LmgT7O7wXIS91uDxo4Q=
-1,8,jGE+MmtAOvr4FhwLLx2HWIVOowk=,VilTJxJsNAybGh1r3E7U9R13T9c=
-8,9,jGE+MmtAOvr4FhwLLx2HWIVOowk=,sLIlBpSFf8GmC2RIYj2oXgd4T3s=
-10,8,jGE+MmtAOvr4FhwLLx2HWIVOowk=,RZdnhLfBS0QT7pdeaO06ffpYcEk=
-11,7,jGE+MmtAOvr4FhwLLx2HWIVOowk=,rCXCowYxjUIsWMEYlWwxeougp/k=
-9,9,jGE+MmtAOvr4FhwLLx2HWIVOowk=,RZdnhLfBS0QT7pdeaO06ffpYcEk=
-10,9,jGE+MmtAOvr4FhwLLx2HWIVOowk=,RZdnhLfBS0QT7pdeaO06ffpYcEk=
-10,7,jGE+MmtAOvr4FhwLLx2HWIVOowk=,lkLBpT772xtNyYMG7XvGJfR9A/c=
-8,8,jGE+MmtAOvr4FhwLLx2HWIVOowk=,sLIlBpSFf8GmC2RIYj2oXgd4T3s=
-15,13,jGE+MmtAOvr4FhwLLx2HWIVOowk=,0+x6njZBamZwfEOMa0T0ixUa0v0=
-15,12,jGE+MmtAOvr4FhwLLx2HWIVOowk=,0+x6njZBamZwfEOMa0T0ixUa0v0=
-16,12,jGE+MmtAOvr4FhwLLx2HWIVOowk=,0+x6njZBamZwfEOMa0T0ixUa0v0=
-9,8,jGE+MmtAOvr4FhwLLx2HWIVOowk=,RZdnhLfBS0QT7pdeaO06ffpYcEk=
-16,13,jGE+MmtAOvr4FhwLLx2HWIVOowk=,0+x6njZBamZwfEOMa0T0ixUa0v0=
-8,7,jGE+MmtAOvr4FhwLLx2HWIVOowk=,IXTX6Qdteb8QnzBkYdFGQ8pWiTI=
-9,7,jGE+MmtAOvr4FhwLLx2HWIVOowk=,lkLBpT772xtNyYMG7XvGJfR9A/c=
-1,24,6IVqP5R0obzUVzIsKwyMebaU5H4=,ynKDhBUkQWobMk7jjoU32KcrR1U=
-1,25,6IVqP5R0obzUVzIsKwyMebaU5H4=,ynKDhBUkQWobMk7jjoU32KcrR1U=
-2,24,6IVqP5R0obzUVzIsKwyMebaU5H4=,ynKDhBUkQWobMk7jjoU32KcrR1U=
-4,31,6IVqP5R0obzUVzIsKwyMebaU5H4=,hwS5tamMRb4zcQAA9kzsRcxda1I=
-4,26,6IVqP5R0obzUVzIsKwyMebaU5H4=,rqnB70FSbBW/EvlRt/O/2HEuKs8=
-3,26,6IVqP5R0obzUVzIsKwyMebaU5H4=,rqnB70FSbBW/EvlRt/O/2HEuKs8=
-2,25,6IVqP5R0obzUVzIsKwyMebaU5H4=,ynKDhBUkQWobMk7jjoU32KcrR1U=
-3,31,6IVqP5R0obzUVzIsKwyMebaU5H4=,hwS5tamMRb4zcQAA9kzsRcxda1I=
-3,30,6IVqP5R0obzUVzIsKwyMebaU5H4=,hwS5tamMRb4zcQAA9kzsRcxda1I=
-3,29,6IVqP5R0obzUVzIsKwyMebaU5H4=,DgBEhi1e8cwtGhiKOkazK3FNNkY=
-4,29,6IVqP5R0obzUVzIsKwyMebaU5H4=,DgBEhi1e8cwtGhiKOkazK3FNNkY=
-4,30,6IVqP5R0obzUVzIsKwyMebaU5H4=,hwS5tamMRb4zcQAA9kzsRcxda1I=
-3,27,6IVqP5R0obzUVzIsKwyMebaU5H4=,rqnB70FSbBW/EvlRt/O/2HEuKs8=
-4,28,6IVqP5R0obzUVzIsKwyMebaU5H4=,DgBEhi1e8cwtGhiKOkazK3FNNkY=
-4,27,6IVqP5R0obzUVzIsKwyMebaU5H4=,rqnB70FSbBW/EvlRt/O/2HEuKs8=
-3,28,6IVqP5R0obzUVzIsKwyMebaU5H4=,DgBEhi1e8cwtGhiKOkazK3FNNkY=
