2,1,6ti+tV5cqzxelKBo1sbSoavWALw=,HABm7Q0rY5f7An+thmF7R920nhc=
1,2,6ti+tV5cqzxelKBo1sbSoavWALw=,Q/GLQlTUp/92dqEToursAg7tEFY=
1,1,6ti+tV5cqzxelKBo1sbSoavWALw=,bUg41ognh1BmvPtQ2K8PL5kBffU=
2,2,6ti+tV5cqzxelKBo1sbSoavWALw=,XhitThLiYdjw9NsGSsznk+aonZo=
2,4,6ti+tV5cqzxelKBo1sbSoavWALw=,P4bZdfi8mF4j+uMlum01CdVrmS8=
1,3,6ti+tV5cqzxelKBo1sbSoavWALw=,Q/GLQlTUp/92dqEToursAg7tEFY=
1,4,6ti+tV5cqzxelKBo1sbSoavWALw=,T0yLNMku5I3JKeNEAqO0dGQPbHw=
2,3,6ti+tV5cqzxelKBo1sbSoavWALw=,XhitThLiYdjw9NsGSsznk+aonZo=
1,5,6ti+tV5cqzxelKBo1sbSoavWALw=,T0yLNMku5I3JKeNEAqO0dGQPbHw=
2,6,6ti+tV5cqzxelKBo1sbSoavWALw=,ZQr34eDkvMYugKhKhLYHextDAxQ=
2,5,6ti+tV5cqzxelKBo1sbSoavWALw=,P4bZdfi8mF4j+uMlum01CdVrmS8=
1,6,6ti+tV5cqzxelKBo1sbSoavWALw=,aAyRQ4Lyyi2hMysl3UzzVxVz6XI=
2,8,6ti+tV5cqzxelKBo1sbSoavWALw=,idP2R5N0pUbBFyzojeKkmCt3JxA=
2,7,6ti+tV5cqzxelKBo1sbSoavWALw=,ZQr34eDkvMYugKhKhLYHextDAxQ=
1,8,6ti+tV5cqzxelKBo1sbSoavWALw=,Fpsct+ivLQwSR0+BpBmHfphiCIU=
1,7,6ti+tV5cqzxelKBo1sbSoavWALw=,aAyRQ4Lyyi2hMysl3UzzVxVz6XI=
2,12,6ti+tV5cqzxelKBo1sbSoavWALw=,rxuko8M5jdWHVkc0fG1DLDjjIHQ=
1,12,6ti+tV5cqzxelKBo1sbSoavWALw=,wEaMq02ExIsTmRQIjwK0jBcbrP0=
2,9,6ti+tV5cqzxelKBo1sbSoavWALw=,idP2R5N0pUbBFyzojeKkmCt3JxA=
2,11,6ti+tV5cqzxelKBo1sbSoavWALw=,iOAkVsz+wA4OjpfwCV8G8Ii3Eys=
1,11,6ti+tV5cqzxelKBo1sbSoavWALw=,XJ/tm+pEJBSGbKb93Y0Gsf1IBD4=
1,10,6ti+tV5cqzxelKBo1sbSoavWALw=,XJ/tm+pEJBSGbKb93Y0Gsf1IBD4=
2,10,6ti+tV5cqzxelKBo1sbSoavWALw=,iOAkVsz+wA4OjpfwCV8G8Ii3Eys=
1,9,6ti+tV5cqzxelKBo1sbSoavWALw=,Fpsct+ivLQwSR0+BpBmHfphiCIU=
3,11,6ti+tV5cqzxelKBo1sbSoavWALw=,iOAkVsz+wA4OjpfwCV8G8Ii3Eys=
4,11,6ti+tV5cqzxelKBo1sbSoavWALw=,2oWtUvE5yDR2j5YPURnfRkVrbP0=
3,12,6ti+tV5cqzxelKBo1sbSoavWALw=,rxuko8M5jdWHVkc0fG1DLDjjIHQ=
4,12,6ti+tV5cqzxelKBo1sbSoavWALw=,DTXFU1u3B7I1V2TGqzwkn6IIo7M=
3,10,6ti+tV5cqzxelKBo1sbSoavWALw=,iOAkVsz+wA4OjpfwCV8G8Ii3Eys=
3,9,6ti+tV5cqzxelKBo1sbSoavWALw=,idP2R5N0pUbBFyzojeKkmCt3JxA=
4,10,6ti+tV5cqzxelKBo1sbSoavWALw=,2oWtUvE5yDR2j5YPURnfRkVrbP0=
4,9,6ti+tV5cqzxelKBo1sbSoavWALw=,tMIL0ZNZ1SVEiWzZBwAVERVsKh4=
4,8,6ti+tV5cqzxelKBo1sbSoavWALw=,tMIL0ZNZ1SVEiWzZBwAVERVsKh4=
4,7,6ti+tV5cqzxelKBo1sbSoavWALw=,bhhyQtM9oP/zO1a98pGpYIT3Q+k=
3,8,6ti+tV5cqzxelKBo1sbSoavWALw=,idP2R5N0pUbBFyzojeKkmCt3JxA=
3,7,6ti+tV5cqzxelKBo1sbSoavWALw=,ZQr34eDkvMYugKhKhLYHextDAxQ=
4,6,6ti+tV5cqzxelKBo1sbSoavWALw=,bhhyQtM9oP/zO1a98pGpYIT3Q+k=
4,5,6ti+tV5cqzxelKBo1sbSoavWALw=,kAcOmepbNVPQ5VsbjifhCquZ8Hg=
3,5,6ti+tV5cqzxelKBo1sbSoavWALw=,P4bZdfi8mF4j+uMlum01CdVrmS8=
3,6,6ti+tV5cqzxelKBo1sbSoavWALw=,ZQr34eDkvMYugKhKhLYHextDAxQ=
4,3,6ti+tV5cqzxelKBo1sbSoavWALw=,hYGqIkerGGdeKn0hr3sHjVz7HQ4=
4,4,6ti+tV5cqzxelKBo1sbSoavWALw=,kAcOmepbNVPQ5VsbjifhCquZ8Hg=
3,4,6ti+tV5cqzxelKBo1sbSoavWALw=,P4bZdfi8mF4j+uMlum01CdVrmS8=
3,3,6ti+tV5cqzxelKBo1sbSoavWALw=,XhitThLiYdjw9NsGSsznk+aonZo=
4,2,6ti+tV5cqzxelKBo1sbSoavWALw=,hYGqIkerGGdeKn0hr3sHjVz7HQ4=
4,1,6ti+tV5cqzxelKBo1sbSoavWALw=,o6IwKdq4U7/CApd4RfU+ORgGaBE=
3,1,6ti+tV5cqzxelKBo1sbSoavWALw=,HABm7Q0rY5f7An+thmF7R920nhc=
3,2,6ti+tV5cqzxelKBo1sbSoavWALw=,XhitThLiYdjw9NsGSsznk+aonZo=
6,3,6ti+tV5cqzxelKBo1sbSoavWALw=,1E2W4GbVyz/h12AQTrBKpVvHcB0=
5,3,6ti+tV5cqzxelKBo1sbSoavWALw=,hYGqIkerGGdeKn0hr3sHjVz7HQ4=
5,4,6ti+tV5cqzxelKBo1sbSoavWALw=,kAcOmepbNVPQ5VsbjifhCquZ8Hg=
6,4,6ti+tV5cqzxelKBo1sbSoavWALw=,5kMTozShTpXoTCooRmUkNROvWv4=
6,1,mn1jY9ErnrP3az26qhxwhFmwOrg=,NfASX+lHWgcIuz3Sb9/5JFKIbkA=
6,2,mn1jY9ErnrP3az26qhxwhFmwOrg=,1E2W4GbVyz/h12AQTrBKpVvHcB0=
5,1,mn1jY9ErnrP3az26qhxwhFmwOrg=,o6IwKdq4U7/CApd4RfU+ORgGaBE=
5,2,mn1jY9ErnrP3az26qhxwhFmwOrg=,hYGqIkerGGdeKn0hr3sHjVz7HQ4=
6,5,mn1jY9ErnrP3az26qhxwhFmwOrg=,5kMTozShTpXoTCooRmUkNROvWv4=
6,8,mn1jY9ErnrP3az26qhxwhFmwOrg=,EzCxKQq8ErdatryVHRifwX++1gI=
6,6,mn1jY9ErnrP3az26qhxwhFmwOrg=,AAQT1W4GYPzaCKK0ehRlXsOd8Vw=
5,5,mn1jY9ErnrP3az26qhxwhFmwOrg=,kAcOmepbNVPQ5VsbjifhCquZ8Hg=
5,6,mn1jY9ErnrP3az26qhxwhFmwOrg=,bhhyQtM9oP/zO1a98pGpYIT3Q+k=
6,7,mn1jY9ErnrP3az26qhxwhFmwOrg=,AAQT1W4GYPzaCKK0ehRlXsOd8Vw=
5,7,mn1jY9ErnrP3az26qhxwhFmwOrg=,bhhyQtM9oP/zO1a98pGpYIT3Q+k=
5,8,mn1jY9ErnrP3az26qhxwhFmwOrg=,tMIL0ZNZ1SVEiWzZBwAVERVsKh4=
6,9,mn1jY9ErnrP3az26qhxwhFmwOrg=,EzCxKQq8ErdatryVHRifwX++1gI=
6,10,mn1jY9ErnrP3az26qhxwhFmwOrg=,SCMsz0LUUTDmibks4foxmnJabh0=
5,9,mn1jY9ErnrP3az26qhxwhFmwOrg=,tMIL0ZNZ1SVEiWzZBwAVERVsKh4=
5,10,mn1jY9ErnrP3az26qhxwhFmwOrg=,2oWtUvE5yDR2j5YPURnfRkVrbP0=
8,12,mn1jY9ErnrP3az26qhxwhFmwOrg=,P/SWsjeP/hxvJa4yL6hQ9HDenjA=
8,11,mn1jY9ErnrP3az26qhxwhFmwOrg=,HODDsbacwTw/TRVFKjDqZfoUSoA=
7,11,mn1jY9ErnrP3az26qhxwhFmwOrg=,SCMsz0LUUTDmibks4foxmnJabh0=
6,11,mn1jY9ErnrP3az26qhxwhFmwOrg=,SCMsz0LUUTDmibks4foxmnJabh0=
7,12,mn1jY9ErnrP3az26qhxwhFmwOrg=,P/SWsjeP/hxvJa4yL6hQ9HDenjA=
5,12,mn1jY9ErnrP3az26qhxwhFmwOrg=,DTXFU1u3B7I1V2TGqzwkn6IIo7M=
5,11,mn1jY9ErnrP3az26qhxwhFmwOrg=,2oWtUvE5yDR2j5YPURnfRkVrbP0=
6,12,mn1jY9ErnrP3az26qhxwhFmwOrg=,P/SWsjeP/hxvJa4yL6hQ9HDenjA=
10,13,mn1jY9ErnrP3az26qhxwhFmwOrg=,zFwBHA9ceXOlL9aZj7K6K4AsinU=
3,14,mn1jY9ErnrP3az26qhxwhFmwOrg=,Or2T7/lG4XhJzbS3jSaH3ZLNQOw=
10,14,mn1jY9ErnrP3az26qhxwhFmwOrg=,VBCqoi61mN8E+8UDmBrGgb6LXw0=
8,13,mn1jY9ErnrP3az26qhxwhFmwOrg=,P/SWsjeP/hxvJa4yL6hQ9HDenjA=
7,14,mn1jY9ErnrP3az26qhxwhFmwOrg=,SzCmJtKPO4gt7Wo4xvj3rytgqCY=
3,13,mn1jY9ErnrP3az26qhxwhFmwOrg=,rxuko8M5jdWHVkc0fG1DLDjjIHQ=
6,13,mn1jY9ErnrP3az26qhxwhFmwOrg=,P/SWsjeP/hxvJa4yL6hQ9HDenjA=
7,13,mn1jY9ErnrP3az26qhxwhFmwOrg=,P/SWsjeP/hxvJa4yL6hQ9HDenjA=
9,14,mn1jY9ErnrP3az26qhxwhFmwOrg=,o35iP4+JpYiwe2M8M/rg2T6LLU0=
8,14,mn1jY9ErnrP3az26qhxwhFmwOrg=,o35iP4+JpYiwe2M8M/rg2T6LLU0=
9,13,mn1jY9ErnrP3az26qhxwhFmwOrg=,P/SWsjeP/hxvJa4yL6hQ9HDenjA=
4,13,mn1jY9ErnrP3az26qhxwhFmwOrg=,DTXFU1u3B7I1V2TGqzwkn6IIo7M=
6,14,mn1jY9ErnrP3az26qhxwhFmwOrg=,SzCmJtKPO4gt7Wo4xvj3rytgqCY=
5,14,mn1jY9ErnrP3az26qhxwhFmwOrg=,E4DeUKjb1nVDTeRi1XAnycEX2Pk=
4,14,mn1jY9ErnrP3az26qhxwhFmwOrg=,E4DeUKjb1nVDTeRi1XAnycEX2Pk=
5,13,mn1jY9ErnrP3az26qhxwhFmwOrg=,DTXFU1u3B7I1V2TGqzwkn6IIo7M=
12,14,mn1jY9ErnrP3az26qhxwhFmwOrg=,jOChFZ2e8dKcQBq/aLVS9foUfqM=
12,13,mn1jY9ErnrP3az26qhxwhFmwOrg=,WnZ2SjxgH2rnnPyKVr2mUbQBQCo=
11,13,mn1jY9ErnrP3az26qhxwhFmwOrg=,zFwBHA9ceXOlL9aZj7K6K4AsinU=
11,14,mn1jY9ErnrP3az26qhxwhFmwOrg=,VBCqoi61mN8E+8UDmBrGgb6LXw0=
10,12,mn1jY9ErnrP3az26qhxwhFmwOrg=,zFwBHA9ceXOlL9aZj7K6K4AsinU=
9,12,mn1jY9ErnrP3az26qhxwhFmwOrg=,P/SWsjeP/hxvJa4yL6hQ9HDenjA=
9,11,mn1jY9ErnrP3az26qhxwhFmwOrg=,HODDsbacwTw/TRVFKjDqZfoUSoA=
10,11,mn1jY9ErnrP3az26qhxwhFmwOrg=,EW4DpZayWE1NH64FSMby8E+SEQo=
12,11,mn1jY9ErnrP3az26qhxwhFmwOrg=,LlS2KPO9J/oF0X4222ZV6J3mfbU=
11,11,mn1jY9ErnrP3az26qhxwhFmwOrg=,EW4DpZayWE1NH64FSMby8E+SEQo=
11,12,mn1jY9ErnrP3az26qhxwhFmwOrg=,zFwBHA9ceXOlL9aZj7K6K4AsinU=
12,12,mn1jY9ErnrP3az26qhxwhFmwOrg=,WnZ2SjxgH2rnnPyKVr2mUbQBQCo=
12,10,mn1jY9ErnrP3az26qhxwhFmwOrg=,LlS2KPO9J/oF0X4222ZV6J3mfbU=
11,9,mn1jY9ErnrP3az26qhxwhFmwOrg=,RozdqRFJo6G32kFkYkOjy2Yf7pI=
11,10,mn1jY9ErnrP3az26qhxwhFmwOrg=,EW4DpZayWE1NH64FSMby8E+SEQo=
12,9,mn1jY9ErnrP3az26qhxwhFmwOrg=,biUhtoXFl7oHP8gxr54US+ykVw0=
7,10,mn1jY9ErnrP3az26qhxwhFmwOrg=,SCMsz0LUUTDmibks4foxmnJabh0=
10,9,mn1jY9ErnrP3az26qhxwhFmwOrg=,RozdqRFJo6G32kFkYkOjy2Yf7pI=
7,9,mn1jY9ErnrP3az26qhxwhFmwOrg=,EzCxKQq8ErdatryVHRifwX++1gI=
10,10,mn1jY9ErnrP3az26qhxwhFmwOrg=,EW4DpZayWE1NH64FSMby8E+SEQo=
9,10,mn1jY9ErnrP3az26qhxwhFmwOrg=,HODDsbacwTw/TRVFKjDqZfoUSoA=
8,9,mn1jY9ErnrP3az26qhxwhFmwOrg=,s2Jad8+97cM4BB2pCCfVhBveA6U=
10,7,mn1jY9ErnrP3az26qhxwhFmwOrg=,T9O4RLDV6sY0L80SbnJmNcwXB2Y=
10,6,mn1jY9ErnrP3az26qhxwhFmwOrg=,T9O4RLDV6sY0L80SbnJmNcwXB2Y=
7,6,mn1jY9ErnrP3az26qhxwhFmwOrg=,AAQT1W4GYPzaCKK0ehRlXsOd8Vw=
8,10,mn1jY9ErnrP3az26qhxwhFmwOrg=,HODDsbacwTw/TRVFKjDqZfoUSoA=
10,8,mn1jY9ErnrP3az26qhxwhFmwOrg=,RozdqRFJo6G32kFkYkOjy2Yf7pI=
9,9,mn1jY9ErnrP3az26qhxwhFmwOrg=,s2Jad8+97cM4BB2pCCfVhBveA6U=
9,7,mn1jY9ErnrP3az26qhxwhFmwOrg=,dmmtcgXcdx7rXCaoRHlkLhApDwU=
8,7,mn1jY9ErnrP3az26qhxwhFmwOrg=,dmmtcgXcdx7rXCaoRHlkLhApDwU=
9,6,mn1jY9ErnrP3az26qhxwhFmwOrg=,dmmtcgXcdx7rXCaoRHlkLhApDwU=
8,6,mn1jY9ErnrP3az26qhxwhFmwOrg=,dmmtcgXcdx7rXCaoRHlkLhApDwU=
9,5,mn1jY9ErnrP3az26qhxwhFmwOrg=,SeqQ4IbcJv7pCXzBs382Iwts44s=
8,5,mn1jY9ErnrP3az26qhxwhFmwOrg=,SeqQ4IbcJv7pCXzBs382Iwts44s=
7,5,mn1jY9ErnrP3az26qhxwhFmwOrg=,5kMTozShTpXoTCooRmUkNROvWv4=
8,8,mn1jY9ErnrP3az26qhxwhFmwOrg=,s2Jad8+97cM4BB2pCCfVhBveA6U=
7,8,mn1jY9ErnrP3az26qhxwhFmwOrg=,EzCxKQq8ErdatryVHRifwX++1gI=
7,7,mn1jY9ErnrP3az26qhxwhFmwOrg=,AAQT1W4GYPzaCKK0ehRlXsOd8Vw=
9,8,mn1jY9ErnrP3az26qhxwhFmwOrg=,s2Jad8+97cM4BB2pCCfVhBveA6U=
10,3,mn1jY9ErnrP3az26qhxwhFmwOrg=,xDVElXyLHK0Pmg3E3u9Kg64gUBc=
9,4,mn1jY9ErnrP3az26qhxwhFmwOrg=,SeqQ4IbcJv7pCXzBs382Iwts44s=
9,3,mn1jY9ErnrP3az26qhxwhFmwOrg=,QkfCnb7LefZaCKUgyjUJs5eFrMQ=
7,3,mn1jY9ErnrP3az26qhxwhFmwOrg=,1E2W4GbVyz/h12AQTrBKpVvHcB0=
8,3,mn1jY9ErnrP3az26qhxwhFmwOrg=,QkfCnb7LefZaCKUgyjUJs5eFrMQ=
7,4,mn1jY9ErnrP3az26qhxwhFmwOrg=,5kMTozShTpXoTCooRmUkNROvWv4=
8,4,mn1jY9ErnrP3az26qhxwhFmwOrg=,SeqQ4IbcJv7pCXzBs382Iwts44s=
12,3,mn1jY9ErnrP3az26qhxwhFmwOrg=,CyHiQrrgMdZT4vqq8esjZXD+AFc=
11,3,mn1jY9ErnrP3az26qhxwhFmwOrg=,xDVElXyLHK0Pmg3E3u9Kg64gUBc=
12,2,mn1jY9ErnrP3az26qhxwhFmwOrg=,CyHiQrrgMdZT4vqq8esjZXD+AFc=
12,1,mn1jY9ErnrP3az26qhxwhFmwOrg=,AcxVaYPDexiztiughtgxG84kR3w=
11,1,mn1jY9ErnrP3az26qhxwhFmwOrg=,MHytDsi6mXI/b27Ak03TYCVHvoA=
12,7,mn1jY9ErnrP3az26qhxwhFmwOrg=,/RnC8dsFgWQSJTTKCGL8o2GTlBU=
12,6,mn1jY9ErnrP3az26qhxwhFmwOrg=,/RnC8dsFgWQSJTTKCGL8o2GTlBU=
12,8,mn1jY9ErnrP3az26qhxwhFmwOrg=,biUhtoXFl7oHP8gxr54US+ykVw0=
11,2,mn1jY9ErnrP3az26qhxwhFmwOrg=,xDVElXyLHK0Pmg3E3u9Kg64gUBc=
11,7,mn1jY9ErnrP3az26qhxwhFmwOrg=,T9O4RLDV6sY0L80SbnJmNcwXB2Y=
11,6,mn1jY9ErnrP3az26qhxwhFmwOrg=,T9O4RLDV6sY0L80SbnJmNcwXB2Y=
11,8,mn1jY9ErnrP3az26qhxwhFmwOrg=,RozdqRFJo6G32kFkYkOjy2Yf7pI=
10,1,mn1jY9ErnrP3az26qhxwhFmwOrg=,MHytDsi6mXI/b27Ak03TYCVHvoA=
7,2,mn1jY9ErnrP3az26qhxwhFmwOrg=,1E2W4GbVyz/h12AQTrBKpVvHcB0=
8,1,mn1jY9ErnrP3az26qhxwhFmwOrg=,zNYHhqVys0rdrWA+VahWOVoaEUM=
9,0,mn1jY9ErnrP3az26qhxwhFmwOrg=,zNYHhqVys0rdrWA+VahWOVoaEUM=
14,8,mn1jY9ErnrP3az26qhxwhFmwOrg=,yfFUTob0MHEnF2Ms+DgOtUYYgQw=
13,7,mn1jY9ErnrP3az26qhxwhFmwOrg=,/RnC8dsFgWQSJTTKCGL8o2GTlBU=
13,8,mn1jY9ErnrP3az26qhxwhFmwOrg=,biUhtoXFl7oHP8gxr54US+ykVw0=
9,1,mn1jY9ErnrP3az26qhxwhFmwOrg=,zNYHhqVys0rdrWA+VahWOVoaEUM=
10,0,mn1jY9ErnrP3az26qhxwhFmwOrg=,MHytDsi6mXI/b27Ak03TYCVHvoA=
10,2,mn1jY9ErnrP3az26qhxwhFmwOrg=,xDVElXyLHK0Pmg3E3u9Kg64gUBc=
8,2,mn1jY9ErnrP3az26qhxwhFmwOrg=,QkfCnb7LefZaCKUgyjUJs5eFrMQ=
9,2,mn1jY9ErnrP3az26qhxwhFmwOrg=,QkfCnb7LefZaCKUgyjUJs5eFrMQ=
7,1,mn1jY9ErnrP3az26qhxwhFmwOrg=,NfASX+lHWgcIuz3Sb9/5JFKIbkA=
12,15,mn1jY9ErnrP3az26qhxwhFmwOrg=,jOChFZ2e8dKcQBq/aLVS9foUfqM=
11,15,mn1jY9ErnrP3az26qhxwhFmwOrg=,VBCqoi61mN8E+8UDmBrGgb6LXw0=
9,15,mn1jY9ErnrP3az26qhxwhFmwOrg=,o35iP4+JpYiwe2M8M/rg2T6LLU0=
10,15,mn1jY9ErnrP3az26qhxwhFmwOrg=,VBCqoi61mN8E+8UDmBrGgb6LXw0=
6,15,mn1jY9ErnrP3az26qhxwhFmwOrg=,SzCmJtKPO4gt7Wo4xvj3rytgqCY=
5,15,mn1jY9ErnrP3az26qhxwhFmwOrg=,E4DeUKjb1nVDTeRi1XAnycEX2Pk=
7,15,mn1jY9ErnrP3az26qhxwhFmwOrg=,SzCmJtKPO4gt7Wo4xvj3rytgqCY=
8,15,mn1jY9ErnrP3az26qhxwhFmwOrg=,o35iP4+JpYiwe2M8M/rg2T6LLU0=
0,0,mn1jY9ErnrP3az26qhxwhFmwOrg=,bUg41ognh1BmvPtQ2K8PL5kBffU=
0,2,mn1jY9ErnrP3az26qhxwhFmwOrg=,Q/GLQlTUp/92dqEToursAg7tEFY=
0,1,mn1jY9ErnrP3az26qhxwhFmwOrg=,bUg41ognh1BmvPtQ2K8PL5kBffU=
0,4,mn1jY9ErnrP3az26qhxwhFmwOrg=,T0yLNMku5I3JKeNEAqO0dGQPbHw=
0,3,mn1jY9ErnrP3az26qhxwhFmwOrg=,Q/GLQlTUp/92dqEToursAg7tEFY=
0,6,mn1jY9ErnrP3az26qhxwhFmwOrg=,aAyRQ4Lyyi2hMysl3UzzVxVz6XI=
0,5,mn1jY9ErnrP3az26qhxwhFmwOrg=,T0yLNMku5I3JKeNEAqO0dGQPbHw=
15,9,mn1jY9ErnrP3az26qhxwhFmwOrg=,yfFUTob0MHEnF2Ms+DgOtUYYgQw=
14,9,mn1jY9ErnrP3az26qhxwhFmwOrg=,yfFUTob0MHEnF2Ms+DgOtUYYgQw=
0,8,mn1jY9ErnrP3az26qhxwhFmwOrg=,Fpsct+ivLQwSR0+BpBmHfphiCIU=
0,12,mn1jY9ErnrP3az26qhxwhFmwOrg=,wEaMq02ExIsTmRQIjwK0jBcbrP0=
15,10,mn1jY9ErnrP3az26qhxwhFmwOrg=,ijJbjB1JzSh1pQ2Rk9Ydsx6Bx3M=
13,12,mn1jY9ErnrP3az26qhxwhFmwOrg=,WnZ2SjxgH2rnnPyKVr2mUbQBQCo=
13,11,mn1jY9ErnrP3az26qhxwhFmwOrg=,LlS2KPO9J/oF0X4222ZV6J3mfbU=
0,7,mn1jY9ErnrP3az26qhxwhFmwOrg=,aAyRQ4Lyyi2hMysl3UzzVxVz6XI=
0,10,mn1jY9ErnrP3az26qhxwhFmwOrg=,XJ/tm+pEJBSGbKb93Y0Gsf1IBD4=
0,9,mn1jY9ErnrP3az26qhxwhFmwOrg=,Fpsct+ivLQwSR0+BpBmHfphiCIU=
13,9,mn1jY9ErnrP3az26qhxwhFmwOrg=,biUhtoXFl7oHP8gxr54US+ykVw0=
14,10,mn1jY9ErnrP3az26qhxwhFmwOrg=,ijJbjB1JzSh1pQ2Rk9Ydsx6Bx3M=
13,13,mn1jY9ErnrP3az26qhxwhFmwOrg=,WnZ2SjxgH2rnnPyKVr2mUbQBQCo=
0,11,mn1jY9ErnrP3az26qhxwhFmwOrg=,XJ/tm+pEJBSGbKb93Y0Gsf1IBD4=
15,12,mn1jY9ErnrP3az26qhxwhFmwOrg=,xjuWvIl50T7tDQOX4MJGquMrN/M=
2,13,mn1jY9ErnrP3az26qhxwhFmwOrg=,rxuko8M5jdWHVkc0fG1DLDjjIHQ=
14,12,mn1jY9ErnrP3az26qhxwhFmwOrg=,xjuWvIl50T7tDQOX4MJGquMrN/M=
13,14,mn1jY9ErnrP3az26qhxwhFmwOrg=,jOChFZ2e8dKcQBq/aLVS9foUfqM=
2,14,mn1jY9ErnrP3az26qhxwhFmwOrg=,Or2T7/lG4XhJzbS3jSaH3ZLNQOw=
1,13,mn1jY9ErnrP3az26qhxwhFmwOrg=,wEaMq02ExIsTmRQIjwK0jBcbrP0=
13,10,mn1jY9ErnrP3az26qhxwhFmwOrg=,LlS2KPO9J/oF0X4222ZV6J3mfbU=
14,11,mn1jY9ErnrP3az26qhxwhFmwOrg=,ijJbjB1JzSh1pQ2Rk9Ydsx6Bx3M=
2,0,mn1jY9ErnrP3az26qhxwhFmwOrg=,HABm7Q0rY5f7An+thmF7R920nhc=
13,15,mn1jY9ErnrP3az26qhxwhFmwOrg=,jOChFZ2e8dKcQBq/aLVS9foUfqM=
4,15,mn1jY9ErnrP3az26qhxwhFmwOrg=,E4DeUKjb1nVDTeRi1XAnycEX2Pk=
14,14,mn1jY9ErnrP3az26qhxwhFmwOrg=,pPbFfNtYq0G8FFsALd/Vspf5rHQ=
14,15,mn1jY9ErnrP3az26qhxwhFmwOrg=,pPbFfNtYq0G8FFsALd/Vspf5rHQ=
0,13,mn1jY9ErnrP3az26qhxwhFmwOrg=,wEaMq02ExIsTmRQIjwK0jBcbrP0=
11,0,mn1jY9ErnrP3az26qhxwhFmwOrg=,MHytDsi6mXI/b27Ak03TYCVHvoA=
12,0,mn1jY9ErnrP3az26qhxwhFmwOrg=,AcxVaYPDexiztiughtgxG84kR3w=
13,3,mn1jY9ErnrP3az26qhxwhFmwOrg=,CyHiQrrgMdZT4vqq8esjZXD+AFc=
13,6,mn1jY9ErnrP3az26qhxwhFmwOrg=,/RnC8dsFgWQSJTTKCGL8o2GTlBU=
3,15,mn1jY9ErnrP3az26qhxwhFmwOrg=,Or2T7/lG4XhJzbS3jSaH3ZLNQOw=
1,0,mn1jY9ErnrP3az26qhxwhFmwOrg=,bUg41ognh1BmvPtQ2K8PL5kBffU=
4,0,mn1jY9ErnrP3az26qhxwhFmwOrg=,o6IwKdq4U7/CApd4RfU+ORgGaBE=
2,15,mn1jY9ErnrP3az26qhxwhFmwOrg=,Or2T7/lG4XhJzbS3jSaH3ZLNQOw=
8,0,mn1jY9ErnrP3az26qhxwhFmwOrg=,zNYHhqVys0rdrWA+VahWOVoaEUM=
15,8,mn1jY9ErnrP3az26qhxwhFmwOrg=,yfFUTob0MHEnF2Ms+DgOtUYYgQw=
15,11,mn1jY9ErnrP3az26qhxwhFmwOrg=,ijJbjB1JzSh1pQ2Rk9Ydsx6Bx3M=
15,15,mn1jY9ErnrP3az26qhxwhFmwOrg=,pPbFfNtYq0G8FFsALd/Vspf5rHQ=
15,14,mn1jY9ErnrP3az26qhxwhFmwOrg=,pPbFfNtYq0G8FFsALd/Vspf5rHQ=
7,0,mn1jY9ErnrP3az26qhxwhFmwOrg=,NfASX+lHWgcIuz3Sb9/5JFKIbkA=
5,0,mn1jY9ErnrP3az26qhxwhFmwOrg=,o6IwKdq4U7/CApd4RfU+ORgGaBE=
6,0,mn1jY9ErnrP3az26qhxwhFmwOrg=,NfASX+lHWgcIuz3Sb9/5JFKIbkA=
14,13,mn1jY9ErnrP3az26qhxwhFmwOrg=,xjuWvIl50T7tDQOX4MJGquMrN/M=
3,0,mn1jY9ErnrP3az26qhxwhFmwOrg=,HABm7Q0rY5f7An+thmF7R920nhc=
13,0,mn1jY9ErnrP3az26qhxwhFmwOrg=,AcxVaYPDexiztiughtgxG84kR3w=
15,1,mn1jY9ErnrP3az26qhxwhFmwOrg=,BEJoB6EGcfkM6hEu5IPq3MmOg6c=
13,1,mn1jY9ErnrP3az26qhxwhFmwOrg=,AcxVaYPDexiztiughtgxG84kR3w=
13,2,mn1jY9ErnrP3az26qhxwhFmwOrg=,CyHiQrrgMdZT4vqq8esjZXD+AFc=
14,0,mn1jY9ErnrP3az26qhxwhFmwOrg=,BEJoB6EGcfkM6hEu5IPq3MmOg6c=
14,1,mn1jY9ErnrP3az26qhxwhFmwOrg=,BEJoB6EGcfkM6hEu5IPq3MmOg6c=
15,0,mn1jY9ErnrP3az26qhxwhFmwOrg=,BEJoB6EGcfkM6hEu5IPq3MmOg6c=
15,13,mn1jY9ErnrP3az26qhxwhFmwOrg=,xjuWvIl50T7tDQOX4MJGquMrN/M=
11,18,mn1jY9ErnrP3az26qhxwhFmwOrg=,NE7a1fedVnHx3GfswDiayIRehlg=
12,18,mn1jY9ErnrP3az26qhxwhFmwOrg=,Cod61xFI0Tk24vjDNUNsXR/gxQk=
11,17,mn1jY9ErnrP3az26qhxwhFmwOrg=,878mta7TnkmknWMpuIRTQIvWxLw=
12,17,mn1jY9ErnrP3az26qhxwhFmwOrg=,4jus5pGPfbIPN7kRAQ92whQMD6I=
13,18,mn1jY9ErnrP3az26qhxwhFmwOrg=,Cod61xFI0Tk24vjDNUNsXR/gxQk=
14,18,mn1jY9ErnrP3az26qhxwhFmwOrg=,NBn3py04ZuUIc91Xn5ZBwEv7xLY=
13,17,mn1jY9ErnrP3az26qhxwhFmwOrg=,4jus5pGPfbIPN7kRAQ92whQMD6I=
14,17,mn1jY9ErnrP3az26qhxwhFmwOrg=,skRl8/lKB4wE1P0hMRoH7wD9nE8=
13,19,mn1jY9ErnrP3az26qhxwhFmwOrg=,Cod61xFI0Tk24vjDNUNsXR/gxQk=
14,19,mn1jY9ErnrP3az26qhxwhFmwOrg=,NBn3py04ZuUIc91Xn5ZBwEv7xLY=
12,19,mn1jY9ErnrP3az26qhxwhFmwOrg=,Cod61xFI0Tk24vjDNUNsXR/gxQk=
11,19,mn1jY9ErnrP3az26qhxwhFmwOrg=,NE7a1fedVnHx3GfswDiayIRehlg=
14,16,mn1jY9ErnrP3az26qhxwhFmwOrg=,skRl8/lKB4wE1P0hMRoH7wD9nE8=
13,16,mn1jY9ErnrP3az26qhxwhFmwOrg=,4jus5pGPfbIPN7kRAQ92whQMD6I=
11,16,mn1jY9ErnrP3az26qhxwhFmwOrg=,878mta7TnkmknWMpuIRTQIvWxLw=
15,18,mn1jY9ErnrP3az26qhxwhFmwOrg=,NBn3py04ZuUIc91Xn5ZBwEv7xLY=
15,19,mn1jY9ErnrP3az26qhxwhFmwOrg=,NBn3py04ZuUIc91Xn5ZBwEv7xLY=
10,19,mn1jY9ErnrP3az26qhxwhFmwOrg=,NE7a1fedVnHx3GfswDiayIRehlg=
6,17,mn1jY9ErnrP3az26qhxwhFmwOrg=,VuCQKJ8C3cvA93kgKqYKGG82JxA=
12,16,mn1jY9ErnrP3az26qhxwhFmwOrg=,4jus5pGPfbIPN7kRAQ92whQMD6I=
15,17,mn1jY9ErnrP3az26qhxwhFmwOrg=,skRl8/lKB4wE1P0hMRoH7wD9nE8=
2,30,mn1jY9ErnrP3az26qhxwhFmwOrg=,DVEj3maof5x9+WQI+2mzohD9s1k=
3,30,mn1jY9ErnrP3az26qhxwhFmwOrg=,DVEj3maof5x9+WQI+2mzohD9s1k=
2,31,mn1jY9ErnrP3az26qhxwhFmwOrg=,DVEj3maof5x9+WQI+2mzohD9s1k=
3,31,mn1jY9ErnrP3az26qhxwhFmwOrg=,DVEj3maof5x9+WQI+2mzohD9s1k=
10,18,mn1jY9ErnrP3az26qhxwhFmwOrg=,NE7a1fedVnHx3GfswDiayIRehlg=
8,17,mn1jY9ErnrP3az26qhxwhFmwOrg=,i4i1sxvcsnK1EanAyzb0QZIBy5E=
9,17,mn1jY9ErnrP3az26qhxwhFmwOrg=,i4i1sxvcsnK1EanAyzb0QZIBy5E=
10,17,mn1jY9ErnrP3az26qhxwhFmwOrg=,878mta7TnkmknWMpuIRTQIvWxLw=
7,17,mn1jY9ErnrP3az26qhxwhFmwOrg=,VuCQKJ8C3cvA93kgKqYKGG82JxA=
7,16,mn1jY9ErnrP3az26qhxwhFmwOrg=,VuCQKJ8C3cvA93kgKqYKGG82JxA=
8,16,mn1jY9ErnrP3az26qhxwhFmwOrg=,i4i1sxvcsnK1EanAyzb0QZIBy5E=
9,16,mn1jY9ErnrP3az26qhxwhFmwOrg=,i4i1sxvcsnK1EanAyzb0QZIBy5E=
10,16,mn1jY9ErnrP3az26qhxwhFmwOrg=,878mta7TnkmknWMpuIRTQIvWxLw=
3,18,mn1jY9ErnrP3az26qhxwhFmwOrg=,WG+Z0DRonBvhkbUi4HoE3SsoSiQ=
2,17,mn1jY9ErnrP3az26qhxwhFmwOrg=,FaF85IVJKcgAkfos4kE1wyxfq4M=
2,18,mn1jY9ErnrP3az26qhxwhFmwOrg=,WG+Z0DRonBvhkbUi4HoE3SsoSiQ=
3,16,mn1jY9ErnrP3az26qhxwhFmwOrg=,FaF85IVJKcgAkfos4kE1wyxfq4M=
6,16,mn1jY9ErnrP3az26qhxwhFmwOrg=,VuCQKJ8C3cvA93kgKqYKGG82JxA=
2,16,mn1jY9ErnrP3az26qhxwhFmwOrg=,FaF85IVJKcgAkfos4kE1wyxfq4M=
3,17,mn1jY9ErnrP3az26qhxwhFmwOrg=,FaF85IVJKcgAkfos4kE1wyxfq4M=
1,18,mn1jY9ErnrP3az26qhxwhFmwOrg=,uzk72IU4Iaot98dwL4Xx+0TrD4I=
3,20,mn1jY9ErnrP3az26qhxwhFmwOrg=,0cY3343EWZVUZ1n2T9Lf52sFkoE=
3,21,mn1jY9ErnrP3az26qhxwhFmwOrg=,0cY3343EWZVUZ1n2T9Lf52sFkoE=
3,19,mn1jY9ErnrP3az26qhxwhFmwOrg=,WG+Z0DRonBvhkbUi4HoE3SsoSiQ=
0,18,mn1jY9ErnrP3az26qhxwhFmwOrg=,uzk72IU4Iaot98dwL4Xx+0TrD4I=
2,19,mn1jY9ErnrP3az26qhxwhFmwOrg=,WG+Z0DRonBvhkbUi4HoE3SsoSiQ=
2,21,mn1jY9ErnrP3az26qhxwhFmwOrg=,0cY3343EWZVUZ1n2T9Lf52sFkoE=
0,19,mn1jY9ErnrP3az26qhxwhFmwOrg=,uzk72IU4Iaot98dwL4Xx+0TrD4I=
1,19,mn1jY9ErnrP3az26qhxwhFmwOrg=,uzk72IU4Iaot98dwL4Xx+0TrD4I=
0,20,mn1jY9ErnrP3az26qhxwhFmwOrg=,prmzuRIjeVTBMv7RfuiftVEddQc=
1,21,mn1jY9ErnrP3az26qhxwhFmwOrg=,prmzuRIjeVTBMv7RfuiftVEddQc=
2,20,mn1jY9ErnrP3az26qhxwhFmwOrg=,0cY3343EWZVUZ1n2T9Lf52sFkoE=
1,20,mn1jY9ErnrP3az26qhxwhFmwOrg=,prmzuRIjeVTBMv7RfuiftVEddQc=
0,21,mn1jY9ErnrP3az26qhxwhFmwOrg=,prmzuRIjeVTBMv7RfuiftVEddQc=
13,31,mn1jY9ErnrP3az26qhxwhFmwOrg=,yFSvFeKohUlbOojbmQ9EG7GnheE=
12,31,mn1jY9ErnrP3az26qhxwhFmwOrg=,yFSvFeKohUlbOojbmQ9EG7GnheE=
13,30,mn1jY9ErnrP3az26qhxwhFmwOrg=,yFSvFeKohUlbOojbmQ9EG7GnheE=
12,30,mn1jY9ErnrP3az26qhxwhFmwOrg=,yFSvFeKohUlbOojbmQ9EG7GnheE=
15,16,mn1jY9ErnrP3az26qhxwhFmwOrg=,skRl8/lKB4wE1P0hMRoH7wD9nE8=
1,25,mn1jY9ErnrP3az26qhxwhFmwOrg=,xPU18QPh5QDohzS7s8KSyjgOp7M=
1,24,mn1jY9ErnrP3az26qhxwhFmwOrg=,xPU18QPh5QDohzS7s8KSyjgOp7M=
0,24,mn1jY9ErnrP3az26qhxwhFmwOrg=,xPU18QPh5QDohzS7s8KSyjgOp7M=
0,25,mn1jY9ErnrP3az26qhxwhFmwOrg=,xPU18QPh5QDohzS7s8KSyjgOp7M=
21,22,6IVqP5R0obzUVzIsKwyMebaU5H4=,0XlRxLQ4WxuU4m7F0UxqOhR327M=
21,21,6IVqP5R0obzUVzIsKwyMebaU5H4=,jcE0RSd5WzRLLqOYt7NUYI2Lp2Y=
22,21,6IVqP5R0obzUVzIsKwyMebaU5H4=,n6yDCx1/g26zFH2ZOBgFLVYrSOU=
22,22,6IVqP5R0obzUVzIsKwyMebaU5H4=,Qg2SJqIIGrENYX9RgYZKJTB0FPo=
24,21,6IVqP5R0obzUVzIsKwyMebaU5H4=,SVCNnNIt4LQ8Wj+GGk4yeWd9qYI=
23,21,6IVqP5R0obzUVzIsKwyMebaU5H4=,n6yDCx1/g26zFH2ZOBgFLVYrSOU=
23,22,6IVqP5R0obzUVzIsKwyMebaU5H4=,Qg2SJqIIGrENYX9RgYZKJTB0FPo=
24,22,6IVqP5R0obzUVzIsKwyMebaU5H4=,7R7wY+utZg3HIcVvRdGJkqNEqPk=
22,19,6IVqP5R0obzUVzIsKwyMebaU5H4=,Uqwh3bxRgRV/0kAMzKUKgIe2e4U=
21,20,6IVqP5R0obzUVzIsKwyMebaU5H4=,jcE0RSd5WzRLLqOYt7NUYI2Lp2Y=
22,20,6IVqP5R0obzUVzIsKwyMebaU5H4=,n6yDCx1/g26zFH2ZOBgFLVYrSOU=
21,19,6IVqP5R0obzUVzIsKwyMebaU5H4=,hVwcZb0JpfRgY3mfuK13DiHL5B4=
18,20,6IVqP5R0obzUVzIsKwyMebaU5H4=,lUJs5+w9TvM7xY86dX5Bx9kyxqM=
20,20,6IVqP5R0obzUVzIsKwyMebaU5H4=,jcE0RSd5WzRLLqOYt7NUYI2Lp2Y=
17,19,6IVqP5R0obzUVzIsKwyMebaU5H4=,mzOJWXGtSWGEDsYSEks933LIpqk=
17,20,6IVqP5R0obzUVzIsKwyMebaU5H4=,GxI7vHdnqA9jeTvsr82EaQaEM9Q=
19,20,6IVqP5R0obzUVzIsKwyMebaU5H4=,lUJs5+w9TvM7xY86dX5Bx9kyxqM=
19,19,6IVqP5R0obzUVzIsKwyMebaU5H4=,Arzr1OsHTE91KZx7QheLVdyGvHM=
20,19,6IVqP5R0obzUVzIsKwyMebaU5H4=,hVwcZb0JpfRgY3mfuK13DiHL5B4=
18,19,6IVqP5R0obzUVzIsKwyMebaU5H4=,Arzr1OsHTE91KZx7QheLVdyGvHM=
21,17,6IVqP5R0obzUVzIsKwyMebaU5H4=,GZUOa/gnWuL2NqHo60bcAZZCJSM=
22,18,6IVqP5R0obzUVzIsKwyMebaU5H4=,Uqwh3bxRgRV/0kAMzKUKgIe2e4U=
22,17,6IVqP5R0obzUVzIsKwyMebaU5H4=,0nLllhyYO8eAW7m3KswR9IFiHrs=
16,19,6IVqP5R0obzUVzIsKwyMebaU5H4=,mzOJWXGtSWGEDsYSEks933LIpqk=
16,20,6IVqP5R0obzUVzIsKwyMebaU5H4=,GxI7vHdnqA9jeTvsr82EaQaEM9Q=
21,18,6IVqP5R0obzUVzIsKwyMebaU5H4=,hVwcZb0JpfRgY3mfuK13DiHL5B4=
20,16,6IVqP5R0obzUVzIsKwyMebaU5H4=,GZUOa/gnWuL2NqHo60bcAZZCJSM=
19,17,6IVqP5R0obzUVzIsKwyMebaU5H4=,rbQXH8zp2J3L3Gbn7oDg3MXiNcU=
19,16,6IVqP5R0obzUVzIsKwyMebaU5H4=,rbQXH8zp2J3L3Gbn7oDg3MXiNcU=
20,17,6IVqP5R0obzUVzIsKwyMebaU5H4=,GZUOa/gnWuL2NqHo60bcAZZCJSM=
19,18,6IVqP5R0obzUVzIsKwyMebaU5H4=,Arzr1OsHTE91KZx7QheLVdyGvHM=
20,18,6IVqP5R0obzUVzIsKwyMebaU5H4=,hVwcZb0JpfRgY3mfuK13DiHL5B4=
25,22,6IVqP5R0obzUVzIsKwyMebaU5H4=,7R7wY+utZg3HIcVvRdGJkqNEqPk=
25,21,6IVqP5R0obzUVzIsKwyMebaU5H4=,SVCNnNIt4LQ8Wj+GGk4yeWd9qYI=
19,21,6IVqP5R0obzUVzIsKwyMebaU5H4=,lUJs5+w9TvM7xY86dX5Bx9kyxqM=
20,22,6IVqP5R0obzUVzIsKwyMebaU5H4=,0XlRxLQ4WxuU4m7F0UxqOhR327M=
17,21,6IVqP5R0obzUVzIsKwyMebaU5H4=,GxI7vHdnqA9jeTvsr82EaQaEM9Q=
18,21,6IVqP5R0obzUVzIsKwyMebaU5H4=,lUJs5+w9TvM7xY86dX5Bx9kyxqM=
23,18,6IVqP5R0obzUVzIsKwyMebaU5H4=,Uqwh3bxRgRV/0kAMzKUKgIe2e4U=
20,21,6IVqP5R0obzUVzIsKwyMebaU5H4=,jcE0RSd5WzRLLqOYt7NUYI2Lp2Y=
23,20,6IVqP5R0obzUVzIsKwyMebaU5H4=,n6yDCx1/g26zFH2ZOBgFLVYrSOU=
24,20,6IVqP5R0obzUVzIsKwyMebaU5H4=,SVCNnNIt4LQ8Wj+GGk4yeWd9qYI=
23,17,6IVqP5R0obzUVzIsKwyMebaU5H4=,0nLllhyYO8eAW7m3KswR9IFiHrs=
23,19,6IVqP5R0obzUVzIsKwyMebaU5H4=,Uqwh3bxRgRV/0kAMzKUKgIe2e4U=
20,23,6IVqP5R0obzUVzIsKwyMebaU5H4=,0XlRxLQ4WxuU4m7F0UxqOhR327M=
25,20,6IVqP5R0obzUVzIsKwyMebaU5H4=,SVCNnNIt4LQ8Wj+GGk4yeWd9qYI=
24,27,6IVqP5R0obzUVzIsKwyMebaU5H4=,uWIh9dKE1Fg0fH6N6MkPucfpoOw=
23,27,6IVqP5R0obzUVzIsKwyMebaU5H4=,BSMgmAzrjvxAWihONRXcMFO319I=
25,27,6IVqP5R0obzUVzIsKwyMebaU5H4=,uWIh9dKE1Fg0fH6N6MkPucfpoOw=
22,27,6IVqP5R0obzUVzIsKwyMebaU5H4=,BSMgmAzrjvxAWihONRXcMFO319I=
16,21,6IVqP5R0obzUVzIsKwyMebaU5H4=,GxI7vHdnqA9jeTvsr82EaQaEM9Q=
22,16,6IVqP5R0obzUVzIsKwyMebaU5H4=,0nLllhyYO8eAW7m3KswR9IFiHrs=
21,16,6IVqP5R0obzUVzIsKwyMebaU5H4=,GZUOa/gnWuL2NqHo60bcAZZCJSM=
23,16,6IVqP5R0obzUVzIsKwyMebaU5H4=,0nLllhyYO8eAW7m3KswR9IFiHrs=
18,18,6IVqP5R0obzUVzIsKwyMebaU5H4=,Arzr1OsHTE91KZx7QheLVdyGvHM=
18,17,6IVqP5R0obzUVzIsKwyMebaU5H4=,rbQXH8zp2J3L3Gbn7oDg3MXiNcU=
17,16,6IVqP5R0obzUVzIsKwyMebaU5H4=,0E4IQ+Ie1RHKpOqXtQyXzUYWqx0=
18,16,6IVqP5R0obzUVzIsKwyMebaU5H4=,rbQXH8zp2J3L3Gbn7oDg3MXiNcU=
16,17,6IVqP5R0obzUVzIsKwyMebaU5H4=,0E4IQ+Ie1RHKpOqXtQyXzUYWqx0=
17,17,6IVqP5R0obzUVzIsKwyMebaU5H4=,0E4IQ+Ie1RHKpOqXtQyXzUYWqx0=
17,18,6IVqP5R0obzUVzIsKwyMebaU5H4=,mzOJWXGtSWGEDsYSEks933LIpqk=
22,25,6IVqP5R0obzUVzIsKwyMebaU5H4=,VT6vhxmxRHtorMhRRgCEUIjkGLE=
22,26,6IVqP5R0obzUVzIsKwyMebaU5H4=,BSMgmAzrjvxAWihONRXcMFO319I=
21,23,6IVqP5R0obzUVzIsKwyMebaU5H4=,0XlRxLQ4WxuU4m7F0UxqOhR327M=
16,16,6IVqP5R0obzUVzIsKwyMebaU5H4=,0E4IQ+Ie1RHKpOqXtQyXzUYWqx0=
22,23,6IVqP5R0obzUVzIsKwyMebaU5H4=,Qg2SJqIIGrENYX9RgYZKJTB0FPo=
22,24,6IVqP5R0obzUVzIsKwyMebaU5H4=,VT6vhxmxRHtorMhRRgCEUIjkGLE=
16,18,6IVqP5R0obzUVzIsKwyMebaU5H4=,mzOJWXGtSWGEDsYSEks933LIpqk=
24,26,6IVqP5R0obzUVzIsKwyMebaU5H4=,uWIh9dKE1Fg0fH6N6MkPucfpoOw=
23,26,6IVqP5R0obzUVzIsKwyMebaU5H4=,BSMgmAzrjvxAWihONRXcMFO319I=
25,26,6IVqP5R0obzUVzIsKwyMebaU5H4=,uWIh9dKE1Fg0fH6N6MkPucfpoOw=
25,23,6IVqP5R0obzUVzIsKwyMebaU5H4=,7R7wY+utZg3HIcVvRdGJkqNEqPk=
24,25,6IVqP5R0obzUVzIsKwyMebaU5H4=,hj7tnLpNaqUw+I4ygQgujo1ltf0=
25,24,6IVqP5R0obzUVzIsKwyMebaU5H4=,hj7tnLpNaqUw+I4ygQgujo1ltf0=
23,25,6IVqP5R0obzUVzIsKwyMebaU5H4=,VT6vhxmxRHtorMhRRgCEUIjkGLE=
25,25,6IVqP5R0obzUVzIsKwyMebaU5H4=,hj7tnLpNaqUw+I4ygQgujo1ltf0=
23,24,6IVqP5R0obzUVzIsKwyMebaU5H4=,VT6vhxmxRHtorMhRRgCEUIjkGLE=
24,23,6IVqP5R0obzUVzIsKwyMebaU5H4=,7R7wY+utZg3HIcVvRdGJkqNEqPk=
24,24,6IVqP5R0obzUVzIsKwyMebaU5H4=,hj7tnLpNaqUw+I4ygQgujo1ltf0=
23,23,6IVqP5R0obzUVzIsKwyMebaU5H4=,Qg2SJqIIGrENYX9RgYZKJTB0FPo=
24,14,6IVqP5R0obzUVzIsKwyMebaU5H4=,I0chi3VHcsoKePtMizJPCFHZHhg=
22,12,6IVqP5R0obzUVzIsKwyMebaU5H4=,e4Ar0uIHMkKMglOx2yN1xVLoyns=
21,11,6IVqP5R0obzUVzIsKwyMebaU5H4=,oD104R8OBtE7VpNHKWznPBM+DPY=
21,12,6IVqP5R0obzUVzIsKwyMebaU5H4=,0X2ONrBWg9DboCMCUQ8gMECPY90=
22,11,6IVqP5R0obzUVzIsKwyMebaU5H4=,xF1woqSWmhyehufTQ1rcUllo+EI=
23,14,6IVqP5R0obzUVzIsKwyMebaU5H4=,8L84GNpofSytRvCLLdJy+oHGTTo=
22,13,6IVqP5R0obzUVzIsKwyMebaU5H4=,e4Ar0uIHMkKMglOx2yN1xVLoyns=
22,14,6IVqP5R0obzUVzIsKwyMebaU5H4=,8L84GNpofSytRvCLLdJy+oHGTTo=
24,13,6IVqP5R0obzUVzIsKwyMebaU5H4=,KH4dTMLAjMpYwd4ys57gxCSIvlw=
23,13,6IVqP5R0obzUVzIsKwyMebaU5H4=,e4Ar0uIHMkKMglOx2yN1xVLoyns=
21,13,6IVqP5R0obzUVzIsKwyMebaU5H4=,0X2ONrBWg9DboCMCUQ8gMECPY90=
21,14,6IVqP5R0obzUVzIsKwyMebaU5H4=,KFhg9ALxKR+QKSE/R4qNrr54GJ0=
20,14,6IVqP5R0obzUVzIsKwyMebaU5H4=,KFhg9ALxKR+QKSE/R4qNrr54GJ0=
19,13,6IVqP5R0obzUVzIsKwyMebaU5H4=,qjvQsn/IY011HYcinDwtK0jwe9M=
20,13,6IVqP5R0obzUVzIsKwyMebaU5H4=,0X2ONrBWg9DboCMCUQ8gMECPY90=
19,14,6IVqP5R0obzUVzIsKwyMebaU5H4=,1dIIlk95YedeXME3tDD56+etmp8=
19,12,6IVqP5R0obzUVzIsKwyMebaU5H4=,qjvQsn/IY011HYcinDwtK0jwe9M=
20,11,6IVqP5R0obzUVzIsKwyMebaU5H4=,oD104R8OBtE7VpNHKWznPBM+DPY=
20,12,6IVqP5R0obzUVzIsKwyMebaU5H4=,0X2ONrBWg9DboCMCUQ8gMECPY90=
21,15,6IVqP5R0obzUVzIsKwyMebaU5H4=,KFhg9ALxKR+QKSE/R4qNrr54GJ0=
20,15,6IVqP5R0obzUVzIsKwyMebaU5H4=,KFhg9ALxKR+QKSE/R4qNrr54GJ0=
19,15,6IVqP5R0obzUVzIsKwyMebaU5H4=,1dIIlk95YedeXME3tDD56+etmp8=
22,15,6IVqP5R0obzUVzIsKwyMebaU5H4=,8L84GNpofSytRvCLLdJy+oHGTTo=
25,14,6IVqP5R0obzUVzIsKwyMebaU5H4=,I0chi3VHcsoKePtMizJPCFHZHhg=
25,13,6IVqP5R0obzUVzIsKwyMebaU5H4=,KH4dTMLAjMpYwd4ys57gxCSIvlw=
24,15,6IVqP5R0obzUVzIsKwyMebaU5H4=,I0chi3VHcsoKePtMizJPCFHZHhg=
23,15,6IVqP5R0obzUVzIsKwyMebaU5H4=,8L84GNpofSytRvCLLdJy+oHGTTo=
25,15,6IVqP5R0obzUVzIsKwyMebaU5H4=,I0chi3VHcsoKePtMizJPCFHZHhg=
17,9,6IVqP5R0obzUVzIsKwyMebaU5H4=,6noLq0p4qCBMUN4T91axuw4T3SY=
17,10,6IVqP5R0obzUVzIsKwyMebaU5H4=,iApVzpjdk8M+OYsxMtMJOke/wto=
23,8,6IVqP5R0obzUVzIsKwyMebaU5H4=,xNiQm6wQE7q3ewTPYbtwDvcx50U=
23,7,6IVqP5R0obzUVzIsKwyMebaU5H4=,STB21x6llwXGmCnIq/n3xKt3KPk=
24,12,6IVqP5R0obzUVzIsKwyMebaU5H4=,KH4dTMLAjMpYwd4ys57gxCSIvlw=
23,12,6IVqP5R0obzUVzIsKwyMebaU5H4=,e4Ar0uIHMkKMglOx2yN1xVLoyns=
23,10,6IVqP5R0obzUVzIsKwyMebaU5H4=,xF1woqSWmhyehufTQ1rcUllo+EI=
23,9,6IVqP5R0obzUVzIsKwyMebaU5H4=,xNiQm6wQE7q3ewTPYbtwDvcx50U=
23,11,6IVqP5R0obzUVzIsKwyMebaU5H4=,xF1woqSWmhyehufTQ1rcUllo+EI=
25,12,6IVqP5R0obzUVzIsKwyMebaU5H4=,KH4dTMLAjMpYwd4ys57gxCSIvlw=
16,9,6IVqP5R0obzUVzIsKwyMebaU5H4=,6noLq0p4qCBMUN4T91axuw4T3SY=
16,10,6IVqP5R0obzUVzIsKwyMebaU5H4=,iApVzpjdk8M+OYsxMtMJOke/wto=
20,8,6IVqP5R0obzUVzIsKwyMebaU5H4=,04xhDos/r8Ca8Ov6u1Rxhg5IVGg=
22,8,6IVqP5R0obzUVzIsKwyMebaU5H4=,xNiQm6wQE7q3ewTPYbtwDvcx50U=
22,10,6IVqP5R0obzUVzIsKwyMebaU5H4=,xF1woqSWmhyehufTQ1rcUllo+EI=
20,9,6IVqP5R0obzUVzIsKwyMebaU5H4=,04xhDos/r8Ca8Ov6u1Rxhg5IVGg=
21,8,6IVqP5R0obzUVzIsKwyMebaU5H4=,04xhDos/r8Ca8Ov6u1Rxhg5IVGg=
21,9,6IVqP5R0obzUVzIsKwyMebaU5H4=,04xhDos/r8Ca8Ov6u1Rxhg5IVGg=
22,9,6IVqP5R0obzUVzIsKwyMebaU5H4=,xNiQm6wQE7q3ewTPYbtwDvcx50U=
22,7,6IVqP5R0obzUVzIsKwyMebaU5H4=,STB21x6llwXGmCnIq/n3xKt3KPk=
21,7,6IVqP5R0obzUVzIsKwyMebaU5H4=,bZjlHre9vz+w/VgYZbVm/U8QGBo=
20,7,6IVqP5R0obzUVzIsKwyMebaU5H4=,bZjlHre9vz+w/VgYZbVm/U8QGBo=
20,10,6IVqP5R0obzUVzIsKwyMebaU5H4=,oD104R8OBtE7VpNHKWznPBM+DPY=
21,10,6IVqP5R0obzUVzIsKwyMebaU5H4=,oD104R8OBtE7VpNHKWznPBM+DPY=
18,12,6IVqP5R0obzUVzIsKwyMebaU5H4=,qjvQsn/IY011HYcinDwtK0jwe9M=
17,11,6IVqP5R0obzUVzIsKwyMebaU5H4=,iApVzpjdk8M+OYsxMtMJOke/wto=
16,11,6IVqP5R0obzUVzIsKwyMebaU5H4=,iApVzpjdk8M+OYsxMtMJOke/wto=
17,8,6IVqP5R0obzUVzIsKwyMebaU5H4=,6noLq0p4qCBMUN4T91axuw4T3SY=
16,8,6IVqP5R0obzUVzIsKwyMebaU5H4=,6noLq0p4qCBMUN4T91axuw4T3SY=
17,12,6IVqP5R0obzUVzIsKwyMebaU5H4=,y8T+7/AsiUMNRDUO2qBQLnc0l6I=
23,6,6IVqP5R0obzUVzIsKwyMebaU5H4=,STB21x6llwXGmCnIq/n3xKt3KPk=
16,12,6IVqP5R0obzUVzIsKwyMebaU5H4=,y8T+7/AsiUMNRDUO2qBQLnc0l6I=
19,0,6IVqP5R0obzUVzIsKwyMebaU5H4=,rj6xSV2v+A5p9zBN9oqiO/6+c7c=
21,6,6IVqP5R0obzUVzIsKwyMebaU5H4=,bZjlHre9vz+w/VgYZbVm/U8QGBo=
22,6,6IVqP5R0obzUVzIsKwyMebaU5H4=,STB21x6llwXGmCnIq/n3xKt3KPk=
20,6,6IVqP5R0obzUVzIsKwyMebaU5H4=,bZjlHre9vz+w/VgYZbVm/U8QGBo=
19,1,6IVqP5R0obzUVzIsKwyMebaU5H4=,rj6xSV2v+A5p9zBN9oqiO/6+c7c=
18,13,6IVqP5R0obzUVzIsKwyMebaU5H4=,qjvQsn/IY011HYcinDwtK0jwe9M=
17,13,6IVqP5R0obzUVzIsKwyMebaU5H4=,y8T+7/AsiUMNRDUO2qBQLnc0l6I=
16,15,6IVqP5R0obzUVzIsKwyMebaU5H4=,ocZpsMZnJ2qzUk2VlLJDhNTz6ow=
16,14,6IVqP5R0obzUVzIsKwyMebaU5H4=,ocZpsMZnJ2qzUk2VlLJDhNTz6ow=
17,14,6IVqP5R0obzUVzIsKwyMebaU5H4=,ocZpsMZnJ2qzUk2VlLJDhNTz6ow=
17,15,6IVqP5R0obzUVzIsKwyMebaU5H4=,ocZpsMZnJ2qzUk2VlLJDhNTz6ow=
18,14,6IVqP5R0obzUVzIsKwyMebaU5H4=,1dIIlk95YedeXME3tDD56+etmp8=
16,13,6IVqP5R0obzUVzIsKwyMebaU5H4=,y8T+7/AsiUMNRDUO2qBQLnc0l6I=
18,1,6IVqP5R0obzUVzIsKwyMebaU5H4=,rj6xSV2v+A5p9zBN9oqiO/6+c7c=
17,1,6IVqP5R0obzUVzIsKwyMebaU5H4=,pKN0pHVY2p+yo/AaVnxe5fccqSI=
18,0,6IVqP5R0obzUVzIsKwyMebaU5H4=,rj6xSV2v+A5p9zBN9oqiO/6+c7c=
17,0,6IVqP5R0obzUVzIsKwyMebaU5H4=,pKN0pHVY2p+yo/AaVnxe5fccqSI=
16,1,6IVqP5R0obzUVzIsKwyMebaU5H4=,pKN0pHVY2p+yo/AaVnxe5fccqSI=
16,0,6IVqP5R0obzUVzIsKwyMebaU5H4=,pKN0pHVY2p+yo/AaVnxe5fccqSI=
18,15,6IVqP5R0obzUVzIsKwyMebaU5H4=,1dIIlk95YedeXME3tDD56+etmp8=
