2,1,p2+xx71SfKGGot3D3dN+qwlK69k=,uAKPXzY8n8YuLpoo/w+sFAWpCb8=
1,1,p2+xx71SfKGGot3D3dN+qwlK69k=,zCSujm0Gpyk1sTCwJ/NV/YWsvHA=
1,2,p2+xx71SfKGGot3D3dN+qwlK69k=,zRGHCHSuFyEH0um3Sc7OzHG3dzs=
2,2,p2+xx71SfKGGot3D3dN+qwlK69k=,nimsgnaeupd4cKBp21N5Vfl1ETw=
1,3,p2+xx71SfKGGot3D3dN+qwlK69k=,zRGHCHSuFyEH0um3Sc7OzHG3dzs=
2,4,p2+xx71SfKGGot3D3dN+qwlK69k=,Fs+CugU+fHc7kuTML2c5oYCfxGI=
2,3,p2+xx71SfKGGot3D3dN+qwlK69k=,nimsgnaeupd4cKBp21N5Vfl1ETw=
1,4,p2+xx71SfKGGot3D3dN+qwlK69k=,cFKyF8LCQ/yj8gQ0hF1nkerG3xY=
2,6,p2+xx71SfKGGot3D3dN+qwlK69k=,R2E7dR73VCRGvfNJfu/6/2Ppwy4=
1,5,p2+xx71SfKGGot3D3dN+qwlK69k=,cFKyF8LCQ/yj8gQ0hF1nkerG3xY=
1,6,p2+xx71SfKGGot3D3dN+qwlK69k=,xIAJYz3aDs49ER/TQUKYKfoQee0=
2,5,p2+xx71SfKGGot3D3dN+qwlK69k=,Fs+CugU+fHc7kuTML2c5oYCfxGI=
2,8,p2+xx71SfKGGot3D3dN+qwlK69k=,R2E7dR73VCRGvfNJfu/6/2Ppwy4=
2,7,p2+xx71SfKGGot3D3dN+qwlK69k=,R2E7dR73VCRGvfNJfu/6/2Ppwy4=
1,8,p2+xx71SfKGGot3D3dN+qwlK69k=,xIAJYz3aDs49ER/TQUKYKfoQee0=
1,7,p2+xx71SfKGGot3D3dN+qwlK69k=,xIAJYz3aDs49ER/TQUKYKfoQee0=
2,9,p2+xx71SfKGGot3D3dN+qwlK69k=,R2E7dR73VCRGvfNJfu/6/2Ppwy4=
2,10,p2+xx71SfKGGot3D3dN+qwlK69k=,xIAJYz3aDs49ER/TQUKYKfoQee0=
1,9,p2+xx71SfKGGot3D3dN+qwlK69k=,xIAJYz3aDs49ER/TQUKYKfoQee0=
1,10,p2+xx71SfKGGot3D3dN+qwlK69k=,xIAJYz3aDs49ER/TQUKYKfoQee0=
2,12,2pc4elL4e+HUoipX+7C9mKz43j8=,xIAJYz3aDs49ER/TQUKYKfoQee0=
1,11,2pc4elL4e+HUoipX+7C9mKz43j8=,xIAJYz3aDs49ER/TQUKYKfoQee0=
1,12,2pc4elL4e+HUoipX+7C9mKz43j8=,xIAJYz3aDs49ER/TQUKYKfoQee0=
2,11,2pc4elL4e+HUoipX+7C9mKz43j8=,xIAJYz3aDs49ER/TQUKYKfoQee0=
2,13,2pc4elL4e+HUoipX+7C9mKz43j8=,xIAJYz3aDs49ER/TQUKYKfoQee0=
2,14,2pc4elL4e+HUoipX+7C9mKz43j8=,xIAJYz3aDs49ER/TQUKYKfoQee0=
1,13,2pc4elL4e+HUoipX+7C9mKz43j8=,xIAJYz3aDs49ER/TQUKYKfoQee0=
1,14,2pc4elL4e+HUoipX+7C9mKz43j8=,xIAJYz3aDs49ER/TQUKYKfoQee0=
4,11,2pc4elL4e+HUoipX+7C9mKz43j8=,Lde7VZivymx9x6FWrR8exufbLKg=
3,11,2pc4elL4e+HUoipX+7C9mKz43j8=,xIAJYz3aDs49ER/TQUKYKfoQee0=
3,12,2pc4elL4e+HUoipX+7C9mKz43j8=,xIAJYz3aDs49ER/TQUKYKfoQee0=
4,12,2pc4elL4e+HUoipX+7C9mKz43j8=,xIAJYz3aDs49ER/TQUKYKfoQee0=
3,13,2pc4elL4e+HUoipX+7C9mKz43j8=,xIAJYz3aDs49ER/TQUKYKfoQee0=
4,14,2pc4elL4e+HUoipX+7C9mKz43j8=,xIAJYz3aDs49ER/TQUKYKfoQee0=
4,13,2pc4elL4e+HUoipX+7C9mKz43j8=,xIAJYz3aDs49ER/TQUKYKfoQee0=
3,14,2pc4elL4e+HUoipX+7C9mKz43j8=,xIAJYz3aDs49ER/TQUKYKfoQee0=
3,10,2pc4elL4e+HUoipX+7C9mKz43j8=,xIAJYz3aDs49ER/TQUKYKfoQee0=
4,10,2pc4elL4e+HUoipX+7C9mKz43j8=,Lde7VZivymx9x6FWrR8exufbLKg=
3,9,2pc4elL4e+HUoipX+7C9mKz43j8=,R2E7dR73VCRGvfNJfu/6/2Ppwy4=
4,9,2pc4elL4e+HUoipX+7C9mKz43j8=,FFGF+2LKQauCow+6pELCMTA7Yxw=
3,8,2pc4elL4e+HUoipX+7C9mKz43j8=,R2E7dR73VCRGvfNJfu/6/2Ppwy4=
3,7,2pc4elL4e+HUoipX+7C9mKz43j8=,R2E7dR73VCRGvfNJfu/6/2Ppwy4=
4,8,2pc4elL4e+HUoipX+7C9mKz43j8=,FFGF+2LKQauCow+6pELCMTA7Yxw=
4,7,2pc4elL4e+HUoipX+7C9mKz43j8=,PpTPuInPYejLizkaWfDDEdT+G9g=
4,6,2pc4elL4e+HUoipX+7C9mKz43j8=,PpTPuInPYejLizkaWfDDEdT+G9g=
4,5,2pc4elL4e+HUoipX+7C9mKz43j8=,YJl9/lQmAyHvnAH5Mv2A/2qYpSQ=
3,5,2pc4elL4e+HUoipX+7C9mKz43j8=,Fs+CugU+fHc7kuTML2c5oYCfxGI=
4,3,2pc4elL4e+HUoipX+7C9mKz43j8=,tqYK8oxT6x6TADENFEVJdHVPL9s=
4,4,2pc4elL4e+HUoipX+7C9mKz43j8=,YJl9/lQmAyHvnAH5Mv2A/2qYpSQ=
3,4,2pc4elL4e+HUoipX+7C9mKz43j8=,Fs+CugU+fHc7kuTML2c5oYCfxGI=
3,3,2pc4elL4e+HUoipX+7C9mKz43j8=,nimsgnaeupd4cKBp21N5Vfl1ETw=
3,6,2pc4elL4e+HUoipX+7C9mKz43j8=,R2E7dR73VCRGvfNJfu/6/2Ppwy4=
3,1,2pc4elL4e+HUoipX+7C9mKz43j8=,uAKPXzY8n8YuLpoo/w+sFAWpCb8=
3,2,2pc4elL4e+HUoipX+7C9mKz43j8=,nimsgnaeupd4cKBp21N5Vfl1ETw=
4,2,2pc4elL4e+HUoipX+7C9mKz43j8=,tqYK8oxT6x6TADENFEVJdHVPL9s=
4,1,2pc4elL4e+HUoipX+7C9mKz43j8=,tqYK8oxT6x6TADENFEVJdHVPL9s=
6,3,2pc4elL4e+HUoipX+7C9mKz43j8=,/I6wBEheXVZnWJ2oHbd0wLof8Ks=
6,4,2pc4elL4e+HUoipX+7C9mKz43j8=,96t5jdnFrj6iq0+f7MT7VpZNztI=
5,4,2pc4elL4e+HUoipX+7C9mKz43j8=,YJl9/lQmAyHvnAH5Mv2A/2qYpSQ=
6,1,fj/HnmEQcY/1yHdXflTSlglm9JY=,cbtDnFn8+MMMArC4/LcdYjw84Kk=
5,2,fj/HnmEQcY/1yHdXflTSlglm9JY=,tqYK8oxT6x6TADENFEVJdHVPL9s=
5,3,fj/HnmEQcY/1yHdXflTSlglm9JY=,tqYK8oxT6x6TADENFEVJdHVPL9s=
6,2,fj/HnmEQcY/1yHdXflTSlglm9JY=,/I6wBEheXVZnWJ2oHbd0wLof8Ks=
5,1,fj/HnmEQcY/1yHdXflTSlglm9JY=,tqYK8oxT6x6TADENFEVJdHVPL9s=
5,5,fj/HnmEQcY/1yHdXflTSlglm9JY=,YJl9/lQmAyHvnAH5Mv2A/2qYpSQ=
6,6,fj/HnmEQcY/1yHdXflTSlglm9JY=,e+qA0DG708XkJJ7nnYV6DlrIzts=
5,7,fj/HnmEQcY/1yHdXflTSlglm9JY=,PpTPuInPYejLizkaWfDDEdT+G9g=
5,6,fj/HnmEQcY/1yHdXflTSlglm9JY=,PpTPuInPYejLizkaWfDDEdT+G9g=
5,8,fj/HnmEQcY/1yHdXflTSlglm9JY=,FFGF+2LKQauCow+6pELCMTA7Yxw=
6,8,fj/HnmEQcY/1yHdXflTSlglm9JY=,iwdvWhFiaJi9tPAICAAwVMIO0v0=
6,7,fj/HnmEQcY/1yHdXflTSlglm9JY=,e+qA0DG708XkJJ7nnYV6DlrIzts=
6,5,fj/HnmEQcY/1yHdXflTSlglm9JY=,96t5jdnFrj6iq0+f7MT7VpZNztI=
6,9,fj/HnmEQcY/1yHdXflTSlglm9JY=,iwdvWhFiaJi9tPAICAAwVMIO0v0=
6,10,fj/HnmEQcY/1yHdXflTSlglm9JY=,b7aQzdFoFzXmr+kvDpotfrOFkp0=
5,10,fj/HnmEQcY/1yHdXflTSlglm9JY=,Lde7VZivymx9x6FWrR8exufbLKg=
5,9,fj/HnmEQcY/1yHdXflTSlglm9JY=,FFGF+2LKQauCow+6pELCMTA7Yxw=
6,11,fj/HnmEQcY/1yHdXflTSlglm9JY=,b7aQzdFoFzXmr+kvDpotfrOFkp0=
6,12,fj/HnmEQcY/1yHdXflTSlglm9JY=,b7aQzdFoFzXmr+kvDpotfrOFkp0=
5,12,fj/HnmEQcY/1yHdXflTSlglm9JY=,xIAJYz3aDs49ER/TQUKYKfoQee0=
5,11,fj/HnmEQcY/1yHdXflTSlglm9JY=,Lde7VZivymx9x6FWrR8exufbLKg=
6,14,fj/HnmEQcY/1yHdXflTSlglm9JY=,xIAJYz3aDs49ER/TQUKYKfoQee0=
5,14,fj/HnmEQcY/1yHdXflTSlglm9JY=,xIAJYz3aDs49ER/TQUKYKfoQee0=
5,13,fj/HnmEQcY/1yHdXflTSlglm9JY=,xIAJYz3aDs49ER/TQUKYKfoQee0=
6,13,fj/HnmEQcY/1yHdXflTSlglm9JY=,b7aQzdFoFzXmr+kvDpotfrOFkp0=
7,7,fj/HnmEQcY/1yHdXflTSlglm9JY=,e+qA0DG708XkJJ7nnYV6DlrIzts=
8,8,fj/HnmEQcY/1yHdXflTSlglm9JY=,iwdvWhFiaJi9tPAICAAwVMIO0v0=
7,8,fj/HnmEQcY/1yHdXflTSlglm9JY=,iwdvWhFiaJi9tPAICAAwVMIO0v0=
8,7,fj/HnmEQcY/1yHdXflTSlglm9JY=,iwdvWhFiaJi9tPAICAAwVMIO0v0=
8,10,fj/HnmEQcY/1yHdXflTSlglm9JY=,b7aQzdFoFzXmr+kvDpotfrOFkp0=
7,10,fj/HnmEQcY/1yHdXflTSlglm9JY=,b7aQzdFoFzXmr+kvDpotfrOFkp0=
7,9,fj/HnmEQcY/1yHdXflTSlglm9JY=,iwdvWhFiaJi9tPAICAAwVMIO0v0=
8,9,fj/HnmEQcY/1yHdXflTSlglm9JY=,iwdvWhFiaJi9tPAICAAwVMIO0v0=
8,12,fj/HnmEQcY/1yHdXflTSlglm9JY=,b7aQzdFoFzXmr+kvDpotfrOFkp0=
7,12,fj/HnmEQcY/1yHdXflTSlglm9JY=,b7aQzdFoFzXmr+kvDpotfrOFkp0=
7,11,fj/HnmEQcY/1yHdXflTSlglm9JY=,b7aQzdFoFzXmr+kvDpotfrOFkp0=
8,6,fj/HnmEQcY/1yHdXflTSlglm9JY=,iwdvWhFiaJi9tPAICAAwVMIO0v0=
8,4,fj/HnmEQcY/1yHdXflTSlglm9JY=,96t5jdnFrj6iq0+f7MT7VpZNztI=
8,11,fj/HnmEQcY/1yHdXflTSlglm9JY=,b7aQzdFoFzXmr+kvDpotfrOFkp0=
8,5,fj/HnmEQcY/1yHdXflTSlglm9JY=,96t5jdnFrj6iq0+f7MT7VpZNztI=
8,3,fj/HnmEQcY/1yHdXflTSlglm9JY=,/I6wBEheXVZnWJ2oHbd0wLof8Ks=
7,5,fj/HnmEQcY/1yHdXflTSlglm9JY=,96t5jdnFrj6iq0+f7MT7VpZNztI=
7,4,fj/HnmEQcY/1yHdXflTSlglm9JY=,96t5jdnFrj6iq0+f7MT7VpZNztI=
7,3,fj/HnmEQcY/1yHdXflTSlglm9JY=,/I6wBEheXVZnWJ2oHbd0wLof8Ks=
7,6,fj/HnmEQcY/1yHdXflTSlglm9JY=,e+qA0DG708XkJJ7nnYV6DlrIzts=
8,2,fj/HnmEQcY/1yHdXflTSlglm9JY=,/I6wBEheXVZnWJ2oHbd0wLof8Ks=
8,1,fj/HnmEQcY/1yHdXflTSlglm9JY=,s2TIT28pRi0o5/SACk9f5yTM2JI=
7,1,fj/HnmEQcY/1yHdXflTSlglm9JY=,cbtDnFn8+MMMArC4/LcdYjw84Kk=
7,2,fj/HnmEQcY/1yHdXflTSlglm9JY=,/I6wBEheXVZnWJ2oHbd0wLof8Ks=
8,14,fj/HnmEQcY/1yHdXflTSlglm9JY=,b7aQzdFoFzXmr+kvDpotfrOFkp0=
9,13,fj/HnmEQcY/1yHdXflTSlglm9JY=,b7aQzdFoFzXmr+kvDpotfrOFkp0=
10,14,fj/HnmEQcY/1yHdXflTSlglm9JY=,b7aQzdFoFzXmr+kvDpotfrOFkp0=
9,14,fj/HnmEQcY/1yHdXflTSlglm9JY=,b7aQzdFoFzXmr+kvDpotfrOFkp0=
7,14,fj/HnmEQcY/1yHdXflTSlglm9JY=,xIAJYz3aDs49ER/TQUKYKfoQee0=
8,13,fj/HnmEQcY/1yHdXflTSlglm9JY=,b7aQzdFoFzXmr+kvDpotfrOFkp0=
7,13,fj/HnmEQcY/1yHdXflTSlglm9JY=,b7aQzdFoFzXmr+kvDpotfrOFkp0=
10,13,fj/HnmEQcY/1yHdXflTSlglm9JY=,b7aQzdFoFzXmr+kvDpotfrOFkp0=
10,11,fj/HnmEQcY/1yHdXflTSlglm9JY=,RBc36VlhMHXDeub0Sp154GKdF64=
9,11,fj/HnmEQcY/1yHdXflTSlglm9JY=,b7aQzdFoFzXmr+kvDpotfrOFkp0=
9,12,fj/HnmEQcY/1yHdXflTSlglm9JY=,b7aQzdFoFzXmr+kvDpotfrOFkp0=
10,12,fj/HnmEQcY/1yHdXflTSlglm9JY=,b7aQzdFoFzXmr+kvDpotfrOFkp0=
10,9,fj/HnmEQcY/1yHdXflTSlglm9JY=,zK+5ecxEadoNd3gC3M/qMAst36E=
9,10,fj/HnmEQcY/1yHdXflTSlglm9JY=,b7aQzdFoFzXmr+kvDpotfrOFkp0=
9,9,fj/HnmEQcY/1yHdXflTSlglm9JY=,iwdvWhFiaJi9tPAICAAwVMIO0v0=
10,10,fj/HnmEQcY/1yHdXflTSlglm9JY=,RBc36VlhMHXDeub0Sp154GKdF64=
10,7,fj/HnmEQcY/1yHdXflTSlglm9JY=,zK+5ecxEadoNd3gC3M/qMAst36E=
10,8,puXvLXDh/rkY4FSxmWvSihLtP+I=,zK+5ecxEadoNd3gC3M/qMAst36E=
9,8,puXvLXDh/rkY4FSxmWvSihLtP+I=,iwdvWhFiaJi9tPAICAAwVMIO0v0=
10,5,puXvLXDh/rkY4FSxmWvSihLtP+I=,uyr/LXjQi6fvm8vROIjimktRbkk=
9,7,puXvLXDh/rkY4FSxmWvSihLtP+I=,iwdvWhFiaJi9tPAICAAwVMIO0v0=
9,5,puXvLXDh/rkY4FSxmWvSihLtP+I=,96t5jdnFrj6iq0+f7MT7VpZNztI=
9,6,puXvLXDh/rkY4FSxmWvSihLtP+I=,iwdvWhFiaJi9tPAICAAwVMIO0v0=
10,6,puXvLXDh/rkY4FSxmWvSihLtP+I=,zK+5ecxEadoNd3gC3M/qMAst36E=
10,4,puXvLXDh/rkY4FSxmWvSihLtP+I=,uyr/LXjQi6fvm8vROIjimktRbkk=
10,3,puXvLXDh/rkY4FSxmWvSihLtP+I=,uyr/LXjQi6fvm8vROIjimktRbkk=
10,1,puXvLXDh/rkY4FSxmWvSihLtP+I=,R/+TqemTegoyTX6/iLoaIOhSs6g=
9,3,puXvLXDh/rkY4FSxmWvSihLtP+I=,/I6wBEheXVZnWJ2oHbd0wLof8Ks=
9,4,puXvLXDh/rkY4FSxmWvSihLtP+I=,96t5jdnFrj6iq0+f7MT7VpZNztI=
9,1,puXvLXDh/rkY4FSxmWvSihLtP+I=,s2TIT28pRi0o5/SACk9f5yTM2JI=
12,6,puXvLXDh/rkY4FSxmWvSihLtP+I=,uyr/LXjQi6fvm8vROIjimktRbkk=
10,2,puXvLXDh/rkY4FSxmWvSihLtP+I=,uyr/LXjQi6fvm8vROIjimktRbkk=
9,2,puXvLXDh/rkY4FSxmWvSihLtP+I=,/I6wBEheXVZnWJ2oHbd0wLof8Ks=
12,5,puXvLXDh/rkY4FSxmWvSihLtP+I=,uyr/LXjQi6fvm8vROIjimktRbkk=
11,5,puXvLXDh/rkY4FSxmWvSihLtP+I=,uyr/LXjQi6fvm8vROIjimktRbkk=
11,6,puXvLXDh/rkY4FSxmWvSihLtP+I=,zK+5ecxEadoNd3gC3M/qMAst36E=
11,4,puXvLXDh/rkY4FSxmWvSihLtP+I=,uyr/LXjQi6fvm8vROIjimktRbkk=
11,3,puXvLXDh/rkY4FSxmWvSihLtP+I=,uyr/LXjQi6fvm8vROIjimktRbkk=
12,3,puXvLXDh/rkY4FSxmWvSihLtP+I=,ny1hm5+sbd7ikK/8yXO6s4QfyiU=
12,4,puXvLXDh/rkY4FSxmWvSihLtP+I=,uyr/LXjQi6fvm8vROIjimktRbkk=
12,14,puXvLXDh/rkY4FSxmWvSihLtP+I=,uyr/LXjQi6fvm8vROIjimktRbkk=
12,13,puXvLXDh/rkY4FSxmWvSihLtP+I=,uyr/LXjQi6fvm8vROIjimktRbkk=
11,13,puXvLXDh/rkY4FSxmWvSihLtP+I=,b7aQzdFoFzXmr+kvDpotfrOFkp0=
11,14,puXvLXDh/rkY4FSxmWvSihLtP+I=,b7aQzdFoFzXmr+kvDpotfrOFkp0=
11,8,puXvLXDh/rkY4FSxmWvSihLtP+I=,zK+5ecxEadoNd3gC3M/qMAst36E=
11,7,puXvLXDh/rkY4FSxmWvSihLtP+I=,zK+5ecxEadoNd3gC3M/qMAst36E=
12,8,puXvLXDh/rkY4FSxmWvSihLtP+I=,uyr/LXjQi6fvm8vROIjimktRbkk=
12,7,puXvLXDh/rkY4FSxmWvSihLtP+I=,uyr/LXjQi6fvm8vROIjimktRbkk=
12,11,puXvLXDh/rkY4FSxmWvSihLtP+I=,uyr/LXjQi6fvm8vROIjimktRbkk=
11,11,puXvLXDh/rkY4FSxmWvSihLtP+I=,RBc36VlhMHXDeub0Sp154GKdF64=
11,10,puXvLXDh/rkY4FSxmWvSihLtP+I=,RBc36VlhMHXDeub0Sp154GKdF64=
12,10,puXvLXDh/rkY4FSxmWvSihLtP+I=,uyr/LXjQi6fvm8vROIjimktRbkk=
12,9,puXvLXDh/rkY4FSxmWvSihLtP+I=,uyr/LXjQi6fvm8vROIjimktRbkk=
12,12,puXvLXDh/rkY4FSxmWvSihLtP+I=,uyr/LXjQi6fvm8vROIjimktRbkk=
11,12,puXvLXDh/rkY4FSxmWvSihLtP+I=,b7aQzdFoFzXmr+kvDpotfrOFkp0=
11,9,puXvLXDh/rkY4FSxmWvSihLtP+I=,zK+5ecxEadoNd3gC3M/qMAst36E=
13,12,puXvLXDh/rkY4FSxmWvSihLtP+I=,uyr/LXjQi6fvm8vROIjimktRbkk=
14,11,puXvLXDh/rkY4FSxmWvSihLtP+I=,uyr/LXjQi6fvm8vROIjimktRbkk=
13,9,puXvLXDh/rkY4FSxmWvSihLtP+I=,uyr/LXjQi6fvm8vROIjimktRbkk=
13,13,puXvLXDh/rkY4FSxmWvSihLtP+I=,uyr/LXjQi6fvm8vROIjimktRbkk=
13,14,puXvLXDh/rkY4FSxmWvSihLtP+I=,uyr/LXjQi6fvm8vROIjimktRbkk=
14,10,puXvLXDh/rkY4FSxmWvSihLtP+I=,uyr/LXjQi6fvm8vROIjimktRbkk=
13,11,puXvLXDh/rkY4FSxmWvSihLtP+I=,uyr/LXjQi6fvm8vROIjimktRbkk=
14,14,puXvLXDh/rkY4FSxmWvSihLtP+I=,uyr/LXjQi6fvm8vROIjimktRbkk=
14,13,puXvLXDh/rkY4FSxmWvSihLtP+I=,uyr/LXjQi6fvm8vROIjimktRbkk=
14,7,puXvLXDh/rkY4FSxmWvSihLtP+I=,uyr/LXjQi6fvm8vROIjimktRbkk=
14,9,puXvLXDh/rkY4FSxmWvSihLtP+I=,uyr/LXjQi6fvm8vROIjimktRbkk=
13,8,puXvLXDh/rkY4FSxmWvSihLtP+I=,uyr/LXjQi6fvm8vROIjimktRbkk=
14,12,puXvLXDh/rkY4FSxmWvSihLtP+I=,uyr/LXjQi6fvm8vROIjimktRbkk=
13,10,puXvLXDh/rkY4FSxmWvSihLtP+I=,uyr/LXjQi6fvm8vROIjimktRbkk=
14,8,puXvLXDh/rkY4FSxmWvSihLtP+I=,uyr/LXjQi6fvm8vROIjimktRbkk=
13,7,puXvLXDh/rkY4FSxmWvSihLtP+I=,uyr/LXjQi6fvm8vROIjimktRbkk=
14,5,puXvLXDh/rkY4FSxmWvSihLtP+I=,uyr/LXjQi6fvm8vROIjimktRbkk=
14,6,puXvLXDh/rkY4FSxmWvSihLtP+I=,uyr/LXjQi6fvm8vROIjimktRbkk=
13,6,puXvLXDh/rkY4FSxmWvSihLtP+I=,uyr/LXjQi6fvm8vROIjimktRbkk=
13,5,puXvLXDh/rkY4FSxmWvSihLtP+I=,uyr/LXjQi6fvm8vROIjimktRbkk=
14,3,puXvLXDh/rkY4FSxmWvSihLtP+I=,4n2MkhajPa1jpF7HwWVuuAjj9R8=
14,4,puXvLXDh/rkY4FSxmWvSihLtP+I=,uyr/LXjQi6fvm8vROIjimktRbkk=
13,3,puXvLXDh/rkY4FSxmWvSihLtP+I=,ny1hm5+sbd7ikK/8yXO6s4QfyiU=
13,4,puXvLXDh/rkY4FSxmWvSihLtP+I=,uyr/LXjQi6fvm8vROIjimktRbkk=
10,0,puXvLXDh/rkY4FSxmWvSihLtP+I=,R/+TqemTegoyTX6/iLoaIOhSs6g=
7,0,puXvLXDh/rkY4FSxmWvSihLtP+I=,cbtDnFn8+MMMArC4/LcdYjw84Kk=
8,0,puXvLXDh/rkY4FSxmWvSihLtP+I=,s2TIT28pRi0o5/SACk9f5yTM2JI=
2,0,puXvLXDh/rkY4FSxmWvSihLtP+I=,uAKPXzY8n8YuLpoo/w+sFAWpCb8=
1,0,puXvLXDh/rkY4FSxmWvSihLtP+I=,zCSujm0Gpyk1sTCwJ/NV/YWsvHA=
4,0,puXvLXDh/rkY4FSxmWvSihLtP+I=,tqYK8oxT6x6TADENFEVJdHVPL9s=
5,0,puXvLXDh/rkY4FSxmWvSihLtP+I=,tqYK8oxT6x6TADENFEVJdHVPL9s=
9,0,puXvLXDh/rkY4FSxmWvSihLtP+I=,s2TIT28pRi0o5/SACk9f5yTM2JI=
3,0,puXvLXDh/rkY4FSxmWvSihLtP+I=,uAKPXzY8n8YuLpoo/w+sFAWpCb8=
0,0,puXvLXDh/rkY4FSxmWvSihLtP+I=,zCSujm0Gpyk1sTCwJ/NV/YWsvHA=
6,0,puXvLXDh/rkY4FSxmWvSihLtP+I=,cbtDnFn8+MMMArC4/LcdYjw84Kk=
0,2,puXvLXDh/rkY4FSxmWvSihLtP+I=,zRGHCHSuFyEH0um3Sc7OzHG3dzs=
0,1,puXvLXDh/rkY4FSxmWvSihLtP+I=,zCSujm0Gpyk1sTCwJ/NV/YWsvHA=
0,3,puXvLXDh/rkY4FSxmWvSihLtP+I=,zRGHCHSuFyEH0um3Sc7OzHG3dzs=
12,0,puXvLXDh/rkY4FSxmWvSihLtP+I=,s2TIT28pRi0o5/SACk9f5yTM2JI=
15,1,puXvLXDh/rkY4FSxmWvSihLtP+I=,r63xwTzPH6aBAalWdT7eGcvERY0=
14,2,puXvLXDh/rkY4FSxmWvSihLtP+I=,4n2MkhajPa1jpF7HwWVuuAjj9R8=
13,2,puXvLXDh/rkY4FSxmWvSihLtP+I=,ny1hm5+sbd7ikK/8yXO6s4QfyiU=
13,1,puXvLXDh/rkY4FSxmWvSihLtP+I=,s2TIT28pRi0o5/SACk9f5yTM2JI=
14,1,puXvLXDh/rkY4FSxmWvSihLtP+I=,r63xwTzPH6aBAalWdT7eGcvERY0=
12,2,puXvLXDh/rkY4FSxmWvSihLtP+I=,ny1hm5+sbd7ikK/8yXO6s4QfyiU=
11,0,puXvLXDh/rkY4FSxmWvSihLtP+I=,R/+TqemTegoyTX6/iLoaIOhSs6g=
13,0,puXvLXDh/rkY4FSxmWvSihLtP+I=,s2TIT28pRi0o5/SACk9f5yTM2JI=
0,4,puXvLXDh/rkY4FSxmWvSihLtP+I=,cFKyF8LCQ/yj8gQ0hF1nkerG3xY=
11,2,puXvLXDh/rkY4FSxmWvSihLtP+I=,uyr/LXjQi6fvm8vROIjimktRbkk=
11,1,puXvLXDh/rkY4FSxmWvSihLtP+I=,R/+TqemTegoyTX6/iLoaIOhSs6g=
12,1,puXvLXDh/rkY4FSxmWvSihLtP+I=,s2TIT28pRi0o5/SACk9f5yTM2JI=
15,0,puXvLXDh/rkY4FSxmWvSihLtP+I=,r63xwTzPH6aBAalWdT7eGcvERY0=
14,0,puXvLXDh/rkY4FSxmWvSihLtP+I=,r63xwTzPH6aBAalWdT7eGcvERY0=
0,6,puXvLXDh/rkY4FSxmWvSihLtP+I=,xIAJYz3aDs49ER/TQUKYKfoQee0=
15,2,puXvLXDh/rkY4FSxmWvSihLtP+I=,4n2MkhajPa1jpF7HwWVuuAjj9R8=
0,7,puXvLXDh/rkY4FSxmWvSihLtP+I=,xIAJYz3aDs49ER/TQUKYKfoQee0=
0,8,puXvLXDh/rkY4FSxmWvSihLtP+I=,xIAJYz3aDs49ER/TQUKYKfoQee0=
0,5,puXvLXDh/rkY4FSxmWvSihLtP+I=,cFKyF8LCQ/yj8gQ0hF1nkerG3xY=
8,15,puXvLXDh/rkY4FSxmWvSihLtP+I=,b7aQzdFoFzXmr+kvDpotfrOFkp0=
0,12,puXvLXDh/rkY4FSxmWvSihLtP+I=,xIAJYz3aDs49ER/TQUKYKfoQee0=
6,15,puXvLXDh/rkY4FSxmWvSihLtP+I=,xIAJYz3aDs49ER/TQUKYKfoQee0=
7,15,puXvLXDh/rkY4FSxmWvSihLtP+I=,xIAJYz3aDs49ER/TQUKYKfoQee0=
10,15,puXvLXDh/rkY4FSxmWvSihLtP+I=,b7aQzdFoFzXmr+kvDpotfrOFkp0=
0,15,puXvLXDh/rkY4FSxmWvSihLtP+I=,xIAJYz3aDs49ER/TQUKYKfoQee0=
0,14,puXvLXDh/rkY4FSxmWvSihLtP+I=,xIAJYz3aDs49ER/TQUKYKfoQee0=
2,15,puXvLXDh/rkY4FSxmWvSihLtP+I=,xIAJYz3aDs49ER/TQUKYKfoQee0=
12,15,puXvLXDh/rkY4FSxmWvSihLtP+I=,uyr/LXjQi6fvm8vROIjimktRbkk=
11,15,puXvLXDh/rkY4FSxmWvSihLtP+I=,b7aQzdFoFzXmr+kvDpotfrOFkp0=
0,10,puXvLXDh/rkY4FSxmWvSihLtP+I=,xIAJYz3aDs49ER/TQUKYKfoQee0=
0,9,puXvLXDh/rkY4FSxmWvSihLtP+I=,xIAJYz3aDs49ER/TQUKYKfoQee0=
9,15,puXvLXDh/rkY4FSxmWvSihLtP+I=,b7aQzdFoFzXmr+kvDpotfrOFkp0=
0,11,puXvLXDh/rkY4FSxmWvSihLtP+I=,xIAJYz3aDs49ER/TQUKYKfoQee0=
1,15,puXvLXDh/rkY4FSxmWvSihLtP+I=,xIAJYz3aDs49ER/TQUKYKfoQee0=
5,15,puXvLXDh/rkY4FSxmWvSihLtP+I=,xIAJYz3aDs49ER/TQUKYKfoQee0=
0,13,puXvLXDh/rkY4FSxmWvSihLtP+I=,xIAJYz3aDs49ER/TQUKYKfoQee0=
13,15,puXvLXDh/rkY4FSxmWvSihLtP+I=,uyr/LXjQi6fvm8vROIjimktRbkk=
14,15,puXvLXDh/rkY4FSxmWvSihLtP+I=,uyr/LXjQi6fvm8vROIjimktRbkk=
15,6,puXvLXDh/rkY4FSxmWvSihLtP+I=,uyr/LXjQi6fvm8vROIjimktRbkk=
15,5,puXvLXDh/rkY4FSxmWvSihLtP+I=,uyr/LXjQi6fvm8vROIjimktRbkk=
15,4,puXvLXDh/rkY4FSxmWvSihLtP+I=,uyr/LXjQi6fvm8vROIjimktRbkk=
15,7,puXvLXDh/rkY4FSxmWvSihLtP+I=,uyr/LXjQi6fvm8vROIjimktRbkk=
15,3,puXvLXDh/rkY4FSxmWvSihLtP+I=,4n2MkhajPa1jpF7HwWVuuAjj9R8=
4,15,puXvLXDh/rkY4FSxmWvSihLtP+I=,xIAJYz3aDs49ER/TQUKYKfoQee0=
15,14,puXvLXDh/rkY4FSxmWvSihLtP+I=,uyr/LXjQi6fvm8vROIjimktRbkk=
15,15,puXvLXDh/rkY4FSxmWvSihLtP+I=,uyr/LXjQi6fvm8vROIjimktRbkk=
15,12,puXvLXDh/rkY4FSxmWvSihLtP+I=,uyr/LXjQi6fvm8vROIjimktRbkk=
15,8,puXvLXDh/rkY4FSxmWvSihLtP+I=,uyr/LXjQi6fvm8vROIjimktRbkk=
3,15,puXvLXDh/rkY4FSxmWvSihLtP+I=,xIAJYz3aDs49ER/TQUKYKfoQee0=
15,11,puXvLXDh/rkY4FSxmWvSihLtP+I=,uyr/LXjQi6fvm8vROIjimktRbkk=
15,10,puXvLXDh/rkY4FSxmWvSihLtP+I=,uyr/LXjQi6fvm8vROIjimktRbkk=
15,9,puXvLXDh/rkY4FSxmWvSihLtP+I=,uyr/LXjQi6fvm8vROIjimktRbkk=
15,13,puXvLXDh/rkY4FSxmWvSihLtP+I=,uyr/LXjQi6fvm8vROIjimktRbkk=
6,24,xA1EzQHspfr76W4revuTWGU1e3Y=,xIAJYz3aDs49ER/TQUKYKfoQee0=
5,24,xA1EzQHspfr76W4revuTWGU1e3Y=,xIAJYz3aDs49ER/TQUKYKfoQee0=
5,23,xA1EzQHspfr76W4revuTWGU1e3Y=,xIAJYz3aDs49ER/TQUKYKfoQee0=
6,23,xA1EzQHspfr76W4revuTWGU1e3Y=,xIAJYz3aDs49ER/TQUKYKfoQee0=
7,24,xA1EzQHspfr76W4revuTWGU1e3Y=,xIAJYz3aDs49ER/TQUKYKfoQee0=
8,23,xA1EzQHspfr76W4revuTWGU1e3Y=,xIAJYz3aDs49ER/TQUKYKfoQee0=
7,23,xA1EzQHspfr76W4revuTWGU1e3Y=,xIAJYz3aDs49ER/TQUKYKfoQee0=
8,24,xA1EzQHspfr76W4revuTWGU1e3Y=,xIAJYz3aDs49ER/TQUKYKfoQee0=
8,22,xA1EzQHspfr76W4revuTWGU1e3Y=,xIAJYz3aDs49ER/TQUKYKfoQee0=
8,21,xA1EzQHspfr76W4revuTWGU1e3Y=,xIAJYz3aDs49ER/TQUKYKfoQee0=
7,21,xA1EzQHspfr76W4revuTWGU1e3Y=,xIAJYz3aDs49ER/TQUKYKfoQee0=
7,22,xA1EzQHspfr76W4revuTWGU1e3Y=,xIAJYz3aDs49ER/TQUKYKfoQee0=
6,21,xA1EzQHspfr76W4revuTWGU1e3Y=,xIAJYz3aDs49ER/TQUKYKfoQee0=
6,22,xA1EzQHspfr76W4revuTWGU1e3Y=,xIAJYz3aDs49ER/TQUKYKfoQee0=
5,21,xA1EzQHspfr76W4revuTWGU1e3Y=,xIAJYz3aDs49ER/TQUKYKfoQee0=
5,22,xA1EzQHspfr76W4revuTWGU1e3Y=,xIAJYz3aDs49ER/TQUKYKfoQee0=
8,20,xA1EzQHspfr76W4revuTWGU1e3Y=,xIAJYz3aDs49ER/TQUKYKfoQee0=
7,20,xA1EzQHspfr76W4revuTWGU1e3Y=,xIAJYz3aDs49ER/TQUKYKfoQee0=
8,19,xA1EzQHspfr76W4revuTWGU1e3Y=,xIAJYz3aDs49ER/TQUKYKfoQee0=
7,19,xA1EzQHspfr76W4revuTWGU1e3Y=,xIAJYz3aDs49ER/TQUKYKfoQee0=
4,20,xA1EzQHspfr76W4revuTWGU1e3Y=,xIAJYz3aDs49ER/TQUKYKfoQee0=
3,20,xA1EzQHspfr76W4revuTWGU1e3Y=,e9BcMz/Wbduev46KQykILRJ9fGg=
3,19,xA1EzQHspfr76W4revuTWGU1e3Y=,xIAJYz3aDs49ER/TQUKYKfoQee0=
5,20,xA1EzQHspfr76W4revuTWGU1e3Y=,xIAJYz3aDs49ER/TQUKYKfoQee0=
6,20,xA1EzQHspfr76W4revuTWGU1e3Y=,xIAJYz3aDs49ER/TQUKYKfoQee0=
4,19,xA1EzQHspfr76W4revuTWGU1e3Y=,xIAJYz3aDs49ER/TQUKYKfoQee0=
6,19,xA1EzQHspfr76W4revuTWGU1e3Y=,xIAJYz3aDs49ER/TQUKYKfoQee0=
5,19,xA1EzQHspfr76W4revuTWGU1e3Y=,xIAJYz3aDs49ER/TQUKYKfoQee0=
6,17,xA1EzQHspfr76W4revuTWGU1e3Y=,xIAJYz3aDs49ER/TQUKYKfoQee0=
5,18,xA1EzQHspfr76W4revuTWGU1e3Y=,xIAJYz3aDs49ER/TQUKYKfoQee0=
6,18,xA1EzQHspfr76W4revuTWGU1e3Y=,xIAJYz3aDs49ER/TQUKYKfoQee0=
5,17,xA1EzQHspfr76W4revuTWGU1e3Y=,xIAJYz3aDs49ER/TQUKYKfoQee0=
3,18,xA1EzQHspfr76W4revuTWGU1e3Y=,xIAJYz3aDs49ER/TQUKYKfoQee0=
4,17,xA1EzQHspfr76W4revuTWGU1e3Y=,xIAJYz3aDs49ER/TQUKYKfoQee0=
4,18,xA1EzQHspfr76W4revuTWGU1e3Y=,xIAJYz3aDs49ER/TQUKYKfoQee0=
3,17,xA1EzQHspfr76W4revuTWGU1e3Y=,xIAJYz3aDs49ER/TQUKYKfoQee0=
1,21,xA1EzQHspfr76W4revuTWGU1e3Y=,e9BcMz/Wbduev46KQykILRJ9fGg=
2,21,xA1EzQHspfr76W4revuTWGU1e3Y=,e9BcMz/Wbduev46KQykILRJ9fGg=
3,21,xA1EzQHspfr76W4revuTWGU1e3Y=,e9BcMz/Wbduev46KQykILRJ9fGg=
4,21,xA1EzQHspfr76W4revuTWGU1e3Y=,xIAJYz3aDs49ER/TQUKYKfoQee0=
4,22,xA1EzQHspfr76W4revuTWGU1e3Y=,xIAJYz3aDs49ER/TQUKYKfoQee0=
4,23,xA1EzQHspfr76W4revuTWGU1e3Y=,xIAJYz3aDs49ER/TQUKYKfoQee0=
4,24,xA1EzQHspfr76W4revuTWGU1e3Y=,xIAJYz3aDs49ER/TQUKYKfoQee0=
4,25,xA1EzQHspfr76W4revuTWGU1e3Y=,xIAJYz3aDs49ER/TQUKYKfoQee0=
2,16,xA1EzQHspfr76W4revuTWGU1e3Y=,xIAJYz3aDs49ER/TQUKYKfoQee0=
5,25,xA1EzQHspfr76W4revuTWGU1e3Y=,xIAJYz3aDs49ER/TQUKYKfoQee0=
6,25,xA1EzQHspfr76W4revuTWGU1e3Y=,xIAJYz3aDs49ER/TQUKYKfoQee0=
7,25,xA1EzQHspfr76W4revuTWGU1e3Y=,xIAJYz3aDs49ER/TQUKYKfoQee0=
8,25,xA1EzQHspfr76W4revuTWGU1e3Y=,xIAJYz3aDs49ER/TQUKYKfoQee0=
1,16,xA1EzQHspfr76W4revuTWGU1e3Y=,xIAJYz3aDs49ER/TQUKYKfoQee0=
2,20,xA1EzQHspfr76W4revuTWGU1e3Y=,e9BcMz/Wbduev46KQykILRJ9fGg=
2,19,xA1EzQHspfr76W4revuTWGU1e3Y=,xIAJYz3aDs49ER/TQUKYKfoQee0=
2,18,xA1EzQHspfr76W4revuTWGU1e3Y=,xIAJYz3aDs49ER/TQUKYKfoQee0=
0,20,xA1EzQHspfr76W4revuTWGU1e3Y=,e9BcMz/Wbduev46KQykILRJ9fGg=
1,20,xA1EzQHspfr76W4revuTWGU1e3Y=,e9BcMz/Wbduev46KQykILRJ9fGg=
2,17,xA1EzQHspfr76W4revuTWGU1e3Y=,xIAJYz3aDs49ER/TQUKYKfoQee0=
1,18,xA1EzQHspfr76W4revuTWGU1e3Y=,e9BcMz/Wbduev46KQykILRJ9fGg=
1,17,xA1EzQHspfr76W4revuTWGU1e3Y=,xIAJYz3aDs49ER/TQUKYKfoQee0=
0,17,xA1EzQHspfr76W4revuTWGU1e3Y=,xIAJYz3aDs49ER/TQUKYKfoQee0=
0,19,xA1EzQHspfr76W4revuTWGU1e3Y=,e9BcMz/Wbduev46KQykILRJ9fGg=
0,18,xA1EzQHspfr76W4revuTWGU1e3Y=,e9BcMz/Wbduev46KQykILRJ9fGg=
1,19,xA1EzQHspfr76W4revuTWGU1e3Y=,e9BcMz/Wbduev46KQykILRJ9fGg=
13,26,xA1EzQHspfr76W4revuTWGU1e3Y=,xIAJYz3aDs49ER/TQUKYKfoQee0=
14,26,xA1EzQHspfr76W4revuTWGU1e3Y=,xIAJYz3aDs49ER/TQUKYKfoQee0=
14,25,xA1EzQHspfr76W4revuTWGU1e3Y=,xIAJYz3aDs49ER/TQUKYKfoQee0=
13,25,xA1EzQHspfr76W4revuTWGU1e3Y=,xIAJYz3aDs49ER/TQUKYKfoQee0=
13,24,xA1EzQHspfr76W4revuTWGU1e3Y=,xIAJYz3aDs49ER/TQUKYKfoQee0=
13,23,xA1EzQHspfr76W4revuTWGU1e3Y=,xIAJYz3aDs49ER/TQUKYKfoQee0=
14,24,xA1EzQHspfr76W4revuTWGU1e3Y=,xIAJYz3aDs49ER/TQUKYKfoQee0=
14,23,xA1EzQHspfr76W4revuTWGU1e3Y=,xIAJYz3aDs49ER/TQUKYKfoQee0=
15,24,xA1EzQHspfr76W4revuTWGU1e3Y=,xIAJYz3aDs49ER/TQUKYKfoQee0=
15,23,xA1EzQHspfr76W4revuTWGU1e3Y=,xIAJYz3aDs49ER/TQUKYKfoQee0=
15,19,xA1EzQHspfr76W4revuTWGU1e3Y=,uyr/LXjQi6fvm8vROIjimktRbkk=
14,19,xA1EzQHspfr76W4revuTWGU1e3Y=,uyr/LXjQi6fvm8vROIjimktRbkk=
15,20,xA1EzQHspfr76W4revuTWGU1e3Y=,xIAJYz3aDs49ER/TQUKYKfoQee0=
15,21,xA1EzQHspfr76W4revuTWGU1e3Y=,xIAJYz3aDs49ER/TQUKYKfoQee0=
14,20,xA1EzQHspfr76W4revuTWGU1e3Y=,xIAJYz3aDs49ER/TQUKYKfoQee0=
15,22,xA1EzQHspfr76W4revuTWGU1e3Y=,xIAJYz3aDs49ER/TQUKYKfoQee0=
13,21,xA1EzQHspfr76W4revuTWGU1e3Y=,xIAJYz3aDs49ER/TQUKYKfoQee0=
13,20,xA1EzQHspfr76W4revuTWGU1e3Y=,xIAJYz3aDs49ER/TQUKYKfoQee0=
13,22,xA1EzQHspfr76W4revuTWGU1e3Y=,xIAJYz3aDs49ER/TQUKYKfoQee0=
14,22,xA1EzQHspfr76W4revuTWGU1e3Y=,xIAJYz3aDs49ER/TQUKYKfoQee0=
14,21,xA1EzQHspfr76W4revuTWGU1e3Y=,xIAJYz3aDs49ER/TQUKYKfoQee0=
11,26,Y4IdnOBqnJq52nioSLBbkbcT38E=,xIAJYz3aDs49ER/TQUKYKfoQee0=
10,26,Y4IdnOBqnJq52nioSLBbkbcT38E=,xIAJYz3aDs49ER/TQUKYKfoQee0=
10,25,Y4IdnOBqnJq52nioSLBbkbcT38E=,xIAJYz3aDs49ER/TQUKYKfoQee0=
11,25,Y4IdnOBqnJq52nioSLBbkbcT38E=,xIAJYz3aDs49ER/TQUKYKfoQee0=
12,26,Y4IdnOBqnJq52nioSLBbkbcT38E=,xIAJYz3aDs49ER/TQUKYKfoQee0=
9,25,Y4IdnOBqnJq52nioSLBbkbcT38E=,xIAJYz3aDs49ER/TQUKYKfoQee0=
12,25,Y4IdnOBqnJq52nioSLBbkbcT38E=,xIAJYz3aDs49ER/TQUKYKfoQee0=
11,17,Y4IdnOBqnJq52nioSLBbkbcT38E=,xIAJYz3aDs49ER/TQUKYKfoQee0=
11,19,Y4IdnOBqnJq52nioSLBbkbcT38E=,xIAJYz3aDs49ER/TQUKYKfoQee0=
12,20,Y4IdnOBqnJq52nioSLBbkbcT38E=,xIAJYz3aDs49ER/TQUKYKfoQee0=
10,19,Y4IdnOBqnJq52nioSLBbkbcT38E=,xIAJYz3aDs49ER/TQUKYKfoQee0=
11,18,Y4IdnOBqnJq52nioSLBbkbcT38E=,xIAJYz3aDs49ER/TQUKYKfoQee0=
11,20,Y4IdnOBqnJq52nioSLBbkbcT38E=,xIAJYz3aDs49ER/TQUKYKfoQee0=
10,20,Y4IdnOBqnJq52nioSLBbkbcT38E=,xIAJYz3aDs49ER/TQUKYKfoQee0=
9,20,Y4IdnOBqnJq52nioSLBbkbcT38E=,xIAJYz3aDs49ER/TQUKYKfoQee0=
9,19,Y4IdnOBqnJq52nioSLBbkbcT38E=,xIAJYz3aDs49ER/TQUKYKfoQee0=
10,24,Y4IdnOBqnJq52nioSLBbkbcT38E=,xIAJYz3aDs49ER/TQUKYKfoQee0=
12,21,Y4IdnOBqnJq52nioSLBbkbcT38E=,xIAJYz3aDs49ER/TQUKYKfoQee0=
11,21,Y4IdnOBqnJq52nioSLBbkbcT38E=,xIAJYz3aDs49ER/TQUKYKfoQee0=
11,16,Y4IdnOBqnJq52nioSLBbkbcT38E=,xIAJYz3aDs49ER/TQUKYKfoQee0=
6,16,Y4IdnOBqnJq52nioSLBbkbcT38E=,xIAJYz3aDs49ER/TQUKYKfoQee0=
10,21,Y4IdnOBqnJq52nioSLBbkbcT38E=,xIAJYz3aDs49ER/TQUKYKfoQee0=
9,21,Y4IdnOBqnJq52nioSLBbkbcT38E=,xIAJYz3aDs49ER/TQUKYKfoQee0=
12,22,Y4IdnOBqnJq52nioSLBbkbcT38E=,xIAJYz3aDs49ER/TQUKYKfoQee0=
12,24,Y4IdnOBqnJq52nioSLBbkbcT38E=,xIAJYz3aDs49ER/TQUKYKfoQee0=
12,23,Y4IdnOBqnJq52nioSLBbkbcT38E=,xIAJYz3aDs49ER/TQUKYKfoQee0=
14,16,Y4IdnOBqnJq52nioSLBbkbcT38E=,uyr/LXjQi6fvm8vROIjimktRbkk=
14,18,Y4IdnOBqnJq52nioSLBbkbcT38E=,uyr/LXjQi6fvm8vROIjimktRbkk=
15,18,Y4IdnOBqnJq52nioSLBbkbcT38E=,uyr/LXjQi6fvm8vROIjimktRbkk=
14,17,Y4IdnOBqnJq52nioSLBbkbcT38E=,uyr/LXjQi6fvm8vROIjimktRbkk=
11,22,Y4IdnOBqnJq52nioSLBbkbcT38E=,xIAJYz3aDs49ER/TQUKYKfoQee0=
9,24,Y4IdnOBqnJq52nioSLBbkbcT38E=,xIAJYz3aDs49ER/TQUKYKfoQee0=
11,24,Y4IdnOBqnJq52nioSLBbkbcT38E=,xIAJYz3aDs49ER/TQUKYKfoQee0=
4,16,Y4IdnOBqnJq52nioSLBbkbcT38E=,xIAJYz3aDs49ER/TQUKYKfoQee0=
9,22,Y4IdnOBqnJq52nioSLBbkbcT38E=,xIAJYz3aDs49ER/TQUKYKfoQee0=
3,16,Y4IdnOBqnJq52nioSLBbkbcT38E=,xIAJYz3aDs49ER/TQUKYKfoQee0=
11,23,Y4IdnOBqnJq52nioSLBbkbcT38E=,xIAJYz3aDs49ER/TQUKYKfoQee0=
10,22,Y4IdnOBqnJq52nioSLBbkbcT38E=,xIAJYz3aDs49ER/TQUKYKfoQee0=
15,17,Y4IdnOBqnJq52nioSLBbkbcT38E=,uyr/LXjQi6fvm8vROIjimktRbkk=
5,16,Y4IdnOBqnJq52nioSLBbkbcT38E=,xIAJYz3aDs49ER/TQUKYKfoQee0=
15,16,Y4IdnOBqnJq52nioSLBbkbcT38E=,uyr/LXjQi6fvm8vROIjimktRbkk=
9,23,Y4IdnOBqnJq52nioSLBbkbcT38E=,xIAJYz3aDs49ER/TQUKYKfoQee0=
15,26,Y4IdnOBqnJq52nioSLBbkbcT38E=,xIAJYz3aDs49ER/TQUKYKfoQee0=
10,23,Y4IdnOBqnJq52nioSLBbkbcT38E=,xIAJYz3aDs49ER/TQUKYKfoQee0=
15,25,Y4IdnOBqnJq52nioSLBbkbcT38E=,xIAJYz3aDs49ER/TQUKYKfoQee0=
8,16,Y4IdnOBqnJq52nioSLBbkbcT38E=,xIAJYz3aDs49ER/TQUKYKfoQee0=
10,17,Y4IdnOBqnJq52nioSLBbkbcT38E=,xIAJYz3aDs49ER/TQUKYKfoQee0=
10,18,Y4IdnOBqnJq52nioSLBbkbcT38E=,xIAJYz3aDs49ER/TQUKYKfoQee0=
9,17,Y4IdnOBqnJq52nioSLBbkbcT38E=,xIAJYz3aDs49ER/TQUKYKfoQee0=
10,16,Y4IdnOBqnJq52nioSLBbkbcT38E=,xIAJYz3aDs49ER/TQUKYKfoQee0=
9,16,Y4IdnOBqnJq52nioSLBbkbcT38E=,xIAJYz3aDs49ER/TQUKYKfoQee0=
7,16,Y4IdnOBqnJq52nioSLBbkbcT38E=,xIAJYz3aDs49ER/TQUKYKfoQee0=
8,17,Y4IdnOBqnJq52nioSLBbkbcT38E=,xIAJYz3aDs49ER/TQUKYKfoQee0=
7,17,Y4IdnOBqnJq52nioSLBbkbcT38E=,xIAJYz3aDs49ER/TQUKYKfoQee0=
9,18,Y4IdnOBqnJq52nioSLBbkbcT38E=,xIAJYz3aDs49ER/TQUKYKfoQee0=
7,18,Y4IdnOBqnJq52nioSLBbkbcT38E=,xIAJYz3aDs49ER/TQUKYKfoQee0=
8,18,Y4IdnOBqnJq52nioSLBbkbcT38E=,xIAJYz3aDs49ER/TQUKYKfoQee0=
14,30,Y4IdnOBqnJq52nioSLBbkbcT38E=,xIAJYz3aDs49ER/TQUKYKfoQee0=
13,27,Y4IdnOBqnJq52nioSLBbkbcT38E=,xIAJYz3aDs49ER/TQUKYKfoQee0=
14,27,Y4IdnOBqnJq52nioSLBbkbcT38E=,xIAJYz3aDs49ER/TQUKYKfoQee0=
13,28,Y4IdnOBqnJq52nioSLBbkbcT38E=,xIAJYz3aDs49ER/TQUKYKfoQee0=
15,27,Y4IdnOBqnJq52nioSLBbkbcT38E=,xIAJYz3aDs49ER/TQUKYKfoQee0=
13,30,Y4IdnOBqnJq52nioSLBbkbcT38E=,xIAJYz3aDs49ER/TQUKYKfoQee0=
13,29,Y4IdnOBqnJq52nioSLBbkbcT38E=,xIAJYz3aDs49ER/TQUKYKfoQee0=
15,28,Y4IdnOBqnJq52nioSLBbkbcT38E=,xIAJYz3aDs49ER/TQUKYKfoQee0=
10,28,Y4IdnOBqnJq52nioSLBbkbcT38E=,xIAJYz3aDs49ER/TQUKYKfoQee0=
11,27,Y4IdnOBqnJq52nioSLBbkbcT38E=,xIAJYz3aDs49ER/TQUKYKfoQee0=
11,28,Y4IdnOBqnJq52nioSLBbkbcT38E=,xIAJYz3aDs49ER/TQUKYKfoQee0=
14,31,Y4IdnOBqnJq52nioSLBbkbcT38E=,xIAJYz3aDs49ER/TQUKYKfoQee0=
0,21,Y4IdnOBqnJq52nioSLBbkbcT38E=,e9BcMz/Wbduev46KQykILRJ9fGg=
10,27,Y4IdnOBqnJq52nioSLBbkbcT38E=,xIAJYz3aDs49ER/TQUKYKfoQee0=
12,27,Y4IdnOBqnJq52nioSLBbkbcT38E=,xIAJYz3aDs49ER/TQUKYKfoQee0=
13,31,Y4IdnOBqnJq52nioSLBbkbcT38E=,xIAJYz3aDs49ER/TQUKYKfoQee0=
14,28,Y4IdnOBqnJq52nioSLBbkbcT38E=,xIAJYz3aDs49ER/TQUKYKfoQee0=
12,28,Y4IdnOBqnJq52nioSLBbkbcT38E=,xIAJYz3aDs49ER/TQUKYKfoQee0=
14,29,Y4IdnOBqnJq52nioSLBbkbcT38E=,xIAJYz3aDs49ER/TQUKYKfoQee0=
15,31,Y4IdnOBqnJq52nioSLBbkbcT38E=,xIAJYz3aDs49ER/TQUKYKfoQee0=
15,30,Y4IdnOBqnJq52nioSLBbkbcT38E=,xIAJYz3aDs49ER/TQUKYKfoQee0=
0,16,Y4IdnOBqnJq52nioSLBbkbcT38E=,xIAJYz3aDs49ER/TQUKYKfoQee0=
15,29,Y4IdnOBqnJq52nioSLBbkbcT38E=,xIAJYz3aDs49ER/TQUKYKfoQee0=
10,29,Y4IdnOBqnJq52nioSLBbkbcT38E=,xIAJYz3aDs49ER/TQUKYKfoQee0=
10,30,Y4IdnOBqnJq52nioSLBbkbcT38E=,xIAJYz3aDs49ER/TQUKYKfoQee0=
11,29,Y4IdnOBqnJq52nioSLBbkbcT38E=,xIAJYz3aDs49ER/TQUKYKfoQee0=
10,31,Y4IdnOBqnJq52nioSLBbkbcT38E=,xIAJYz3aDs49ER/TQUKYKfoQee0=
11,30,Y4IdnOBqnJq52nioSLBbkbcT38E=,xIAJYz3aDs49ER/TQUKYKfoQee0=
12,30,Y4IdnOBqnJq52nioSLBbkbcT38E=,xIAJYz3aDs49ER/TQUKYKfoQee0=
12,31,Y4IdnOBqnJq52nioSLBbkbcT38E=,xIAJYz3aDs49ER/TQUKYKfoQee0=
12,29,Y4IdnOBqnJq52nioSLBbkbcT38E=,xIAJYz3aDs49ER/TQUKYKfoQee0=
11,31,Y4IdnOBqnJq52nioSLBbkbcT38E=,xIAJYz3aDs49ER/TQUKYKfoQee0=
18,29,bsluPGc/EZEoKY0XBy44Zqm30HQ=,xIAJYz3aDs49ER/TQUKYKfoQee0=
17,30,bsluPGc/EZEoKY0XBy44Zqm30HQ=,xIAJYz3aDs49ER/TQUKYKfoQee0=
18,30,bsluPGc/EZEoKY0XBy44Zqm30HQ=,xIAJYz3aDs49ER/TQUKYKfoQee0=
17,29,bsluPGc/EZEoKY0XBy44Zqm30HQ=,xIAJYz3aDs49ER/TQUKYKfoQee0=
18,28,5AnMpB8WR32+zUfJ6EU8w16oqus=,xIAJYz3aDs49ER/TQUKYKfoQee0=
17,28,5AnMpB8WR32+zUfJ6EU8w16oqus=,xIAJYz3aDs49ER/TQUKYKfoQee0=
17,27,5AnMpB8WR32+zUfJ6EU8w16oqus=,xIAJYz3aDs49ER/TQUKYKfoQee0=
18,27,5AnMpB8WR32+zUfJ6EU8w16oqus=,xIAJYz3aDs49ER/TQUKYKfoQee0=
18,25,5AnMpB8WR32+zUfJ6EU8w16oqus=,xIAJYz3aDs49ER/TQUKYKfoQee0=
18,26,5AnMpB8WR32+zUfJ6EU8w16oqus=,xIAJYz3aDs49ER/TQUKYKfoQee0=
17,26,5AnMpB8WR32+zUfJ6EU8w16oqus=,xIAJYz3aDs49ER/TQUKYKfoQee0=
17,25,5AnMpB8WR32+zUfJ6EU8w16oqus=,xIAJYz3aDs49ER/TQUKYKfoQee0=
17,23,5AnMpB8WR32+zUfJ6EU8w16oqus=,xIAJYz3aDs49ER/TQUKYKfoQee0=
17,24,5AnMpB8WR32+zUfJ6EU8w16oqus=,xIAJYz3aDs49ER/TQUKYKfoQee0=
18,24,5AnMpB8WR32+zUfJ6EU8w16oqus=,xIAJYz3aDs49ER/TQUKYKfoQee0=
18,23,5AnMpB8WR32+zUfJ6EU8w16oqus=,xIAJYz3aDs49ER/TQUKYKfoQee0=
20,23,5AnMpB8WR32+zUfJ6EU8w16oqus=,adLT3xD1SPtq/u5LwXA/eLFvxRI=
19,24,5AnMpB8WR32+zUfJ6EU8w16oqus=,xIAJYz3aDs49ER/TQUKYKfoQee0=
20,24,5AnMpB8WR32+zUfJ6EU8w16oqus=,xIAJYz3aDs49ER/TQUKYKfoQee0=
19,23,5AnMpB8WR32+zUfJ6EU8w16oqus=,xIAJYz3aDs49ER/TQUKYKfoQee0=
20,21,5AnMpB8WR32+zUfJ6EU8w16oqus=,adLT3xD1SPtq/u5LwXA/eLFvxRI=
20,22,5AnMpB8WR32+zUfJ6EU8w16oqus=,adLT3xD1SPtq/u5LwXA/eLFvxRI=
19,22,5AnMpB8WR32+zUfJ6EU8w16oqus=,xIAJYz3aDs49ER/TQUKYKfoQee0=
19,21,5AnMpB8WR32+zUfJ6EU8w16oqus=,adLT3xD1SPtq/u5LwXA/eLFvxRI=
19,19,5AnMpB8WR32+zUfJ6EU8w16oqus=,uyr/LXjQi6fvm8vROIjimktRbkk=
20,20,5AnMpB8WR32+zUfJ6EU8w16oqus=,adLT3xD1SPtq/u5LwXA/eLFvxRI=
20,19,5AnMpB8WR32+zUfJ6EU8w16oqus=,adLT3xD1SPtq/u5LwXA/eLFvxRI=
19,20,5AnMpB8WR32+zUfJ6EU8w16oqus=,adLT3xD1SPtq/u5LwXA/eLFvxRI=
18,19,5AnMpB8WR32+zUfJ6EU8w16oqus=,uyr/LXjQi6fvm8vROIjimktRbkk=
17,22,5AnMpB8WR32+zUfJ6EU8w16oqus=,xIAJYz3aDs49ER/TQUKYKfoQee0=
18,20,5AnMpB8WR32+zUfJ6EU8w16oqus=,adLT3xD1SPtq/u5LwXA/eLFvxRI=
17,19,5AnMpB8WR32+zUfJ6EU8w16oqus=,uyr/LXjQi6fvm8vROIjimktRbkk=
18,21,5AnMpB8WR32+zUfJ6EU8w16oqus=,adLT3xD1SPtq/u5LwXA/eLFvxRI=
17,20,5AnMpB8WR32+zUfJ6EU8w16oqus=,xIAJYz3aDs49ER/TQUKYKfoQee0=
18,22,5AnMpB8WR32+zUfJ6EU8w16oqus=,xIAJYz3aDs49ER/TQUKYKfoQee0=
17,21,5AnMpB8WR32+zUfJ6EU8w16oqus=,xIAJYz3aDs49ER/TQUKYKfoQee0=
21,18,5AnMpB8WR32+zUfJ6EU8w16oqus=,adLT3xD1SPtq/u5LwXA/eLFvxRI=
21,17,5AnMpB8WR32+zUfJ6EU8w16oqus=,adLT3xD1SPtq/u5LwXA/eLFvxRI=
22,17,5AnMpB8WR32+zUfJ6EU8w16oqus=,adLT3xD1SPtq/u5LwXA/eLFvxRI=
19,18,5AnMpB8WR32+zUfJ6EU8w16oqus=,uyr/LXjQi6fvm8vROIjimktRbkk=
19,17,5AnMpB8WR32+zUfJ6EU8w16oqus=,uyr/LXjQi6fvm8vROIjimktRbkk=
20,18,5AnMpB8WR32+zUfJ6EU8w16oqus=,adLT3xD1SPtq/u5LwXA/eLFvxRI=
20,17,5AnMpB8WR32+zUfJ6EU8w16oqus=,adLT3xD1SPtq/u5LwXA/eLFvxRI=
17,18,5AnMpB8WR32+zUfJ6EU8w16oqus=,uyr/LXjQi6fvm8vROIjimktRbkk=
18,18,5AnMpB8WR32+zUfJ6EU8w16oqus=,uyr/LXjQi6fvm8vROIjimktRbkk=
18,17,5AnMpB8WR32+zUfJ6EU8w16oqus=,uyr/LXjQi6fvm8vROIjimktRbkk=
17,17,5AnMpB8WR32+zUfJ6EU8w16oqus=,uyr/LXjQi6fvm8vROIjimktRbkk=
29,19,qMkzACoAfngdnaxbEKTlo+HmquM=,adLT3xD1SPtq/u5LwXA/eLFvxRI=
30,19,qMkzACoAfngdnaxbEKTlo+HmquM=,adLT3xD1SPtq/u5LwXA/eLFvxRI=
29,20,qMkzACoAfngdnaxbEKTlo+HmquM=,adLT3xD1SPtq/u5LwXA/eLFvxRI=
30,20,qMkzACoAfngdnaxbEKTlo+HmquM=,adLT3xD1SPtq/u5LwXA/eLFvxRI=
30,18,qMkzACoAfngdnaxbEKTlo+HmquM=,adLT3xD1SPtq/u5LwXA/eLFvxRI=
29,18,qMkzACoAfngdnaxbEKTlo+HmquM=,adLT3xD1SPtq/u5LwXA/eLFvxRI=
29,17,qMkzACoAfngdnaxbEKTlo+HmquM=,adLT3xD1SPtq/u5LwXA/eLFvxRI=
30,17,qMkzACoAfngdnaxbEKTlo+HmquM=,adLT3xD1SPtq/u5LwXA/eLFvxRI=
29,22,qMkzACoAfngdnaxbEKTlo+HmquM=,adLT3xD1SPtq/u5LwXA/eLFvxRI=
29,21,qMkzACoAfngdnaxbEKTlo+HmquM=,adLT3xD1SPtq/u5LwXA/eLFvxRI=
30,21,qMkzACoAfngdnaxbEKTlo+HmquM=,adLT3xD1SPtq/u5LwXA/eLFvxRI=
30,22,qMkzACoAfngdnaxbEKTlo+HmquM=,adLT3xD1SPtq/u5LwXA/eLFvxRI=
29,24,qMkzACoAfngdnaxbEKTlo+HmquM=,adLT3xD1SPtq/u5LwXA/eLFvxRI=
29,23,qMkzACoAfngdnaxbEKTlo+HmquM=,adLT3xD1SPtq/u5LwXA/eLFvxRI=
30,23,qMkzACoAfngdnaxbEKTlo+HmquM=,adLT3xD1SPtq/u5LwXA/eLFvxRI=
30,24,qMkzACoAfngdnaxbEKTlo+HmquM=,adLT3xD1SPtq/u5LwXA/eLFvxRI=
31,24,qMkzACoAfngdnaxbEKTlo+HmquM=,adLT3xD1SPtq/u5LwXA/eLFvxRI=
31,20,qMkzACoAfngdnaxbEKTlo+HmquM=,adLT3xD1SPtq/u5LwXA/eLFvxRI=
31,19,qMkzACoAfngdnaxbEKTlo+HmquM=,adLT3xD1SPtq/u5LwXA/eLFvxRI=
31,21,qMkzACoAfngdnaxbEKTlo+HmquM=,adLT3xD1SPtq/u5LwXA/eLFvxRI=
31,23,qMkzACoAfngdnaxbEKTlo+HmquM=,adLT3xD1SPtq/u5LwXA/eLFvxRI=
31,22,qMkzACoAfngdnaxbEKTlo+HmquM=,adLT3xD1SPtq/u5LwXA/eLFvxRI=
31,18,qMkzACoAfngdnaxbEKTlo+HmquM=,adLT3xD1SPtq/u5LwXA/eLFvxRI=
30,29,qMkzACoAfngdnaxbEKTlo+HmquM=,adLT3xD1SPtq/u5LwXA/eLFvxRI=
31,29,qMkzACoAfngdnaxbEKTlo+HmquM=,adLT3xD1SPtq/u5LwXA/eLFvxRI=
30,30,qMkzACoAfngdnaxbEKTlo+HmquM=,adLT3xD1SPtq/u5LwXA/eLFvxRI=
31,30,qMkzACoAfngdnaxbEKTlo+HmquM=,adLT3xD1SPtq/u5LwXA/eLFvxRI=
31,17,qMkzACoAfngdnaxbEKTlo+HmquM=,adLT3xD1SPtq/u5LwXA/eLFvxRI=
28,16,qMkzACoAfngdnaxbEKTlo+HmquM=,adLT3xD1SPtq/u5LwXA/eLFvxRI=
21,16,qMkzACoAfngdnaxbEKTlo+HmquM=,adLT3xD1SPtq/u5LwXA/eLFvxRI=
25,16,qMkzACoAfngdnaxbEKTlo+HmquM=,adLT3xD1SPtq/u5LwXA/eLFvxRI=
30,16,qMkzACoAfngdnaxbEKTlo+HmquM=,adLT3xD1SPtq/u5LwXA/eLFvxRI=
29,16,qMkzACoAfngdnaxbEKTlo+HmquM=,adLT3xD1SPtq/u5LwXA/eLFvxRI=
22,16,qMkzACoAfngdnaxbEKTlo+HmquM=,adLT3xD1SPtq/u5LwXA/eLFvxRI=
19,16,qMkzACoAfngdnaxbEKTlo+HmquM=,uyr/LXjQi6fvm8vROIjimktRbkk=
27,16,qMkzACoAfngdnaxbEKTlo+HmquM=,adLT3xD1SPtq/u5LwXA/eLFvxRI=
16,30,qMkzACoAfngdnaxbEKTlo+HmquM=,xIAJYz3aDs49ER/TQUKYKfoQee0=
23,16,qMkzACoAfngdnaxbEKTlo+HmquM=,adLT3xD1SPtq/u5LwXA/eLFvxRI=
24,16,qMkzACoAfngdnaxbEKTlo+HmquM=,adLT3xD1SPtq/u5LwXA/eLFvxRI=
20,16,qMkzACoAfngdnaxbEKTlo+HmquM=,adLT3xD1SPtq/u5LwXA/eLFvxRI=
30,27,qMkzACoAfngdnaxbEKTlo+HmquM=,adLT3xD1SPtq/u5LwXA/eLFvxRI=
26,16,qMkzACoAfngdnaxbEKTlo+HmquM=,adLT3xD1SPtq/u5LwXA/eLFvxRI=
18,31,qMkzACoAfngdnaxbEKTlo+HmquM=,xIAJYz3aDs49ER/TQUKYKfoQee0=
30,25,qMkzACoAfngdnaxbEKTlo+HmquM=,adLT3xD1SPtq/u5LwXA/eLFvxRI=
30,28,qMkzACoAfngdnaxbEKTlo+HmquM=,adLT3xD1SPtq/u5LwXA/eLFvxRI=
16,29,qMkzACoAfngdnaxbEKTlo+HmquM=,xIAJYz3aDs49ER/TQUKYKfoQee0=
30,26,qMkzACoAfngdnaxbEKTlo+HmquM=,adLT3xD1SPtq/u5LwXA/eLFvxRI=
29,25,qMkzACoAfngdnaxbEKTlo+HmquM=,adLT3xD1SPtq/u5LwXA/eLFvxRI=
31,28,qMkzACoAfngdnaxbEKTlo+HmquM=,adLT3xD1SPtq/u5LwXA/eLFvxRI=
31,26,qMkzACoAfngdnaxbEKTlo+HmquM=,adLT3xD1SPtq/u5LwXA/eLFvxRI=
17,31,qMkzACoAfngdnaxbEKTlo+HmquM=,xIAJYz3aDs49ER/TQUKYKfoQee0=
31,27,qMkzACoAfngdnaxbEKTlo+HmquM=,adLT3xD1SPtq/u5LwXA/eLFvxRI=
31,25,qMkzACoAfngdnaxbEKTlo+HmquM=,adLT3xD1SPtq/u5LwXA/eLFvxRI=
20,25,qMkzACoAfngdnaxbEKTlo+HmquM=,xIAJYz3aDs49ER/TQUKYKfoQee0=
19,26,qMkzACoAfngdnaxbEKTlo+HmquM=,xIAJYz3aDs49ER/TQUKYKfoQee0=
19,25,qMkzACoAfngdnaxbEKTlo+HmquM=,xIAJYz3aDs49ER/TQUKYKfoQee0=
20,26,qMkzACoAfngdnaxbEKTlo+HmquM=,xIAJYz3aDs49ER/TQUKYKfoQee0=
23,27,qMkzACoAfngdnaxbEKTlo+HmquM=,xIAJYz3aDs49ER/TQUKYKfoQee0=
23,28,qMkzACoAfngdnaxbEKTlo+HmquM=,xIAJYz3aDs49ER/TQUKYKfoQee0=
21,24,qMkzACoAfngdnaxbEKTlo+HmquM=,xIAJYz3aDs49ER/TQUKYKfoQee0=
21,25,qMkzACoAfngdnaxbEKTlo+HmquM=,xIAJYz3aDs49ER/TQUKYKfoQee0=
21,23,qMkzACoAfngdnaxbEKTlo+HmquM=,adLT3xD1SPtq/u5LwXA/eLFvxRI=
22,26,qMkzACoAfngdnaxbEKTlo+HmquM=,xIAJYz3aDs49ER/TQUKYKfoQee0=
23,26,qMkzACoAfngdnaxbEKTlo+HmquM=,xIAJYz3aDs49ER/TQUKYKfoQee0=
21,26,qMkzACoAfngdnaxbEKTlo+HmquM=,xIAJYz3aDs49ER/TQUKYKfoQee0=
22,27,qMkzACoAfngdnaxbEKTlo+HmquM=,xIAJYz3aDs49ER/TQUKYKfoQee0=
22,28,qMkzACoAfngdnaxbEKTlo+HmquM=,xIAJYz3aDs49ER/TQUKYKfoQee0=
19,28,qMkzACoAfngdnaxbEKTlo+HmquM=,xIAJYz3aDs49ER/TQUKYKfoQee0=
16,27,qMkzACoAfngdnaxbEKTlo+HmquM=,xIAJYz3aDs49ER/TQUKYKfoQee0=
21,28,qMkzACoAfngdnaxbEKTlo+HmquM=,xIAJYz3aDs49ER/TQUKYKfoQee0=
20,28,qMkzACoAfngdnaxbEKTlo+HmquM=,xIAJYz3aDs49ER/TQUKYKfoQee0=
20,27,qMkzACoAfngdnaxbEKTlo+HmquM=,xIAJYz3aDs49ER/TQUKYKfoQee0=
21,27,qMkzACoAfngdnaxbEKTlo+HmquM=,xIAJYz3aDs49ER/TQUKYKfoQee0=
16,22,qMkzACoAfngdnaxbEKTlo+HmquM=,xIAJYz3aDs49ER/TQUKYKfoQee0=
16,21,qMkzACoAfngdnaxbEKTlo+HmquM=,xIAJYz3aDs49ER/TQUKYKfoQee0=
16,20,qMkzACoAfngdnaxbEKTlo+HmquM=,xIAJYz3aDs49ER/TQUKYKfoQee0=
19,27,qMkzACoAfngdnaxbEKTlo+HmquM=,xIAJYz3aDs49ER/TQUKYKfoQee0=
16,28,qMkzACoAfngdnaxbEKTlo+HmquM=,xIAJYz3aDs49ER/TQUKYKfoQee0=
16,19,qMkzACoAfngdnaxbEKTlo+HmquM=,uyr/LXjQi6fvm8vROIjimktRbkk=
16,25,qMkzACoAfngdnaxbEKTlo+HmquM=,xIAJYz3aDs49ER/TQUKYKfoQee0=
19,30,qMkzACoAfngdnaxbEKTlo+HmquM=,xIAJYz3aDs49ER/TQUKYKfoQee0=
16,24,qMkzACoAfngdnaxbEKTlo+HmquM=,xIAJYz3aDs49ER/TQUKYKfoQee0=
16,23,qMkzACoAfngdnaxbEKTlo+HmquM=,xIAJYz3aDs49ER/TQUKYKfoQee0=
16,18,qMkzACoAfngdnaxbEKTlo+HmquM=,uyr/LXjQi6fvm8vROIjimktRbkk=
21,22,qMkzACoAfngdnaxbEKTlo+HmquM=,adLT3xD1SPtq/u5LwXA/eLFvxRI=
19,31,qMkzACoAfngdnaxbEKTlo+HmquM=,xIAJYz3aDs49ER/TQUKYKfoQee0=
21,20,qMkzACoAfngdnaxbEKTlo+HmquM=,adLT3xD1SPtq/u5LwXA/eLFvxRI=
21,19,qMkzACoAfngdnaxbEKTlo+HmquM=,adLT3xD1SPtq/u5LwXA/eLFvxRI=
21,21,qMkzACoAfngdnaxbEKTlo+HmquM=,adLT3xD1SPtq/u5LwXA/eLFvxRI=
28,22,qMkzACoAfngdnaxbEKTlo+HmquM=,adLT3xD1SPtq/u5LwXA/eLFvxRI=
28,23,qMkzACoAfngdnaxbEKTlo+HmquM=,adLT3xD1SPtq/u5LwXA/eLFvxRI=
28,24,qMkzACoAfngdnaxbEKTlo+HmquM=,adLT3xD1SPtq/u5LwXA/eLFvxRI=
28,21,qMkzACoAfngdnaxbEKTlo+HmquM=,adLT3xD1SPtq/u5LwXA/eLFvxRI=
28,25,qMkzACoAfngdnaxbEKTlo+HmquM=,adLT3xD1SPtq/u5LwXA/eLFvxRI=
28,18,qMkzACoAfngdnaxbEKTlo+HmquM=,adLT3xD1SPtq/u5LwXA/eLFvxRI=
28,20,qMkzACoAfngdnaxbEKTlo+HmquM=,adLT3xD1SPtq/u5LwXA/eLFvxRI=
28,19,qMkzACoAfngdnaxbEKTlo+HmquM=,adLT3xD1SPtq/u5LwXA/eLFvxRI=
23,17,qMkzACoAfngdnaxbEKTlo+HmquM=,adLT3xD1SPtq/u5LwXA/eLFvxRI=
19,29,qMkzACoAfngdnaxbEKTlo+HmquM=,xIAJYz3aDs49ER/TQUKYKfoQee0=
24,17,qMkzACoAfngdnaxbEKTlo+HmquM=,adLT3xD1SPtq/u5LwXA/eLFvxRI=
31,31,qMkzACoAfngdnaxbEKTlo+HmquM=,adLT3xD1SPtq/u5LwXA/eLFvxRI=
30,31,qMkzACoAfngdnaxbEKTlo+HmquM=,adLT3xD1SPtq/u5LwXA/eLFvxRI=
28,17,qMkzACoAfngdnaxbEKTlo+HmquM=,adLT3xD1SPtq/u5LwXA/eLFvxRI=
16,26,qMkzACoAfngdnaxbEKTlo+HmquM=,xIAJYz3aDs49ER/TQUKYKfoQee0=
16,31,qMkzACoAfngdnaxbEKTlo+HmquM=,xIAJYz3aDs49ER/TQUKYKfoQee0=
16,17,qMkzACoAfngdnaxbEKTlo+HmquM=,uyr/LXjQi6fvm8vROIjimktRbkk=
25,17,qMkzACoAfngdnaxbEKTlo+HmquM=,adLT3xD1SPtq/u5LwXA/eLFvxRI=
27,17,qMkzACoAfngdnaxbEKTlo+HmquM=,adLT3xD1SPtq/u5LwXA/eLFvxRI=
17,16,qMkzACoAfngdnaxbEKTlo+HmquM=,uyr/LXjQi6fvm8vROIjimktRbkk=
26,17,qMkzACoAfngdnaxbEKTlo+HmquM=,adLT3xD1SPtq/u5LwXA/eLFvxRI=
18,16,qMkzACoAfngdnaxbEKTlo+HmquM=,uyr/LXjQi6fvm8vROIjimktRbkk=
16,16,qMkzACoAfngdnaxbEKTlo+HmquM=,uyr/LXjQi6fvm8vROIjimktRbkk=
31,16,qMkzACoAfngdnaxbEKTlo+HmquM=,adLT3xD1SPtq/u5LwXA/eLFvxRI=
23,29,qMkzACoAfngdnaxbEKTlo+HmquM=,xIAJYz3aDs49ER/TQUKYKfoQee0=
20,29,qMkzACoAfngdnaxbEKTlo+HmquM=,xIAJYz3aDs49ER/TQUKYKfoQee0=
20,31,qMkzACoAfngdnaxbEKTlo+HmquM=,xIAJYz3aDs49ER/TQUKYKfoQee0=
20,30,qMkzACoAfngdnaxbEKTlo+HmquM=,xIAJYz3aDs49ER/TQUKYKfoQee0=
21,29,qMkzACoAfngdnaxbEKTlo+HmquM=,xIAJYz3aDs49ER/TQUKYKfoQee0=
21,31,qMkzACoAfngdnaxbEKTlo+HmquM=,xIAJYz3aDs49ER/TQUKYKfoQee0=
21,30,qMkzACoAfngdnaxbEKTlo+HmquM=,xIAJYz3aDs49ER/TQUKYKfoQee0=
23,31,qMkzACoAfngdnaxbEKTlo+HmquM=,xIAJYz3aDs49ER/TQUKYKfoQee0=
22,29,qMkzACoAfngdnaxbEKTlo+HmquM=,xIAJYz3aDs49ER/TQUKYKfoQee0=
22,31,qMkzACoAfngdnaxbEKTlo+HmquM=,xIAJYz3aDs49ER/TQUKYKfoQee0=
23,30,qMkzACoAfngdnaxbEKTlo+HmquM=,xIAJYz3aDs49ER/TQUKYKfoQee0=
22,30,qMkzACoAfngdnaxbEKTlo+HmquM=,xIAJYz3aDs49ER/TQUKYKfoQee0=
30,8,qMkzACoAfngdnaxbEKTlo+HmquM=,adLT3xD1SPtq/u5LwXA/eLFvxRI=
29,7,qMkzACoAfngdnaxbEKTlo+HmquM=,adLT3xD1SPtq/u5LwXA/eLFvxRI=
29,8,qMkzACoAfngdnaxbEKTlo+HmquM=,adLT3xD1SPtq/u5LwXA/eLFvxRI=
30,7,qMkzACoAfngdnaxbEKTlo+HmquM=,adLT3xD1SPtq/u5LwXA/eLFvxRI=
28,8,qMkzACoAfngdnaxbEKTlo+HmquM=,adLT3xD1SPtq/u5LwXA/eLFvxRI=
28,7,qMkzACoAfngdnaxbEKTlo+HmquM=,adLT3xD1SPtq/u5LwXA/eLFvxRI=
27,8,qMkzACoAfngdnaxbEKTlo+HmquM=,adLT3xD1SPtq/u5LwXA/eLFvxRI=
27,7,qMkzACoAfngdnaxbEKTlo+HmquM=,adLT3xD1SPtq/u5LwXA/eLFvxRI=
28,5,/0EvFf1ZLeQCqJsoqzprK+KcgvA=,adLT3xD1SPtq/u5LwXA/eLFvxRI=
27,5,/0EvFf1ZLeQCqJsoqzprK+KcgvA=,adLT3xD1SPtq/u5LwXA/eLFvxRI=
28,6,/0EvFf1ZLeQCqJsoqzprK+KcgvA=,adLT3xD1SPtq/u5LwXA/eLFvxRI=
27,6,/0EvFf1ZLeQCqJsoqzprK+KcgvA=,adLT3xD1SPtq/u5LwXA/eLFvxRI=
25,8,/0EvFf1ZLeQCqJsoqzprK+KcgvA=,cJWwoQZVGIAiy0rfQ4N/fvVbmNQ=
26,5,/0EvFf1ZLeQCqJsoqzprK+KcgvA=,adLT3xD1SPtq/u5LwXA/eLFvxRI=
25,5,/0EvFf1ZLeQCqJsoqzprK+KcgvA=,cJWwoQZVGIAiy0rfQ4N/fvVbmNQ=
26,8,/0EvFf1ZLeQCqJsoqzprK+KcgvA=,adLT3xD1SPtq/u5LwXA/eLFvxRI=
25,7,/0EvFf1ZLeQCqJsoqzprK+KcgvA=,adLT3xD1SPtq/u5LwXA/eLFvxRI=
26,6,/0EvFf1ZLeQCqJsoqzprK+KcgvA=,adLT3xD1SPtq/u5LwXA/eLFvxRI=
26,7,/0EvFf1ZLeQCqJsoqzprK+KcgvA=,adLT3xD1SPtq/u5LwXA/eLFvxRI=
25,6,/0EvFf1ZLeQCqJsoqzprK+KcgvA=,adLT3xD1SPtq/u5LwXA/eLFvxRI=
27,4,/0EvFf1ZLeQCqJsoqzprK+KcgvA=,adLT3xD1SPtq/u5LwXA/eLFvxRI=
27,3,/0EvFf1ZLeQCqJsoqzprK+KcgvA=,nyKMsSShbim05wDFshQ/73Ygx8o=
28,4,/0EvFf1ZLeQCqJsoqzprK+KcgvA=,adLT3xD1SPtq/u5LwXA/eLFvxRI=
28,3,/0EvFf1ZLeQCqJsoqzprK+KcgvA=,nyKMsSShbim05wDFshQ/73Ygx8o=
25,4,/0EvFf1ZLeQCqJsoqzprK+KcgvA=,cJWwoQZVGIAiy0rfQ4N/fvVbmNQ=
26,4,/0EvFf1ZLeQCqJsoqzprK+KcgvA=,adLT3xD1SPtq/u5LwXA/eLFvxRI=
26,3,/0EvFf1ZLeQCqJsoqzprK+KcgvA=,nyKMsSShbim05wDFshQ/73Ygx8o=
25,3,/0EvFf1ZLeQCqJsoqzprK+KcgvA=,GZQ7s6ji3EPTM6uO+Q7z/W466sY=
27,2,/0EvFf1ZLeQCqJsoqzprK+KcgvA=,nyKMsSShbim05wDFshQ/73Ygx8o=
28,2,/0EvFf1ZLeQCqJsoqzprK+KcgvA=,nyKMsSShbim05wDFshQ/73Ygx8o=
27,1,/0EvFf1ZLeQCqJsoqzprK+KcgvA=,Rctmcf8LlfQK0siCcV1IhRaysxM=
28,1,/0EvFf1ZLeQCqJsoqzprK+KcgvA=,pRYRxYMNUDF1kR1gOO05l++Io8Y=
25,2,/0EvFf1ZLeQCqJsoqzprK+KcgvA=,GZQ7s6ji3EPTM6uO+Q7z/W466sY=
26,2,/0EvFf1ZLeQCqJsoqzprK+KcgvA=,nyKMsSShbim05wDFshQ/73Ygx8o=
25,1,/0EvFf1ZLeQCqJsoqzprK+KcgvA=,psUdFkA0sF2SJTsz+iQafACksv4=
26,1,/0EvFf1ZLeQCqJsoqzprK+KcgvA=,Rctmcf8LlfQK0siCcV1IhRaysxM=
24,2,/0EvFf1ZLeQCqJsoqzprK+KcgvA=,GZQ7s6ji3EPTM6uO+Q7z/W466sY=
23,2,/0EvFf1ZLeQCqJsoqzprK+KcgvA=,QESMJib07N2nBhBj92c25XVAkdw=
23,1,/0EvFf1ZLeQCqJsoqzprK+KcgvA=,psUdFkA0sF2SJTsz+iQafACksv4=
24,1,/0EvFf1ZLeQCqJsoqzprK+KcgvA=,psUdFkA0sF2SJTsz+iQafACksv4=
29,2,/0EvFf1ZLeQCqJsoqzprK+KcgvA=,nyKMsSShbim05wDFshQ/73Ygx8o=
29,1,/0EvFf1ZLeQCqJsoqzprK+KcgvA=,pRYRxYMNUDF1kR1gOO05l++Io8Y=
30,2,/0EvFf1ZLeQCqJsoqzprK+KcgvA=,UP4nJoW6VZ3rq2Z0keWc41bgd0I=
30,1,/0EvFf1ZLeQCqJsoqzprK+KcgvA=,s7r/j6t+9HW8m34fwpLuVVAfqBk=
22,2,/0EvFf1ZLeQCqJsoqzprK+KcgvA=,QESMJib07N2nBhBj92c25XVAkdw=
22,1,/0EvFf1ZLeQCqJsoqzprK+KcgvA=,psUdFkA0sF2SJTsz+iQafACksv4=
21,1,/0EvFf1ZLeQCqJsoqzprK+KcgvA=,psUdFkA0sF2SJTsz+iQafACksv4=
21,2,/0EvFf1ZLeQCqJsoqzprK+KcgvA=,QESMJib07N2nBhBj92c25XVAkdw=
20,3,JaZeBC19T7wIoyw7MyyI1WXafR0=,QESMJib07N2nBhBj92c25XVAkdw=
19,4,JaZeBC19T7wIoyw7MyyI1WXafR0=,cMAukNSA1ziVPYcE0j1CYF+OQ3U=
20,4,JaZeBC19T7wIoyw7MyyI1WXafR0=,IMXINrpTtZe9fe0A/4o91IetNTQ=
23,3,JaZeBC19T7wIoyw7MyyI1WXafR0=,QESMJib07N2nBhBj92c25XVAkdw=
22,3,JaZeBC19T7wIoyw7MyyI1WXafR0=,QESMJib07N2nBhBj92c25XVAkdw=
23,4,JaZeBC19T7wIoyw7MyyI1WXafR0=,vxEinIgNhkgPKnnH+ZKxG/ThPNg=
19,3,JaZeBC19T7wIoyw7MyyI1WXafR0=,tYUjhj4qkTw9wzbT8F8rS06X45U=
21,3,JaZeBC19T7wIoyw7MyyI1WXafR0=,QESMJib07N2nBhBj92c25XVAkdw=
24,4,JaZeBC19T7wIoyw7MyyI1WXafR0=,cJWwoQZVGIAiy0rfQ4N/fvVbmNQ=
24,3,JaZeBC19T7wIoyw7MyyI1WXafR0=,GZQ7s6ji3EPTM6uO+Q7z/W466sY=
22,4,JaZeBC19T7wIoyw7MyyI1WXafR0=,vxEinIgNhkgPKnnH+ZKxG/ThPNg=
21,4,JaZeBC19T7wIoyw7MyyI1WXafR0=,IMXINrpTtZe9fe0A/4o91IetNTQ=
19,6,JaZeBC19T7wIoyw7MyyI1WXafR0=,cMAukNSA1ziVPYcE0j1CYF+OQ3U=
20,5,JaZeBC19T7wIoyw7MyyI1WXafR0=,IMXINrpTtZe9fe0A/4o91IetNTQ=
19,5,JaZeBC19T7wIoyw7MyyI1WXafR0=,cMAukNSA1ziVPYcE0j1CYF+OQ3U=
20,6,JaZeBC19T7wIoyw7MyyI1WXafR0=,SEJpciA3vMhZ/elFXdc38VN67Io=
19,7,JaZeBC19T7wIoyw7MyyI1WXafR0=,cMAukNSA1ziVPYcE0j1CYF+OQ3U=
19,8,JaZeBC19T7wIoyw7MyyI1WXafR0=,SEJpciA3vMhZ/elFXdc38VN67Io=
20,8,JaZeBC19T7wIoyw7MyyI1WXafR0=,hsWz0f7y3T2PEJXWKP6GmIWhwhw=
19,9,JaZeBC19T7wIoyw7MyyI1WXafR0=,SEJpciA3vMhZ/elFXdc38VN67Io=
20,9,JaZeBC19T7wIoyw7MyyI1WXafR0=,hsWz0f7y3T2PEJXWKP6GmIWhwhw=
20,7,JaZeBC19T7wIoyw7MyyI1WXafR0=,SEJpciA3vMhZ/elFXdc38VN67Io=
24,8,JaZeBC19T7wIoyw7MyyI1WXafR0=,cJWwoQZVGIAiy0rfQ4N/fvVbmNQ=
23,5,JaZeBC19T7wIoyw7MyyI1WXafR0=,vxEinIgNhkgPKnnH+ZKxG/ThPNg=
22,5,JaZeBC19T7wIoyw7MyyI1WXafR0=,vxEinIgNhkgPKnnH+ZKxG/ThPNg=
21,5,JaZeBC19T7wIoyw7MyyI1WXafR0=,IMXINrpTtZe9fe0A/4o91IetNTQ=
23,8,JaZeBC19T7wIoyw7MyyI1WXafR0=,sP9SR80p1JMOD9DMt/WKJUHhQJw=
22,8,JaZeBC19T7wIoyw7MyyI1WXafR0=,sP9SR80p1JMOD9DMt/WKJUHhQJw=
22,7,JaZeBC19T7wIoyw7MyyI1WXafR0=,sP9SR80p1JMOD9DMt/WKJUHhQJw=
22,6,JaZeBC19T7wIoyw7MyyI1WXafR0=,sP9SR80p1JMOD9DMt/WKJUHhQJw=
23,7,JaZeBC19T7wIoyw7MyyI1WXafR0=,sP9SR80p1JMOD9DMt/WKJUHhQJw=
23,6,JaZeBC19T7wIoyw7MyyI1WXafR0=,sP9SR80p1JMOD9DMt/WKJUHhQJw=
24,5,JaZeBC19T7wIoyw7MyyI1WXafR0=,cJWwoQZVGIAiy0rfQ4N/fvVbmNQ=
21,6,JaZeBC19T7wIoyw7MyyI1WXafR0=,SEJpciA3vMhZ/elFXdc38VN67Io=
21,7,JaZeBC19T7wIoyw7MyyI1WXafR0=,SEJpciA3vMhZ/elFXdc38VN67Io=
24,7,JaZeBC19T7wIoyw7MyyI1WXafR0=,adLT3xD1SPtq/u5LwXA/eLFvxRI=
21,8,JaZeBC19T7wIoyw7MyyI1WXafR0=,hsWz0f7y3T2PEJXWKP6GmIWhwhw=
24,6,JaZeBC19T7wIoyw7MyyI1WXafR0=,adLT3xD1SPtq/u5LwXA/eLFvxRI=
18,9,JaZeBC19T7wIoyw7MyyI1WXafR0=,SEJpciA3vMhZ/elFXdc38VN67Io=
17,10,JaZeBC19T7wIoyw7MyyI1WXafR0=,uyr/LXjQi6fvm8vROIjimktRbkk=
17,9,JaZeBC19T7wIoyw7MyyI1WXafR0=,uyr/LXjQi6fvm8vROIjimktRbkk=
18,12,JaZeBC19T7wIoyw7MyyI1WXafR0=,adLT3xD1SPtq/u5LwXA/eLFvxRI=
17,11,JaZeBC19T7wIoyw7MyyI1WXafR0=,uyr/LXjQi6fvm8vROIjimktRbkk=
17,12,JaZeBC19T7wIoyw7MyyI1WXafR0=,uyr/LXjQi6fvm8vROIjimktRbkk=
20,12,JaZeBC19T7wIoyw7MyyI1WXafR0=,adLT3xD1SPtq/u5LwXA/eLFvxRI=
19,12,JaZeBC19T7wIoyw7MyyI1WXafR0=,adLT3xD1SPtq/u5LwXA/eLFvxRI=
17,13,JaZeBC19T7wIoyw7MyyI1WXafR0=,uyr/LXjQi6fvm8vROIjimktRbkk=
17,14,JaZeBC19T7wIoyw7MyyI1WXafR0=,uyr/LXjQi6fvm8vROIjimktRbkk=
18,13,JaZeBC19T7wIoyw7MyyI1WXafR0=,adLT3xD1SPtq/u5LwXA/eLFvxRI=
18,14,JaZeBC19T7wIoyw7MyyI1WXafR0=,uyr/LXjQi6fvm8vROIjimktRbkk=
20,14,JaZeBC19T7wIoyw7MyyI1WXafR0=,adLT3xD1SPtq/u5LwXA/eLFvxRI=
20,13,JaZeBC19T7wIoyw7MyyI1WXafR0=,adLT3xD1SPtq/u5LwXA/eLFvxRI=
19,14,JaZeBC19T7wIoyw7MyyI1WXafR0=,uyr/LXjQi6fvm8vROIjimktRbkk=
19,13,JaZeBC19T7wIoyw7MyyI1WXafR0=,adLT3xD1SPtq/u5LwXA/eLFvxRI=
21,13,JaZeBC19T7wIoyw7MyyI1WXafR0=,adLT3xD1SPtq/u5LwXA/eLFvxRI=
22,13,JaZeBC19T7wIoyw7MyyI1WXafR0=,adLT3xD1SPtq/u5LwXA/eLFvxRI=
21,14,JaZeBC19T7wIoyw7MyyI1WXafR0=,adLT3xD1SPtq/u5LwXA/eLFvxRI=
22,14,JaZeBC19T7wIoyw7MyyI1WXafR0=,adLT3xD1SPtq/u5LwXA/eLFvxRI=
28,14,JaZeBC19T7wIoyw7MyyI1WXafR0=,adLT3xD1SPtq/u5LwXA/eLFvxRI=
27,14,JaZeBC19T7wIoyw7MyyI1WXafR0=,adLT3xD1SPtq/u5LwXA/eLFvxRI=
27,15,JaZeBC19T7wIoyw7MyyI1WXafR0=,adLT3xD1SPtq/u5LwXA/eLFvxRI=
28,15,JaZeBC19T7wIoyw7MyyI1WXafR0=,adLT3xD1SPtq/u5LwXA/eLFvxRI=
22,15,cErlaW7GRzc6aG0jkvpexyUoXrI=,adLT3xD1SPtq/u5LwXA/eLFvxRI=
21,15,cErlaW7GRzc6aG0jkvpexyUoXrI=,adLT3xD1SPtq/u5LwXA/eLFvxRI=
20,15,cErlaW7GRzc6aG0jkvpexyUoXrI=,adLT3xD1SPtq/u5LwXA/eLFvxRI=
19,15,cErlaW7GRzc6aG0jkvpexyUoXrI=,uyr/LXjQi6fvm8vROIjimktRbkk=
18,15,cErlaW7GRzc6aG0jkvpexyUoXrI=,uyr/LXjQi6fvm8vROIjimktRbkk=
17,15,cErlaW7GRzc6aG0jkvpexyUoXrI=,uyr/LXjQi6fvm8vROIjimktRbkk=
16,13,cErlaW7GRzc6aG0jkvpexyUoXrI=,uyr/LXjQi6fvm8vROIjimktRbkk=
17,8,cErlaW7GRzc6aG0jkvpexyUoXrI=,uyr/LXjQi6fvm8vROIjimktRbkk=
18,7,cErlaW7GRzc6aG0jkvpexyUoXrI=,cMAukNSA1ziVPYcE0j1CYF+OQ3U=
18,8,cErlaW7GRzc6aG0jkvpexyUoXrI=,SEJpciA3vMhZ/elFXdc38VN67Io=
16,9,cErlaW7GRzc6aG0jkvpexyUoXrI=,uyr/LXjQi6fvm8vROIjimktRbkk=
16,11,cErlaW7GRzc6aG0jkvpexyUoXrI=,uyr/LXjQi6fvm8vROIjimktRbkk=
16,8,cErlaW7GRzc6aG0jkvpexyUoXrI=,uyr/LXjQi6fvm8vROIjimktRbkk=
16,10,cErlaW7GRzc6aG0jkvpexyUoXrI=,uyr/LXjQi6fvm8vROIjimktRbkk=
16,12,cErlaW7GRzc6aG0jkvpexyUoXrI=,uyr/LXjQi6fvm8vROIjimktRbkk=
16,14,cErlaW7GRzc6aG0jkvpexyUoXrI=,uyr/LXjQi6fvm8vROIjimktRbkk=
25,13,cErlaW7GRzc6aG0jkvpexyUoXrI=,adLT3xD1SPtq/u5LwXA/eLFvxRI=
23,13,cErlaW7GRzc6aG0jkvpexyUoXrI=,adLT3xD1SPtq/u5LwXA/eLFvxRI=
24,13,cErlaW7GRzc6aG0jkvpexyUoXrI=,adLT3xD1SPtq/u5LwXA/eLFvxRI=
26,14,cErlaW7GRzc6aG0jkvpexyUoXrI=,adLT3xD1SPtq/u5LwXA/eLFvxRI=
25,14,cErlaW7GRzc6aG0jkvpexyUoXrI=,adLT3xD1SPtq/u5LwXA/eLFvxRI=
31,7,cErlaW7GRzc6aG0jkvpexyUoXrI=,adLT3xD1SPtq/u5LwXA/eLFvxRI=
23,15,cErlaW7GRzc6aG0jkvpexyUoXrI=,adLT3xD1SPtq/u5LwXA/eLFvxRI=
24,14,cErlaW7GRzc6aG0jkvpexyUoXrI=,adLT3xD1SPtq/u5LwXA/eLFvxRI=
23,14,cErlaW7GRzc6aG0jkvpexyUoXrI=,adLT3xD1SPtq/u5LwXA/eLFvxRI=
24,15,cErlaW7GRzc6aG0jkvpexyUoXrI=,adLT3xD1SPtq/u5LwXA/eLFvxRI=
26,15,cErlaW7GRzc6aG0jkvpexyUoXrI=,adLT3xD1SPtq/u5LwXA/eLFvxRI=
25,15,cErlaW7GRzc6aG0jkvpexyUoXrI=,adLT3xD1SPtq/u5LwXA/eLFvxRI=
28,9,cErlaW7GRzc6aG0jkvpexyUoXrI=,adLT3xD1SPtq/u5LwXA/eLFvxRI=
31,8,cErlaW7GRzc6aG0jkvpexyUoXrI=,adLT3xD1SPtq/u5LwXA/eLFvxRI=
27,9,cErlaW7GRzc6aG0jkvpexyUoXrI=,adLT3xD1SPtq/u5LwXA/eLFvxRI=
28,11,cErlaW7GRzc6aG0jkvpexyUoXrI=,adLT3xD1SPtq/u5LwXA/eLFvxRI=
29,10,cErlaW7GRzc6aG0jkvpexyUoXrI=,adLT3xD1SPtq/u5LwXA/eLFvxRI=
28,10,cErlaW7GRzc6aG0jkvpexyUoXrI=,adLT3xD1SPtq/u5LwXA/eLFvxRI=
29,11,cErlaW7GRzc6aG0jkvpexyUoXrI=,adLT3xD1SPtq/u5LwXA/eLFvxRI=
30,10,cErlaW7GRzc6aG0jkvpexyUoXrI=,adLT3xD1SPtq/u5LwXA/eLFvxRI=
29,9,cErlaW7GRzc6aG0jkvpexyUoXrI=,adLT3xD1SPtq/u5LwXA/eLFvxRI=
31,11,cErlaW7GRzc6aG0jkvpexyUoXrI=,adLT3xD1SPtq/u5LwXA/eLFvxRI=
31,9,cErlaW7GRzc6aG0jkvpexyUoXrI=,adLT3xD1SPtq/u5LwXA/eLFvxRI=
30,9,cErlaW7GRzc6aG0jkvpexyUoXrI=,adLT3xD1SPtq/u5LwXA/eLFvxRI=
29,14,cErlaW7GRzc6aG0jkvpexyUoXrI=,adLT3xD1SPtq/u5LwXA/eLFvxRI=
30,11,cErlaW7GRzc6aG0jkvpexyUoXrI=,adLT3xD1SPtq/u5LwXA/eLFvxRI=
31,14,cErlaW7GRzc6aG0jkvpexyUoXrI=,adLT3xD1SPtq/u5LwXA/eLFvxRI=
31,15,cErlaW7GRzc6aG0jkvpexyUoXrI=,adLT3xD1SPtq/u5LwXA/eLFvxRI=
30,15,cErlaW7GRzc6aG0jkvpexyUoXrI=,adLT3xD1SPtq/u5LwXA/eLFvxRI=
30,14,cErlaW7GRzc6aG0jkvpexyUoXrI=,adLT3xD1SPtq/u5LwXA/eLFvxRI=
29,15,cErlaW7GRzc6aG0jkvpexyUoXrI=,adLT3xD1SPtq/u5LwXA/eLFvxRI=
31,10,cErlaW7GRzc6aG0jkvpexyUoXrI=,adLT3xD1SPtq/u5LwXA/eLFvxRI=
18,5,cErlaW7GRzc6aG0jkvpexyUoXrI=,cMAukNSA1ziVPYcE0j1CYF+OQ3U=
18,6,cErlaW7GRzc6aG0jkvpexyUoXrI=,cMAukNSA1ziVPYcE0j1CYF+OQ3U=
17,5,cErlaW7GRzc6aG0jkvpexyUoXrI=,tYUjhj4qkTw9wzbT8F8rS06X45U=
16,5,cErlaW7GRzc6aG0jkvpexyUoXrI=,tYUjhj4qkTw9wzbT8F8rS06X45U=
22,0,cErlaW7GRzc6aG0jkvpexyUoXrI=,psUdFkA0sF2SJTsz+iQafACksv4=
21,0,cErlaW7GRzc6aG0jkvpexyUoXrI=,psUdFkA0sF2SJTsz+iQafACksv4=
23,0,cErlaW7GRzc6aG0jkvpexyUoXrI=,psUdFkA0sF2SJTsz+iQafACksv4=
24,0,cErlaW7GRzc6aG0jkvpexyUoXrI=,psUdFkA0sF2SJTsz+iQafACksv4=
25,0,cErlaW7GRzc6aG0jkvpexyUoXrI=,psUdFkA0sF2SJTsz+iQafACksv4=
26,0,cErlaW7GRzc6aG0jkvpexyUoXrI=,Rctmcf8LlfQK0siCcV1IhRaysxM=
28,0,cErlaW7GRzc6aG0jkvpexyUoXrI=,pRYRxYMNUDF1kR1gOO05l++Io8Y=
29,0,cErlaW7GRzc6aG0jkvpexyUoXrI=,pRYRxYMNUDF1kR1gOO05l++Io8Y=
27,0,cErlaW7GRzc6aG0jkvpexyUoXrI=,Rctmcf8LlfQK0siCcV1IhRaysxM=
30,0,cErlaW7GRzc6aG0jkvpexyUoXrI=,s7r/j6t+9HW8m34fwpLuVVAfqBk=
29,4,cErlaW7GRzc6aG0jkvpexyUoXrI=,adLT3xD1SPtq/u5LwXA/eLFvxRI=
29,5,cErlaW7GRzc6aG0jkvpexyUoXrI=,adLT3xD1SPtq/u5LwXA/eLFvxRI=
29,3,cErlaW7GRzc6aG0jkvpexyUoXrI=,nyKMsSShbim05wDFshQ/73Ygx8o=
30,3,cErlaW7GRzc6aG0jkvpexyUoXrI=,UP4nJoW6VZ3rq2Z0keWc41bgd0I=
31,6,cErlaW7GRzc6aG0jkvpexyUoXrI=,adLT3xD1SPtq/u5LwXA/eLFvxRI=
16,4,cErlaW7GRzc6aG0jkvpexyUoXrI=,tYUjhj4qkTw9wzbT8F8rS06X45U=
30,6,cErlaW7GRzc6aG0jkvpexyUoXrI=,adLT3xD1SPtq/u5LwXA/eLFvxRI=
17,4,cErlaW7GRzc6aG0jkvpexyUoXrI=,tYUjhj4qkTw9wzbT8F8rS06X45U=
18,4,cErlaW7GRzc6aG0jkvpexyUoXrI=,cMAukNSA1ziVPYcE0j1CYF+OQ3U=
22,9,cErlaW7GRzc6aG0jkvpexyUoXrI=,sP9SR80p1JMOD9DMt/WKJUHhQJw=
21,9,cErlaW7GRzc6aG0jkvpexyUoXrI=,hsWz0f7y3T2PEJXWKP6GmIWhwhw=
22,12,cErlaW7GRzc6aG0jkvpexyUoXrI=,adLT3xD1SPtq/u5LwXA/eLFvxRI=
25,12,cErlaW7GRzc6aG0jkvpexyUoXrI=,adLT3xD1SPtq/u5LwXA/eLFvxRI=
21,12,cErlaW7GRzc6aG0jkvpexyUoXrI=,adLT3xD1SPtq/u5LwXA/eLFvxRI=
23,9,cErlaW7GRzc6aG0jkvpexyUoXrI=,sP9SR80p1JMOD9DMt/WKJUHhQJw=
24,9,cErlaW7GRzc6aG0jkvpexyUoXrI=,cJWwoQZVGIAiy0rfQ4N/fvVbmNQ=
23,12,cErlaW7GRzc6aG0jkvpexyUoXrI=,adLT3xD1SPtq/u5LwXA/eLFvxRI=
26,9,cErlaW7GRzc6aG0jkvpexyUoXrI=,adLT3xD1SPtq/u5LwXA/eLFvxRI=
24,12,cErlaW7GRzc6aG0jkvpexyUoXrI=,adLT3xD1SPtq/u5LwXA/eLFvxRI=
31,3,cErlaW7GRzc6aG0jkvpexyUoXrI=,UP4nJoW6VZ3rq2Z0keWc41bgd0I=
25,9,cErlaW7GRzc6aG0jkvpexyUoXrI=,cJWwoQZVGIAiy0rfQ4N/fvVbmNQ=
29,6,cErlaW7GRzc6aG0jkvpexyUoXrI=,adLT3xD1SPtq/u5LwXA/eLFvxRI=
31,0,cErlaW7GRzc6aG0jkvpexyUoXrI=,s7r/j6t+9HW8m34fwpLuVVAfqBk=
18,3,cErlaW7GRzc6aG0jkvpexyUoXrI=,tYUjhj4qkTw9wzbT8F8rS06X45U=
31,1,cErlaW7GRzc6aG0jkvpexyUoXrI=,s7r/j6t+9HW8m34fwpLuVVAfqBk=
31,2,cErlaW7GRzc6aG0jkvpexyUoXrI=,UP4nJoW6VZ3rq2Z0keWc41bgd0I=
16,3,cErlaW7GRzc6aG0jkvpexyUoXrI=,XAo59XlMXZJgH+hlb+mJMqMcWuA=
16,2,cErlaW7GRzc6aG0jkvpexyUoXrI=,XAo59XlMXZJgH+hlb+mJMqMcWuA=
17,3,cErlaW7GRzc6aG0jkvpexyUoXrI=,XAo59XlMXZJgH+hlb+mJMqMcWuA=
16,15,cErlaW7GRzc6aG0jkvpexyUoXrI=,uyr/LXjQi6fvm8vROIjimktRbkk=
18,2,cErlaW7GRzc6aG0jkvpexyUoXrI=,tYUjhj4qkTw9wzbT8F8rS06X45U=
17,2,cErlaW7GRzc6aG0jkvpexyUoXrI=,XAo59XlMXZJgH+hlb+mJMqMcWuA=
16,1,cErlaW7GRzc6aG0jkvpexyUoXrI=,Q+8zGVbJW92/VAiH5YBJXqBJ/Mk=
17,1,cErlaW7GRzc6aG0jkvpexyUoXrI=,Q+8zGVbJW92/VAiH5YBJXqBJ/Mk=
20,1,cErlaW7GRzc6aG0jkvpexyUoXrI=,psUdFkA0sF2SJTsz+iQafACksv4=
20,2,cErlaW7GRzc6aG0jkvpexyUoXrI=,QESMJib07N2nBhBj92c25XVAkdw=
16,0,cErlaW7GRzc6aG0jkvpexyUoXrI=,Q+8zGVbJW92/VAiH5YBJXqBJ/Mk=
17,0,cErlaW7GRzc6aG0jkvpexyUoXrI=,Q+8zGVbJW92/VAiH5YBJXqBJ/Mk=
20,0,cErlaW7GRzc6aG0jkvpexyUoXrI=,psUdFkA0sF2SJTsz+iQafACksv4=
19,0,cErlaW7GRzc6aG0jkvpexyUoXrI=,r63xwTzPH6aBAalWdT7eGcvERY0=
19,2,cErlaW7GRzc6aG0jkvpexyUoXrI=,tYUjhj4qkTw9wzbT8F8rS06X45U=
18,0,cErlaW7GRzc6aG0jkvpexyUoXrI=,r63xwTzPH6aBAalWdT7eGcvERY0=
19,1,cErlaW7GRzc6aG0jkvpexyUoXrI=,r63xwTzPH6aBAalWdT7eGcvERY0=
18,1,cErlaW7GRzc6aG0jkvpexyUoXrI=,r63xwTzPH6aBAalWdT7eGcvERY0=
