-55,6,jN3ctOWkfZP/POcUcophnDyKUaQ=,w1D5Lr7pLKc8xcaPRLD348amgQk=
-54,5,jN3ctOWkfZP/POcUcophnDyKUaQ=,Rg+oiUMUMsH29bSf3L8SxnQNBYA=
-54,6,jN3ctOWkfZP/POcUcophnDyKUaQ=,y4Nsi0EwydFhV0Rr+nApgygxXA4=
-55,5,jN3ctOWkfZP/POcUcophnDyKUaQ=,PRW/RYt9DqDNngUA/vPd9yQ/3O0=
-50,6,jN3ctOWkfZP/POcUcophnDyKUaQ=,vzZRMkicXmBKtc66i3qwU0AlwR0=
-52,5,jN3ctOWkfZP/POcUcophnDyKUaQ=,sqv5feu1jSH6hTGGGLkoVJgOWZM=
-50,5,jN3ctOWkfZP/POcUcophnDyKUaQ=,Yz4AC0L6QpbXsHPTEtD0fdKnqaE=
-51,5,jN3ctOWkfZP/POcUcophnDyKUaQ=,sqv5feu1jSH6hTGGGLkoVJgOWZM=
-53,5,jN3ctOWkfZP/POcUcophnDyKUaQ=,Rg+oiUMUMsH29bSf3L8SxnQNBYA=
-53,6,jN3ctOWkfZP/POcUcophnDyKUaQ=,y4Nsi0EwydFhV0Rr+nApgygxXA4=
-52,6,jN3ctOWkfZP/POcUcophnDyKUaQ=,U9pGmsgaXgJpFnHVlrLqvG0G5dY=
-51,6,jN3ctOWkfZP/POcUcophnDyKUaQ=,U9pGmsgaXgJpFnHVlrLqvG0G5dY=
-56,6,jN3ctOWkfZP/POcUcophnDyKUaQ=,w1D5Lr7pLKc8xcaPRLD348amgQk=
-57,6,jN3ctOWkfZP/POcUcophnDyKUaQ=,Yh2KiS2ndjrxCF4GSL/Cs71PmP0=
-56,5,jN3ctOWkfZP/POcUcophnDyKUaQ=,PRW/RYt9DqDNngUA/vPd9yQ/3O0=
-57,5,jN3ctOWkfZP/POcUcophnDyKUaQ=,047QKIzb8gXJfqm5a+soTdyv7n4=
-59,1,SrT0pXzdDXWT90Oc1dNmqjenMm4=,66QxohTn1H3sfuDWhtk2ZhAKuCg=
-58,1,SrT0pXzdDXWT90Oc1dNmqjenMm4=,EGt+gl5JXLgTqd1aTbYpTz0DcVg=
-58,2,SrT0pXzdDXWT90Oc1dNmqjenMm4=,9sE25mJKolp2j0Yipd7Tun1De1E=
-59,2,SrT0pXzdDXWT90Oc1dNmqjenMm4=,LcE78XQzxr0FC2k7SzcBXUapRvI=
-58,3,SrT0pXzdDXWT90Oc1dNmqjenMm4=,9sE25mJKolp2j0Yipd7Tun1De1E=
-58,4,SrT0pXzdDXWT90Oc1dNmqjenMm4=,047QKIzb8gXJfqm5a+soTdyv7n4=
-59,3,SrT0pXzdDXWT90Oc1dNmqjenMm4=,LcE78XQzxr0FC2k7SzcBXUapRvI=
-59,4,SrT0pXzdDXWT90Oc1dNmqjenMm4=,raywAoL3XC9N0An+RjYv6I9ThQU=
-61,4,SrT0pXzdDXWT90Oc1dNmqjenMm4=,FtVPejj92TBAPTTF9GnOUyxNZNI=
-60,4,SrT0pXzdDXWT90Oc1dNmqjenMm4=,raywAoL3XC9N0An+RjYv6I9ThQU=
-61,3,SrT0pXzdDXWT90Oc1dNmqjenMm4=,dRfJyqsCIVzpYZpXHtVw3i8wy4E=
-60,3,SrT0pXzdDXWT90Oc1dNmqjenMm4=,LcE78XQzxr0FC2k7SzcBXUapRvI=
-60,1,SrT0pXzdDXWT90Oc1dNmqjenMm4=,66QxohTn1H3sfuDWhtk2ZhAKuCg=
-61,1,SrT0pXzdDXWT90Oc1dNmqjenMm4=,+J1DNTAh4ZnzDsTnT6CyJ9PME28=
-61,2,SrT0pXzdDXWT90Oc1dNmqjenMm4=,dRfJyqsCIVzpYZpXHtVw3i8wy4E=
-60,2,SrT0pXzdDXWT90Oc1dNmqjenMm4=,LcE78XQzxr0FC2k7SzcBXUapRvI=
-63,4,SrT0pXzdDXWT90Oc1dNmqjenMm4=,n2dgJJcMAMBPdiaD5FlKG3k9CSM=
-62,4,SrT0pXzdDXWT90Oc1dNmqjenMm4=,FtVPejj92TBAPTTF9GnOUyxNZNI=
-59,9,SrT0pXzdDXWT90Oc1dNmqjenMm4=,Ly8vJK7IVPn9csiNEl8r/q/VFO0=
-58,9,SrT0pXzdDXWT90Oc1dNmqjenMm4=,z389Jbk6dTJKTXuCh60gkcavbv8=
-63,3,SrT0pXzdDXWT90Oc1dNmqjenMm4=,fwY3NSoFSITKHxDIrm12dTKnduo=
-62,3,SrT0pXzdDXWT90Oc1dNmqjenMm4=,dRfJyqsCIVzpYZpXHtVw3i8wy4E=
-57,8,SrT0pXzdDXWT90Oc1dNmqjenMm4=,z389Jbk6dTJKTXuCh60gkcavbv8=
-57,7,SrT0pXzdDXWT90Oc1dNmqjenMm4=,Yh2KiS2ndjrxCF4GSL/Cs71PmP0=
-56,7,SrT0pXzdDXWT90Oc1dNmqjenMm4=,w1D5Lr7pLKc8xcaPRLD348amgQk=
-56,8,SrT0pXzdDXWT90Oc1dNmqjenMm4=,m2RTguBHjbSkiFXfAF5VvA1ra3g=
-60,9,SrT0pXzdDXWT90Oc1dNmqjenMm4=,Ly8vJK7IVPn9csiNEl8r/q/VFO0=
-61,9,SrT0pXzdDXWT90Oc1dNmqjenMm4=,+4SxvXJNtcBhIvUWpkqOBVOxUYY=
-57,9,SrT0pXzdDXWT90Oc1dNmqjenMm4=,z389Jbk6dTJKTXuCh60gkcavbv8=
-56,9,SrT0pXzdDXWT90Oc1dNmqjenMm4=,m2RTguBHjbSkiFXfAF5VvA1ra3g=
-62,8,SrT0pXzdDXWT90Oc1dNmqjenMm4=,+4SxvXJNtcBhIvUWpkqOBVOxUYY=
-62,5,SrT0pXzdDXWT90Oc1dNmqjenMm4=,FtVPejj92TBAPTTF9GnOUyxNZNI=
-63,5,SrT0pXzdDXWT90Oc1dNmqjenMm4=,n2dgJJcMAMBPdiaD5FlKG3k9CSM=
-62,6,SrT0pXzdDXWT90Oc1dNmqjenMm4=,u4BMZKul67Q9im+351mI1WDsKIw=
-62,7,SrT0pXzdDXWT90Oc1dNmqjenMm4=,u4BMZKul67Q9im+351mI1WDsKIw=
-55,9,SrT0pXzdDXWT90Oc1dNmqjenMm4=,m2RTguBHjbSkiFXfAF5VvA1ra3g=
-53,9,SrT0pXzdDXWT90Oc1dNmqjenMm4=,ECj6EK5biaeN4/+H74HjTwGbiuU=
-52,9,SrT0pXzdDXWT90Oc1dNmqjenMm4=,4miMjoPsF5z6mKrhSt6fMKszqts=
-55,8,SrT0pXzdDXWT90Oc1dNmqjenMm4=,m2RTguBHjbSkiFXfAF5VvA1ra3g=
-54,9,SrT0pXzdDXWT90Oc1dNmqjenMm4=,ECj6EK5biaeN4/+H74HjTwGbiuU=
-53,8,SrT0pXzdDXWT90Oc1dNmqjenMm4=,ECj6EK5biaeN4/+H74HjTwGbiuU=
-54,8,SrT0pXzdDXWT90Oc1dNmqjenMm4=,ECj6EK5biaeN4/+H74HjTwGbiuU=
-52,8,SrT0pXzdDXWT90Oc1dNmqjenMm4=,4miMjoPsF5z6mKrhSt6fMKszqts=
-55,7,SrT0pXzdDXWT90Oc1dNmqjenMm4=,w1D5Lr7pLKc8xcaPRLD348amgQk=
-54,7,SrT0pXzdDXWT90Oc1dNmqjenMm4=,y4Nsi0EwydFhV0Rr+nApgygxXA4=
-52,7,SrT0pXzdDXWT90Oc1dNmqjenMm4=,U9pGmsgaXgJpFnHVlrLqvG0G5dY=
-61,6,SrT0pXzdDXWT90Oc1dNmqjenMm4=,u4BMZKul67Q9im+351mI1WDsKIw=
-61,5,SrT0pXzdDXWT90Oc1dNmqjenMm4=,FtVPejj92TBAPTTF9GnOUyxNZNI=
-53,7,SrT0pXzdDXWT90Oc1dNmqjenMm4=,y4Nsi0EwydFhV0Rr+nApgygxXA4=
-60,5,SrT0pXzdDXWT90Oc1dNmqjenMm4=,raywAoL3XC9N0An+RjYv6I9ThQU=
-58,7,SrT0pXzdDXWT90Oc1dNmqjenMm4=,Yh2KiS2ndjrxCF4GSL/Cs71PmP0=
-58,8,SrT0pXzdDXWT90Oc1dNmqjenMm4=,z389Jbk6dTJKTXuCh60gkcavbv8=
-61,7,SrT0pXzdDXWT90Oc1dNmqjenMm4=,u4BMZKul67Q9im+351mI1WDsKIw=
-60,8,SrT0pXzdDXWT90Oc1dNmqjenMm4=,Ly8vJK7IVPn9csiNEl8r/q/VFO0=
-59,5,SrT0pXzdDXWT90Oc1dNmqjenMm4=,raywAoL3XC9N0An+RjYv6I9ThQU=
-61,8,SrT0pXzdDXWT90Oc1dNmqjenMm4=,+4SxvXJNtcBhIvUWpkqOBVOxUYY=
-59,8,SrT0pXzdDXWT90Oc1dNmqjenMm4=,Ly8vJK7IVPn9csiNEl8r/q/VFO0=
-59,6,SrT0pXzdDXWT90Oc1dNmqjenMm4=,IXEoRBctBHGfqEIKUyiRCw/nE4I=
-59,7,SrT0pXzdDXWT90Oc1dNmqjenMm4=,IXEoRBctBHGfqEIKUyiRCw/nE4I=
-60,7,SrT0pXzdDXWT90Oc1dNmqjenMm4=,IXEoRBctBHGfqEIKUyiRCw/nE4I=
-60,6,SrT0pXzdDXWT90Oc1dNmqjenMm4=,IXEoRBctBHGfqEIKUyiRCw/nE4I=
-58,5,SrT0pXzdDXWT90Oc1dNmqjenMm4=,047QKIzb8gXJfqm5a+soTdyv7n4=
-58,6,SrT0pXzdDXWT90Oc1dNmqjenMm4=,Yh2KiS2ndjrxCF4GSL/Cs71PmP0=
-49,5,SrT0pXzdDXWT90Oc1dNmqjenMm4=,Yz4AC0L6QpbXsHPTEtD0fdKnqaE=
-49,6,SrT0pXzdDXWT90Oc1dNmqjenMm4=,vzZRMkicXmBKtc66i3qwU0AlwR0=
-50,10,SrT0pXzdDXWT90Oc1dNmqjenMm4=,6N3PHzQavIeZv/O93qGLt9AhN6w=
-51,9,SrT0pXzdDXWT90Oc1dNmqjenMm4=,4miMjoPsF5z6mKrhSt6fMKszqts=
-50,9,SrT0pXzdDXWT90Oc1dNmqjenMm4=,cfvM59NrBLL+lW8fVI69IFYULiM=
-51,8,SrT0pXzdDXWT90Oc1dNmqjenMm4=,4miMjoPsF5z6mKrhSt6fMKszqts=
-49,8,SrT0pXzdDXWT90Oc1dNmqjenMm4=,cfvM59NrBLL+lW8fVI69IFYULiM=
-50,8,SrT0pXzdDXWT90Oc1dNmqjenMm4=,cfvM59NrBLL+lW8fVI69IFYULiM=
-49,7,SrT0pXzdDXWT90Oc1dNmqjenMm4=,vzZRMkicXmBKtc66i3qwU0AlwR0=
-51,7,SrT0pXzdDXWT90Oc1dNmqjenMm4=,U9pGmsgaXgJpFnHVlrLqvG0G5dY=
-50,7,SrT0pXzdDXWT90Oc1dNmqjenMm4=,vzZRMkicXmBKtc66i3qwU0AlwR0=
-50,3,SrT0pXzdDXWT90Oc1dNmqjenMm4=,7qSmKnKR2F66ioKy4NuH9pZK2XA=
-50,4,SrT0pXzdDXWT90Oc1dNmqjenMm4=,Yz4AC0L6QpbXsHPTEtD0fdKnqaE=
-51,4,SrT0pXzdDXWT90Oc1dNmqjenMm4=,sqv5feu1jSH6hTGGGLkoVJgOWZM=
-51,3,SrT0pXzdDXWT90Oc1dNmqjenMm4=,o5XHFrtuBykkkp32ISINNxQGOAg=
-53,1,SrT0pXzdDXWT90Oc1dNmqjenMm4=,/1IBBx5kc4iosP7B/a7g1CFos+U=
-53,3,SrT0pXzdDXWT90Oc1dNmqjenMm4=,HI6/mHYN599tkOP9J4mtNH08iCc=
-53,2,SrT0pXzdDXWT90Oc1dNmqjenMm4=,HI6/mHYN599tkOP9J4mtNH08iCc=
-52,2,SrT0pXzdDXWT90Oc1dNmqjenMm4=,o5XHFrtuBykkkp32ISINNxQGOAg=
-52,3,SrT0pXzdDXWT90Oc1dNmqjenMm4=,o5XHFrtuBykkkp32ISINNxQGOAg=
-52,1,SrT0pXzdDXWT90Oc1dNmqjenMm4=,5NcYlYVZP+mDfBlLzIdpigYuCzU=
-53,4,SrT0pXzdDXWT90Oc1dNmqjenMm4=,Rg+oiUMUMsH29bSf3L8SxnQNBYA=
-52,4,SrT0pXzdDXWT90Oc1dNmqjenMm4=,sqv5feu1jSH6hTGGGLkoVJgOWZM=
-59,0,SrT0pXzdDXWT90Oc1dNmqjenMm4=,66QxohTn1H3sfuDWhtk2ZhAKuCg=
-58,0,SrT0pXzdDXWT90Oc1dNmqjenMm4=,EGt+gl5JXLgTqd1aTbYpTz0DcVg=
-60,0,SrT0pXzdDXWT90Oc1dNmqjenMm4=,66QxohTn1H3sfuDWhtk2ZhAKuCg=
-61,0,SrT0pXzdDXWT90Oc1dNmqjenMm4=,+J1DNTAh4ZnzDsTnT6CyJ9PME28=
-49,3,SrT0pXzdDXWT90Oc1dNmqjenMm4=,7qSmKnKR2F66ioKy4NuH9pZK2XA=
-49,4,SrT0pXzdDXWT90Oc1dNmqjenMm4=,Yz4AC0L6QpbXsHPTEtD0fdKnqaE=
-49,1,SrT0pXzdDXWT90Oc1dNmqjenMm4=,ghVrH5T5nAWQHOqUtgxBPPSwCCs=
-49,2,SrT0pXzdDXWT90Oc1dNmqjenMm4=,7qSmKnKR2F66ioKy4NuH9pZK2XA=
-51,1,SrT0pXzdDXWT90Oc1dNmqjenMm4=,5NcYlYVZP+mDfBlLzIdpigYuCzU=
-50,1,SrT0pXzdDXWT90Oc1dNmqjenMm4=,ghVrH5T5nAWQHOqUtgxBPPSwCCs=
-50,2,SrT0pXzdDXWT90Oc1dNmqjenMm4=,7qSmKnKR2F66ioKy4NuH9pZK2XA=
-51,2,SrT0pXzdDXWT90Oc1dNmqjenMm4=,o5XHFrtuBykkkp32ISINNxQGOAg=
-64,4,SrT0pXzdDXWT90Oc1dNmqjenMm4=,n2dgJJcMAMBPdiaD5FlKG3k9CSM=
-64,3,SrT0pXzdDXWT90Oc1dNmqjenMm4=,fwY3NSoFSITKHxDIrm12dTKnduo=
-53,0,SrT0pXzdDXWT90Oc1dNmqjenMm4=,/1IBBx5kc4iosP7B/a7g1CFos+U=
-52,0,SrT0pXzdDXWT90Oc1dNmqjenMm4=,5NcYlYVZP+mDfBlLzIdpigYuCzU=
-50,0,SrT0pXzdDXWT90Oc1dNmqjenMm4=,ghVrH5T5nAWQHOqUtgxBPPSwCCs=
-51,0,SrT0pXzdDXWT90Oc1dNmqjenMm4=,5NcYlYVZP+mDfBlLzIdpigYuCzU=
-49,10,SrT0pXzdDXWT90Oc1dNmqjenMm4=,6N3PHzQavIeZv/O93qGLt9AhN6w=
-49,11,SrT0pXzdDXWT90Oc1dNmqjenMm4=,6N3PHzQavIeZv/O93qGLt9AhN6w=
-49,0,SrT0pXzdDXWT90Oc1dNmqjenMm4=,ghVrH5T5nAWQHOqUtgxBPPSwCCs=
-62,9,SrT0pXzdDXWT90Oc1dNmqjenMm4=,+4SxvXJNtcBhIvUWpkqOBVOxUYY=
-50,11,SrT0pXzdDXWT90Oc1dNmqjenMm4=,6N3PHzQavIeZv/O93qGLt9AhN6w=
-64,5,SrT0pXzdDXWT90Oc1dNmqjenMm4=,n2dgJJcMAMBPdiaD5FlKG3k9CSM=
-49,9,SrT0pXzdDXWT90Oc1dNmqjenMm4=,cfvM59NrBLL+lW8fVI69IFYULiM=
-54,0,SrT0pXzdDXWT90Oc1dNmqjenMm4=,/1IBBx5kc4iosP7B/a7g1CFos+U=
-57,0,SrT0pXzdDXWT90Oc1dNmqjenMm4=,EGt+gl5JXLgTqd1aTbYpTz0DcVg=
-56,0,SrT0pXzdDXWT90Oc1dNmqjenMm4=,AZJ3GsNrapfVkw9Pu7HzCKqCcgU=
-55,0,SrT0pXzdDXWT90Oc1dNmqjenMm4=,AZJ3GsNrapfVkw9Pu7HzCKqCcgU=
-54,1,SrT0pXzdDXWT90Oc1dNmqjenMm4=,/1IBBx5kc4iosP7B/a7g1CFos+U=
-54,3,SrT0pXzdDXWT90Oc1dNmqjenMm4=,HI6/mHYN599tkOP9J4mtNH08iCc=
-55,1,SrT0pXzdDXWT90Oc1dNmqjenMm4=,AZJ3GsNrapfVkw9Pu7HzCKqCcgU=
-55,3,SrT0pXzdDXWT90Oc1dNmqjenMm4=,OtaD2dFRlwl8g5seRkzz9qAu0YA=
-57,1,SrT0pXzdDXWT90Oc1dNmqjenMm4=,EGt+gl5JXLgTqd1aTbYpTz0DcVg=
-55,2,SrT0pXzdDXWT90Oc1dNmqjenMm4=,OtaD2dFRlwl8g5seRkzz9qAu0YA=
-57,2,SrT0pXzdDXWT90Oc1dNmqjenMm4=,9sE25mJKolp2j0Yipd7Tun1De1E=
-54,2,SrT0pXzdDXWT90Oc1dNmqjenMm4=,HI6/mHYN599tkOP9J4mtNH08iCc=
-56,1,SrT0pXzdDXWT90Oc1dNmqjenMm4=,AZJ3GsNrapfVkw9Pu7HzCKqCcgU=
-56,4,SrT0pXzdDXWT90Oc1dNmqjenMm4=,PRW/RYt9DqDNngUA/vPd9yQ/3O0=
-56,3,SrT0pXzdDXWT90Oc1dNmqjenMm4=,OtaD2dFRlwl8g5seRkzz9qAu0YA=
-56,2,SrT0pXzdDXWT90Oc1dNmqjenMm4=,OtaD2dFRlwl8g5seRkzz9qAu0YA=
-57,4,SrT0pXzdDXWT90Oc1dNmqjenMm4=,047QKIzb8gXJfqm5a+soTdyv7n4=
-54,4,SrT0pXzdDXWT90Oc1dNmqjenMm4=,Rg+oiUMUMsH29bSf3L8SxnQNBYA=
-55,4,SrT0pXzdDXWT90Oc1dNmqjenMm4=,PRW/RYt9DqDNngUA/vPd9yQ/3O0=
-57,3,SrT0pXzdDXWT90Oc1dNmqjenMm4=,9sE25mJKolp2j0Yipd7Tun1De1E=
-62,0,SrT0pXzdDXWT90Oc1dNmqjenMm4=,+J1DNTAh4ZnzDsTnT6CyJ9PME28=
-64,2,SrT0pXzdDXWT90Oc1dNmqjenMm4=,fwY3NSoFSITKHxDIrm12dTKnduo=
-63,0,SrT0pXzdDXWT90Oc1dNmqjenMm4=,dkRXZIS4JJhVOZztmKsbgtnJGEo=
-62,1,SrT0pXzdDXWT90Oc1dNmqjenMm4=,+J1DNTAh4ZnzDsTnT6CyJ9PME28=
-64,0,SrT0pXzdDXWT90Oc1dNmqjenMm4=,dkRXZIS4JJhVOZztmKsbgtnJGEo=
-62,2,SrT0pXzdDXWT90Oc1dNmqjenMm4=,dRfJyqsCIVzpYZpXHtVw3i8wy4E=
-63,1,SrT0pXzdDXWT90Oc1dNmqjenMm4=,dkRXZIS4JJhVOZztmKsbgtnJGEo=
-63,2,SrT0pXzdDXWT90Oc1dNmqjenMm4=,fwY3NSoFSITKHxDIrm12dTKnduo=
-64,1,SrT0pXzdDXWT90Oc1dNmqjenMm4=,dkRXZIS4JJhVOZztmKsbgtnJGEo=
-41,24,DZi6fKM1m6N8iusUUQTKLFiRkFU=,+Gr1NyKHInkIp1sXHVwlaZmTVi0=
-40,23,DZi6fKM1m6N8iusUUQTKLFiRkFU=,7T6zX+cU8NMi5vzfMK2v6oLC7RE=
-40,24,DZi6fKM1m6N8iusUUQTKLFiRkFU=,KGpb4OVxnP/YbrKTXPOwMAdlE3c=
-41,23,DZi6fKM1m6N8iusUUQTKLFiRkFU=,tmC+zZsejCzsJX9sDlClI5Kvkqg=
-39,24,DZi6fKM1m6N8iusUUQTKLFiRkFU=,KGpb4OVxnP/YbrKTXPOwMAdlE3c=
-39,23,DZi6fKM1m6N8iusUUQTKLFiRkFU=,7T6zX+cU8NMi5vzfMK2v6oLC7RE=
-38,23,DZi6fKM1m6N8iusUUQTKLFiRkFU=,j+pnhWkUuKXjkq/zhpdDNhLMU0k=
-38,24,DZi6fKM1m6N8iusUUQTKLFiRkFU=,emrJ06opYDjbvehNuPoDZowzAtw=
-36,24,DZi6fKM1m6N8iusUUQTKLFiRkFU=,rk88cDzdFEoZNwJH0chiHlfp0gQ=
-37,24,DZi6fKM1m6N8iusUUQTKLFiRkFU=,emrJ06opYDjbvehNuPoDZowzAtw=
-37,23,DZi6fKM1m6N8iusUUQTKLFiRkFU=,j+pnhWkUuKXjkq/zhpdDNhLMU0k=
-36,23,DZi6fKM1m6N8iusUUQTKLFiRkFU=,3Udwbdruh7oVE7VHoJ8BFY4K700=
-35,24,DZi6fKM1m6N8iusUUQTKLFiRkFU=,rk88cDzdFEoZNwJH0chiHlfp0gQ=
-34,24,DZi6fKM1m6N8iusUUQTKLFiRkFU=,aDlC8Jq7orLc9Mwu7chOW9aa914=
-35,23,DZi6fKM1m6N8iusUUQTKLFiRkFU=,3Udwbdruh7oVE7VHoJ8BFY4K700=
-34,23,DZi6fKM1m6N8iusUUQTKLFiRkFU=,eeZFNQYtmUc6Ek3ckibr66TI/oU=
-36,22,DZi6fKM1m6N8iusUUQTKLFiRkFU=,3Udwbdruh7oVE7VHoJ8BFY4K700=
-37,21,DZi6fKM1m6N8iusUUQTKLFiRkFU=,NME5+o9+NjpSGYdyYv+EzQGHPo8=
-37,22,DZi6fKM1m6N8iusUUQTKLFiRkFU=,j+pnhWkUuKXjkq/zhpdDNhLMU0k=
-36,21,DZi6fKM1m6N8iusUUQTKLFiRkFU=,h3bNjfFru6Qj9D+Tj/4rD6wQyT0=
-35,22,DZi6fKM1m6N8iusUUQTKLFiRkFU=,3Udwbdruh7oVE7VHoJ8BFY4K700=
-35,21,DZi6fKM1m6N8iusUUQTKLFiRkFU=,h3bNjfFru6Qj9D+Tj/4rD6wQyT0=
-34,22,DZi6fKM1m6N8iusUUQTKLFiRkFU=,eeZFNQYtmUc6Ek3ckibr66TI/oU=
-34,21,DZi6fKM1m6N8iusUUQTKLFiRkFU=,K8R22FVhJK4XTHUf+jhfBX29mYw=
-37,19,DZi6fKM1m6N8iusUUQTKLFiRkFU=,AQ1hJ5iD2xXi0iiox4HD4TufbSE=
-37,20,DZi6fKM1m6N8iusUUQTKLFiRkFU=,NME5+o9+NjpSGYdyYv+EzQGHPo8=
-36,19,DZi6fKM1m6N8iusUUQTKLFiRkFU=,g08mujFCHkbWizj7WZGBKrwZlVk=
-36,20,DZi6fKM1m6N8iusUUQTKLFiRkFU=,h3bNjfFru6Qj9D+Tj/4rD6wQyT0=
-35,19,DZi6fKM1m6N8iusUUQTKLFiRkFU=,g08mujFCHkbWizj7WZGBKrwZlVk=
-34,20,DZi6fKM1m6N8iusUUQTKLFiRkFU=,K8R22FVhJK4XTHUf+jhfBX29mYw=
-35,20,DZi6fKM1m6N8iusUUQTKLFiRkFU=,h3bNjfFru6Qj9D+Tj/4rD6wQyT0=
-34,19,DZi6fKM1m6N8iusUUQTKLFiRkFU=,t6oHoPr49S8wlQnsQ1x38O/US+c=
-38,17,DZi6fKM1m6N8iusUUQTKLFiRkFU=,rqV0MCK3u/+5XYSypjQ+K63ZXKg=
-39,18,DZi6fKM1m6N8iusUUQTKLFiRkFU=,PEVdhKw1h3fQCrlUg9cPkkfyh10=
-39,17,DZi6fKM1m6N8iusUUQTKLFiRkFU=,iGqQdHIIH6jTVZE+sX019UfWyI0=
-38,18,DZi6fKM1m6N8iusUUQTKLFiRkFU=,AQ1hJ5iD2xXi0iiox4HD4TufbSE=
-37,17,TkwBMsLABFI0pL+UvkLEG477WE0=,rqV0MCK3u/+5XYSypjQ+K63ZXKg=
-36,18,TkwBMsLABFI0pL+UvkLEG477WE0=,g08mujFCHkbWizj7WZGBKrwZlVk=
-37,18,TkwBMsLABFI0pL+UvkLEG477WE0=,AQ1hJ5iD2xXi0iiox4HD4TufbSE=
-36,17,TkwBMsLABFI0pL+UvkLEG477WE0=,MynJXjEKICUMXR9BVbD/A6HRuzU=
-38,21,TkwBMsLABFI0pL+UvkLEG477WE0=,NME5+o9+NjpSGYdyYv+EzQGHPo8=
-38,19,TkwBMsLABFI0pL+UvkLEG477WE0=,AQ1hJ5iD2xXi0iiox4HD4TufbSE=
-39,21,TkwBMsLABFI0pL+UvkLEG477WE0=,aYCb8yMx5is8pEcSuKJz4E0ip7E=
-39,19,TkwBMsLABFI0pL+UvkLEG477WE0=,PEVdhKw1h3fQCrlUg9cPkkfyh10=
-39,22,TkwBMsLABFI0pL+UvkLEG477WE0=,7T6zX+cU8NMi5vzfMK2v6oLC7RE=
-38,22,TkwBMsLABFI0pL+UvkLEG477WE0=,j+pnhWkUuKXjkq/zhpdDNhLMU0k=
-39,20,TkwBMsLABFI0pL+UvkLEG477WE0=,aYCb8yMx5is8pEcSuKJz4E0ip7E=
-38,20,TkwBMsLABFI0pL+UvkLEG477WE0=,NME5+o9+NjpSGYdyYv+EzQGHPo8=
-40,22,TkwBMsLABFI0pL+UvkLEG477WE0=,7T6zX+cU8NMi5vzfMK2v6oLC7RE=
-41,22,TkwBMsLABFI0pL+UvkLEG477WE0=,tmC+zZsejCzsJX9sDlClI5Kvkqg=
-40,21,TkwBMsLABFI0pL+UvkLEG477WE0=,aYCb8yMx5is8pEcSuKJz4E0ip7E=
-41,21,TkwBMsLABFI0pL+UvkLEG477WE0=,lpEvAR6eOUWNErvlw8ld3PbB210=
-40,19,TkwBMsLABFI0pL+UvkLEG477WE0=,PEVdhKw1h3fQCrlUg9cPkkfyh10=
-41,19,TkwBMsLABFI0pL+UvkLEG477WE0=,Eq+igjhmIWmKX+0xLlPyS33jGlE=
-40,20,TkwBMsLABFI0pL+UvkLEG477WE0=,aYCb8yMx5is8pEcSuKJz4E0ip7E=
-41,20,TkwBMsLABFI0pL+UvkLEG477WE0=,lpEvAR6eOUWNErvlw8ld3PbB210=
-40,18,TkwBMsLABFI0pL+UvkLEG477WE0=,PEVdhKw1h3fQCrlUg9cPkkfyh10=
-40,17,TkwBMsLABFI0pL+UvkLEG477WE0=,iGqQdHIIH6jTVZE+sX019UfWyI0=
-41,18,TkwBMsLABFI0pL+UvkLEG477WE0=,Eq+igjhmIWmKX+0xLlPyS33jGlE=
-41,17,TkwBMsLABFI0pL+UvkLEG477WE0=,u1ZvQZxpDN9jOMrOetZpdDL2K6Y=
-42,19,TkwBMsLABFI0pL+UvkLEG477WE0=,Eq+igjhmIWmKX+0xLlPyS33jGlE=
-43,20,TkwBMsLABFI0pL+UvkLEG477WE0=,B9LXaCnvnvLVPmUXAztm/iYIKX8=
-43,19,TkwBMsLABFI0pL+UvkLEG477WE0=,JDCNVgSJzOzJ2fT/Gn0GvQMOa9w=
-42,20,TkwBMsLABFI0pL+UvkLEG477WE0=,lpEvAR6eOUWNErvlw8ld3PbB210=
-42,18,TkwBMsLABFI0pL+UvkLEG477WE0=,Eq+igjhmIWmKX+0xLlPyS33jGlE=
-43,17,TkwBMsLABFI0pL+UvkLEG477WE0=,v7RQjsyUgcwiTxecADLBVB8qAxw=
-43,18,TkwBMsLABFI0pL+UvkLEG477WE0=,JDCNVgSJzOzJ2fT/Gn0GvQMOa9w=
-42,17,TkwBMsLABFI0pL+UvkLEG477WE0=,u1ZvQZxpDN9jOMrOetZpdDL2K6Y=
-44,20,TkwBMsLABFI0pL+UvkLEG477WE0=,B9LXaCnvnvLVPmUXAztm/iYIKX8=
-45,19,TkwBMsLABFI0pL+UvkLEG477WE0=,CLChpa/2E0jTu0YtBJI49zr/IsI=
-44,19,TkwBMsLABFI0pL+UvkLEG477WE0=,JDCNVgSJzOzJ2fT/Gn0GvQMOa9w=
-45,20,TkwBMsLABFI0pL+UvkLEG477WE0=,mmokUbAD0gHg9k2Xvu+waxq08MM=
-45,18,TkwBMsLABFI0pL+UvkLEG477WE0=,CLChpa/2E0jTu0YtBJI49zr/IsI=
-44,17,TkwBMsLABFI0pL+UvkLEG477WE0=,v7RQjsyUgcwiTxecADLBVB8qAxw=
-44,18,TkwBMsLABFI0pL+UvkLEG477WE0=,JDCNVgSJzOzJ2fT/Gn0GvQMOa9w=
-45,17,TkwBMsLABFI0pL+UvkLEG477WE0=,+8KRbr/m3V9ZqqEVbzPZ4BVEgJA=
-45,16,ONWCmKpCBKrjuh3YD41wNZ3ZCa4=,+8KRbr/m3V9ZqqEVbzPZ4BVEgJA=
-44,16,ONWCmKpCBKrjuh3YD41wNZ3ZCa4=,v7RQjsyUgcwiTxecADLBVB8qAxw=
-42,16,ONWCmKpCBKrjuh3YD41wNZ3ZCa4=,u1ZvQZxpDN9jOMrOetZpdDL2K6Y=
-43,16,ONWCmKpCBKrjuh3YD41wNZ3ZCa4=,v7RQjsyUgcwiTxecADLBVB8qAxw=
-48,17,ONWCmKpCBKrjuh3YD41wNZ3ZCa4=,Z/r0GWZJW6/kFmenl3b+QFkPh9g=
-48,18,ONWCmKpCBKrjuh3YD41wNZ3ZCa4=,vQEFEecXVO/KLzGF4zXNJeyPnRc=
-46,16,ONWCmKpCBKrjuh3YD41wNZ3ZCa4=,+8KRbr/m3V9ZqqEVbzPZ4BVEgJA=
-46,17,ONWCmKpCBKrjuh3YD41wNZ3ZCa4=,+8KRbr/m3V9ZqqEVbzPZ4BVEgJA=
-46,18,ONWCmKpCBKrjuh3YD41wNZ3ZCa4=,CLChpa/2E0jTu0YtBJI49zr/IsI=
-40,16,ONWCmKpCBKrjuh3YD41wNZ3ZCa4=,iGqQdHIIH6jTVZE+sX019UfWyI0=
-47,18,ONWCmKpCBKrjuh3YD41wNZ3ZCa4=,vQEFEecXVO/KLzGF4zXNJeyPnRc=
-47,17,ONWCmKpCBKrjuh3YD41wNZ3ZCa4=,Z/r0GWZJW6/kFmenl3b+QFkPh9g=
-47,16,ONWCmKpCBKrjuh3YD41wNZ3ZCa4=,Z/r0GWZJW6/kFmenl3b+QFkPh9g=
-48,19,ONWCmKpCBKrjuh3YD41wNZ3ZCa4=,vQEFEecXVO/KLzGF4zXNJeyPnRc=
-41,16,ONWCmKpCBKrjuh3YD41wNZ3ZCa4=,u1ZvQZxpDN9jOMrOetZpdDL2K6Y=
-47,22,ONWCmKpCBKrjuh3YD41wNZ3ZCa4=,AtEegVYxEi8LhbckWzOUN0HZwAg=
-48,20,ONWCmKpCBKrjuh3YD41wNZ3ZCa4=,2UVWtdier9DRl0h+IHzmvJjUXQA=
-47,21,ONWCmKpCBKrjuh3YD41wNZ3ZCa4=,2UVWtdier9DRl0h+IHzmvJjUXQA=
-46,20,ONWCmKpCBKrjuh3YD41wNZ3ZCa4=,mmokUbAD0gHg9k2Xvu+waxq08MM=
-46,22,ONWCmKpCBKrjuh3YD41wNZ3ZCa4=,RaNboHMC2bNDP/XF5W18emBw2pQ=
-47,19,ONWCmKpCBKrjuh3YD41wNZ3ZCa4=,vQEFEecXVO/KLzGF4zXNJeyPnRc=
-47,20,ONWCmKpCBKrjuh3YD41wNZ3ZCa4=,2UVWtdier9DRl0h+IHzmvJjUXQA=
-46,21,ONWCmKpCBKrjuh3YD41wNZ3ZCa4=,mmokUbAD0gHg9k2Xvu+waxq08MM=
-46,19,ONWCmKpCBKrjuh3YD41wNZ3ZCa4=,CLChpa/2E0jTu0YtBJI49zr/IsI=
-39,16,ONWCmKpCBKrjuh3YD41wNZ3ZCa4=,iGqQdHIIH6jTVZE+sX019UfWyI0=
-38,16,ONWCmKpCBKrjuh3YD41wNZ3ZCa4=,rqV0MCK3u/+5XYSypjQ+K63ZXKg=
-37,16,ONWCmKpCBKrjuh3YD41wNZ3ZCa4=,rqV0MCK3u/+5XYSypjQ+K63ZXKg=
-36,16,ONWCmKpCBKrjuh3YD41wNZ3ZCa4=,MynJXjEKICUMXR9BVbD/A6HRuzU=
-42,24,ONWCmKpCBKrjuh3YD41wNZ3ZCa4=,+Gr1NyKHInkIp1sXHVwlaZmTVi0=
-45,23,ONWCmKpCBKrjuh3YD41wNZ3ZCa4=,RaNboHMC2bNDP/XF5W18emBw2pQ=
-43,23,ONWCmKpCBKrjuh3YD41wNZ3ZCa4=,DjfdF8Ksis5tk0OumQWTtUqJeCo=
-44,23,ONWCmKpCBKrjuh3YD41wNZ3ZCa4=,DjfdF8Ksis5tk0OumQWTtUqJeCo=
-42,23,ONWCmKpCBKrjuh3YD41wNZ3ZCa4=,tmC+zZsejCzsJX9sDlClI5Kvkqg=
-44,22,ONWCmKpCBKrjuh3YD41wNZ3ZCa4=,DjfdF8Ksis5tk0OumQWTtUqJeCo=
-43,22,ONWCmKpCBKrjuh3YD41wNZ3ZCa4=,DjfdF8Ksis5tk0OumQWTtUqJeCo=
-42,22,ONWCmKpCBKrjuh3YD41wNZ3ZCa4=,tmC+zZsejCzsJX9sDlClI5Kvkqg=
-45,22,ONWCmKpCBKrjuh3YD41wNZ3ZCa4=,RaNboHMC2bNDP/XF5W18emBw2pQ=
-44,21,ONWCmKpCBKrjuh3YD41wNZ3ZCa4=,B9LXaCnvnvLVPmUXAztm/iYIKX8=
-45,21,ONWCmKpCBKrjuh3YD41wNZ3ZCa4=,mmokUbAD0gHg9k2Xvu+waxq08MM=
-42,21,ONWCmKpCBKrjuh3YD41wNZ3ZCa4=,lpEvAR6eOUWNErvlw8ld3PbB210=
-43,21,ONWCmKpCBKrjuh3YD41wNZ3ZCa4=,B9LXaCnvnvLVPmUXAztm/iYIKX8=
-33,24,ONWCmKpCBKrjuh3YD41wNZ3ZCa4=,aDlC8Jq7orLc9Mwu7chOW9aa914=
-33,23,ONWCmKpCBKrjuh3YD41wNZ3ZCa4=,eeZFNQYtmUc6Ek3ckibr66TI/oU=
-33,20,ONWCmKpCBKrjuh3YD41wNZ3ZCa4=,K8R22FVhJK4XTHUf+jhfBX29mYw=
-33,21,ONWCmKpCBKrjuh3YD41wNZ3ZCa4=,K8R22FVhJK4XTHUf+jhfBX29mYw=
-33,22,ONWCmKpCBKrjuh3YD41wNZ3ZCa4=,eeZFNQYtmUc6Ek3ckibr66TI/oU=
-33,19,ONWCmKpCBKrjuh3YD41wNZ3ZCa4=,t6oHoPr49S8wlQnsQ1x38O/US+c=
-35,18,ONWCmKpCBKrjuh3YD41wNZ3ZCa4=,g08mujFCHkbWizj7WZGBKrwZlVk=
-34,18,ONWCmKpCBKrjuh3YD41wNZ3ZCa4=,t6oHoPr49S8wlQnsQ1x38O/US+c=
-35,17,ONWCmKpCBKrjuh3YD41wNZ3ZCa4=,MynJXjEKICUMXR9BVbD/A6HRuzU=
-33,17,ONWCmKpCBKrjuh3YD41wNZ3ZCa4=,svkiMRZ4ToNvpCm3tqxTPgVlvtw=
-35,16,ONWCmKpCBKrjuh3YD41wNZ3ZCa4=,MynJXjEKICUMXR9BVbD/A6HRuzU=
-33,18,ONWCmKpCBKrjuh3YD41wNZ3ZCa4=,t6oHoPr49S8wlQnsQ1x38O/US+c=
-34,16,ONWCmKpCBKrjuh3YD41wNZ3ZCa4=,svkiMRZ4ToNvpCm3tqxTPgVlvtw=
-34,17,ONWCmKpCBKrjuh3YD41wNZ3ZCa4=,svkiMRZ4ToNvpCm3tqxTPgVlvtw=
-35,25,ONWCmKpCBKrjuh3YD41wNZ3ZCa4=,rk88cDzdFEoZNwJH0chiHlfp0gQ=
-34,25,ONWCmKpCBKrjuh3YD41wNZ3ZCa4=,aDlC8Jq7orLc9Mwu7chOW9aa914=
-36,25,ONWCmKpCBKrjuh3YD41wNZ3ZCa4=,rk88cDzdFEoZNwJH0chiHlfp0gQ=
-37,25,ONWCmKpCBKrjuh3YD41wNZ3ZCa4=,emrJ06opYDjbvehNuPoDZowzAtw=
-36,26,ONWCmKpCBKrjuh3YD41wNZ3ZCa4=,ohX3gsJQFBgJQn1KZJaGVE+YQKg=
-35,26,ONWCmKpCBKrjuh3YD41wNZ3ZCa4=,ohX3gsJQFBgJQn1KZJaGVE+YQKg=
-34,26,ONWCmKpCBKrjuh3YD41wNZ3ZCa4=,KLd7CMHwkPnvngrVj7VPwM+Cw1U=
-37,26,ONWCmKpCBKrjuh3YD41wNZ3ZCa4=,jUZGl1yZd9kbLOBmGLy7q55ED0w=
-36,28,ONWCmKpCBKrjuh3YD41wNZ3ZCa4=,M/xz9nNTJkUtTdKNM5G21dH//zM=
-37,28,ONWCmKpCBKrjuh3YD41wNZ3ZCa4=,AduTC5fDHWNSI4lhin0eFKjWe4c=
-37,27,ONWCmKpCBKrjuh3YD41wNZ3ZCa4=,jUZGl1yZd9kbLOBmGLy7q55ED0w=
-36,27,ONWCmKpCBKrjuh3YD41wNZ3ZCa4=,ohX3gsJQFBgJQn1KZJaGVE+YQKg=
-39,25,ONWCmKpCBKrjuh3YD41wNZ3ZCa4=,KGpb4OVxnP/YbrKTXPOwMAdlE3c=
-38,25,ONWCmKpCBKrjuh3YD41wNZ3ZCa4=,emrJ06opYDjbvehNuPoDZowzAtw=
-38,26,ONWCmKpCBKrjuh3YD41wNZ3ZCa4=,jUZGl1yZd9kbLOBmGLy7q55ED0w=
-39,26,ONWCmKpCBKrjuh3YD41wNZ3ZCa4=,8Rqb/vB0IW5WFAYe6001n/zVeGA=
-39,28,ONWCmKpCBKrjuh3YD41wNZ3ZCa4=,jUZGl1yZd9kbLOBmGLy7q55ED0w=
-38,28,ONWCmKpCBKrjuh3YD41wNZ3ZCa4=,AduTC5fDHWNSI4lhin0eFKjWe4c=
-39,27,ONWCmKpCBKrjuh3YD41wNZ3ZCa4=,8Rqb/vB0IW5WFAYe6001n/zVeGA=
-38,27,ONWCmKpCBKrjuh3YD41wNZ3ZCa4=,jUZGl1yZd9kbLOBmGLy7q55ED0w=
-37,29,ONWCmKpCBKrjuh3YD41wNZ3ZCa4=,AduTC5fDHWNSI4lhin0eFKjWe4c=
-36,29,ONWCmKpCBKrjuh3YD41wNZ3ZCa4=,M/xz9nNTJkUtTdKNM5G21dH//zM=
-36,30,ONWCmKpCBKrjuh3YD41wNZ3ZCa4=,ohX3gsJQFBgJQn1KZJaGVE+YQKg=
-33,25,ONWCmKpCBKrjuh3YD41wNZ3ZCa4=,aDlC8Jq7orLc9Mwu7chOW9aa914=
-40,25,ONWCmKpCBKrjuh3YD41wNZ3ZCa4=,KGpb4OVxnP/YbrKTXPOwMAdlE3c=
-41,25,ONWCmKpCBKrjuh3YD41wNZ3ZCa4=,+Gr1NyKHInkIp1sXHVwlaZmTVi0=
-38,29,ONWCmKpCBKrjuh3YD41wNZ3ZCa4=,AduTC5fDHWNSI4lhin0eFKjWe4c=
-39,29,ONWCmKpCBKrjuh3YD41wNZ3ZCa4=,jUZGl1yZd9kbLOBmGLy7q55ED0w=
-40,29,ONWCmKpCBKrjuh3YD41wNZ3ZCa4=,jUZGl1yZd9kbLOBmGLy7q55ED0w=
-47,23,ONWCmKpCBKrjuh3YD41wNZ3ZCa4=,AtEegVYxEi8LhbckWzOUN0HZwAg=
-46,23,ONWCmKpCBKrjuh3YD41wNZ3ZCa4=,RaNboHMC2bNDP/XF5W18emBw2pQ=
-36,31,ONWCmKpCBKrjuh3YD41wNZ3ZCa4=,ohX3gsJQFBgJQn1KZJaGVE+YQKg=
-48,22,ONWCmKpCBKrjuh3YD41wNZ3ZCa4=,AtEegVYxEi8LhbckWzOUN0HZwAg=
-40,26,ONWCmKpCBKrjuh3YD41wNZ3ZCa4=,8Rqb/vB0IW5WFAYe6001n/zVeGA=
-40,27,ONWCmKpCBKrjuh3YD41wNZ3ZCa4=,8Rqb/vB0IW5WFAYe6001n/zVeGA=
-40,28,ONWCmKpCBKrjuh3YD41wNZ3ZCa4=,jUZGl1yZd9kbLOBmGLy7q55ED0w=
-48,21,ONWCmKpCBKrjuh3YD41wNZ3ZCa4=,2UVWtdier9DRl0h+IHzmvJjUXQA=
-42,25,ONWCmKpCBKrjuh3YD41wNZ3ZCa4=,+Gr1NyKHInkIp1sXHVwlaZmTVi0=
-48,23,ONWCmKpCBKrjuh3YD41wNZ3ZCa4=,AtEegVYxEi8LhbckWzOUN0HZwAg=
-48,16,ONWCmKpCBKrjuh3YD41wNZ3ZCa4=,Z/r0GWZJW6/kFmenl3b+QFkPh9g=
-33,26,ONWCmKpCBKrjuh3YD41wNZ3ZCa4=,KLd7CMHwkPnvngrVj7VPwM+Cw1U=
-33,16,ONWCmKpCBKrjuh3YD41wNZ3ZCa4=,svkiMRZ4ToNvpCm3tqxTPgVlvtw=
-33,28,ONWCmKpCBKrjuh3YD41wNZ3ZCa4=,NHIHphqEnOvfM+Jfjz+PVk5Q+RQ=
-35,28,ONWCmKpCBKrjuh3YD41wNZ3ZCa4=,M/xz9nNTJkUtTdKNM5G21dH//zM=
-34,27,ONWCmKpCBKrjuh3YD41wNZ3ZCa4=,KLd7CMHwkPnvngrVj7VPwM+Cw1U=
-35,27,ONWCmKpCBKrjuh3YD41wNZ3ZCa4=,ohX3gsJQFBgJQn1KZJaGVE+YQKg=
-34,28,ONWCmKpCBKrjuh3YD41wNZ3ZCa4=,NHIHphqEnOvfM+Jfjz+PVk5Q+RQ=
-33,27,ONWCmKpCBKrjuh3YD41wNZ3ZCa4=,KLd7CMHwkPnvngrVj7VPwM+Cw1U=
-35,31,ONWCmKpCBKrjuh3YD41wNZ3ZCa4=,ohX3gsJQFBgJQn1KZJaGVE+YQKg=
-35,30,ONWCmKpCBKrjuh3YD41wNZ3ZCa4=,ohX3gsJQFBgJQn1KZJaGVE+YQKg=
-35,29,ONWCmKpCBKrjuh3YD41wNZ3ZCa4=,M/xz9nNTJkUtTdKNM5G21dH//zM=
-34,29,ONWCmKpCBKrjuh3YD41wNZ3ZCa4=,NHIHphqEnOvfM+Jfjz+PVk5Q+RQ=
-34,31,ONWCmKpCBKrjuh3YD41wNZ3ZCa4=,NHIHphqEnOvfM+Jfjz+PVk5Q+RQ=
-33,29,ONWCmKpCBKrjuh3YD41wNZ3ZCa4=,NHIHphqEnOvfM+Jfjz+PVk5Q+RQ=
-33,31,ONWCmKpCBKrjuh3YD41wNZ3ZCa4=,NHIHphqEnOvfM+Jfjz+PVk5Q+RQ=
-33,30,ONWCmKpCBKrjuh3YD41wNZ3ZCa4=,NHIHphqEnOvfM+Jfjz+PVk5Q+RQ=
-34,30,ONWCmKpCBKrjuh3YD41wNZ3ZCa4=,NHIHphqEnOvfM+Jfjz+PVk5Q+RQ=
-47,10,aRmZz3lL2bmeDUb4+lgSZ8rH6+w=,0nRV8kC4NLH2qIbqX6CsLl+qlD4=
-47,9,aRmZz3lL2bmeDUb4+lgSZ8rH6+w=,+AIL5SArZzKQ63wTdE7UA2DoFzM=
-46,9,aRmZz3lL2bmeDUb4+lgSZ8rH6+w=,S3I1h7aMz4KeTdcN4FVc9Z9h+/k=
-46,10,aRmZz3lL2bmeDUb4+lgSZ8rH6+w=,lSnSRI7GXCJFX7/gedl5P1mrtDw=
-47,11,aRmZz3lL2bmeDUb4+lgSZ8rH6+w=,0nRV8kC4NLH2qIbqX6CsLl+qlD4=
-47,12,aRmZz3lL2bmeDUb4+lgSZ8rH6+w=,4mqkiy3kJreD9cGS8UGlEyFmn3I=
-46,11,aRmZz3lL2bmeDUb4+lgSZ8rH6+w=,lSnSRI7GXCJFX7/gedl5P1mrtDw=
-46,12,aRmZz3lL2bmeDUb4+lgSZ8rH6+w=,9GnJ3fCOsHfU3qRddMqBS0Gfv1I=
-44,12,aRmZz3lL2bmeDUb4+lgSZ8rH6+w=,apzY49APqek4gOuxklMLcnfkmyw=
-45,12,aRmZz3lL2bmeDUb4+lgSZ8rH6+w=,9GnJ3fCOsHfU3qRddMqBS0Gfv1I=
-44,11,aRmZz3lL2bmeDUb4+lgSZ8rH6+w=,fgwAyrUlNOWeWxBq4iuyoW0hiFU=
-45,11,aRmZz3lL2bmeDUb4+lgSZ8rH6+w=,lSnSRI7GXCJFX7/gedl5P1mrtDw=
-44,13,aRmZz3lL2bmeDUb4+lgSZ8rH6+w=,apzY49APqek4gOuxklMLcnfkmyw=
-45,14,aRmZz3lL2bmeDUb4+lgSZ8rH6+w=,URahQl+B8lmUxv7S/lmr1Xh6C3A=
-44,14,aRmZz3lL2bmeDUb4+lgSZ8rH6+w=,0+e89iVK3uRF29JexLdgPSZrjFI=
-45,13,aRmZz3lL2bmeDUb4+lgSZ8rH6+w=,9GnJ3fCOsHfU3qRddMqBS0Gfv1I=
-43,12,aRmZz3lL2bmeDUb4+lgSZ8rH6+w=,apzY49APqek4gOuxklMLcnfkmyw=
-43,11,aRmZz3lL2bmeDUb4+lgSZ8rH6+w=,fgwAyrUlNOWeWxBq4iuyoW0hiFU=
-42,11,aRmZz3lL2bmeDUb4+lgSZ8rH6+w=,luRrVdEdwOeXXEVCtU+jFKisilY=
-42,12,aRmZz3lL2bmeDUb4+lgSZ8rH6+w=,+sHV02voTgdpmD+k/3clr97ioEk=
-42,13,aRmZz3lL2bmeDUb4+lgSZ8rH6+w=,+sHV02voTgdpmD+k/3clr97ioEk=
-43,13,aRmZz3lL2bmeDUb4+lgSZ8rH6+w=,apzY49APqek4gOuxklMLcnfkmyw=
-43,14,aRmZz3lL2bmeDUb4+lgSZ8rH6+w=,0+e89iVK3uRF29JexLdgPSZrjFI=
-42,14,aRmZz3lL2bmeDUb4+lgSZ8rH6+w=,Kz8s+yUQpgF0DoOLaSWk2ZFAr4s=
-40,12,aRmZz3lL2bmeDUb4+lgSZ8rH6+w=,b5kCT2NOixXUFR0NKlvFTEMsBzQ=
-41,12,aRmZz3lL2bmeDUb4+lgSZ8rH6+w=,+sHV02voTgdpmD+k/3clr97ioEk=
-41,11,aRmZz3lL2bmeDUb4+lgSZ8rH6+w=,luRrVdEdwOeXXEVCtU+jFKisilY=
-40,11,aRmZz3lL2bmeDUb4+lgSZ8rH6+w=,2/+ubuWos1qfz3wT3bCYlXYY744=
-40,14,aRmZz3lL2bmeDUb4+lgSZ8rH6+w=,wlv+rk3N2b3JTmXToGkBXr8SaTQ=
-41,13,aRmZz3lL2bmeDUb4+lgSZ8rH6+w=,+sHV02voTgdpmD+k/3clr97ioEk=
-41,14,aRmZz3lL2bmeDUb4+lgSZ8rH6+w=,Kz8s+yUQpgF0DoOLaSWk2ZFAr4s=
-40,13,aRmZz3lL2bmeDUb4+lgSZ8rH6+w=,b5kCT2NOixXUFR0NKlvFTEMsBzQ=
-39,11,N0yDRTdd9PjV8Vl+jX1I18sjO+Y=,2/+ubuWos1qfz3wT3bCYlXYY744=
-38,12,N0yDRTdd9PjV8Vl+jX1I18sjO+Y=,WST0KYPI3ueG7iflAIcpfHIpJzY=
-39,12,N0yDRTdd9PjV8Vl+jX1I18sjO+Y=,b5kCT2NOixXUFR0NKlvFTEMsBzQ=
-38,11,N0yDRTdd9PjV8Vl+jX1I18sjO+Y=,zp5subXKLZOl0lhPBgWuIB46j3o=
-39,14,N0yDRTdd9PjV8Vl+jX1I18sjO+Y=,wlv+rk3N2b3JTmXToGkBXr8SaTQ=
-39,13,N0yDRTdd9PjV8Vl+jX1I18sjO+Y=,b5kCT2NOixXUFR0NKlvFTEMsBzQ=
-38,14,N0yDRTdd9PjV8Vl+jX1I18sjO+Y=,4ZAG6Fj77Nec/G3lb85j5E7ht2M=
-38,13,N0yDRTdd9PjV8Vl+jX1I18sjO+Y=,WST0KYPI3ueG7iflAIcpfHIpJzY=
-37,12,N0yDRTdd9PjV8Vl+jX1I18sjO+Y=,WST0KYPI3ueG7iflAIcpfHIpJzY=
-37,11,N0yDRTdd9PjV8Vl+jX1I18sjO+Y=,zp5subXKLZOl0lhPBgWuIB46j3o=
-36,12,N0yDRTdd9PjV8Vl+jX1I18sjO+Y=,gE2cT4dXpZXP2lrCTZTbtzwlWRo=
-36,11,N0yDRTdd9PjV8Vl+jX1I18sjO+Y=,e1wkNepNjPq2uQjKqn/wb31VSDo=
-36,13,N0yDRTdd9PjV8Vl+jX1I18sjO+Y=,gE2cT4dXpZXP2lrCTZTbtzwlWRo=
-37,13,N0yDRTdd9PjV8Vl+jX1I18sjO+Y=,WST0KYPI3ueG7iflAIcpfHIpJzY=
-37,14,N0yDRTdd9PjV8Vl+jX1I18sjO+Y=,4ZAG6Fj77Nec/G3lb85j5E7ht2M=
-36,14,N0yDRTdd9PjV8Vl+jX1I18sjO+Y=,9fioNXsw3OWWHBtmNVTR8Z47jks=
-34,12,N0yDRTdd9PjV8Vl+jX1I18sjO+Y=,Sy9JzL/KwClNNQk/f68HhgZfzaM=
-34,11,N0yDRTdd9PjV8Vl+jX1I18sjO+Y=,3jp0F103eVN58lYPW3iyCybfjDY=
-35,12,N0yDRTdd9PjV8Vl+jX1I18sjO+Y=,gE2cT4dXpZXP2lrCTZTbtzwlWRo=
-35,11,N0yDRTdd9PjV8Vl+jX1I18sjO+Y=,e1wkNepNjPq2uQjKqn/wb31VSDo=
-34,13,N0yDRTdd9PjV8Vl+jX1I18sjO+Y=,Sy9JzL/KwClNNQk/f68HhgZfzaM=
-34,14,N0yDRTdd9PjV8Vl+jX1I18sjO+Y=,3J9QBmapuKZD7rsHLD4Y6Y3n+bs=
-35,13,N0yDRTdd9PjV8Vl+jX1I18sjO+Y=,gE2cT4dXpZXP2lrCTZTbtzwlWRo=
-35,14,N0yDRTdd9PjV8Vl+jX1I18sjO+Y=,9fioNXsw3OWWHBtmNVTR8Z47jks=
-34,10,N0yDRTdd9PjV8Vl+jX1I18sjO+Y=,3jp0F103eVN58lYPW3iyCybfjDY=
-35,10,N0yDRTdd9PjV8Vl+jX1I18sjO+Y=,e1wkNepNjPq2uQjKqn/wb31VSDo=
-34,9,N0yDRTdd9PjV8Vl+jX1I18sjO+Y=,RLoDw5mBGeuPhM1AuYxakl1YOts=
-35,9,N0yDRTdd9PjV8Vl+jX1I18sjO+Y=,I46i7UzmWfRWFvmNbIrhDBmWFno=
-35,7,N0yDRTdd9PjV8Vl+jX1I18sjO+Y=,S0kTA8YhUgT9AJ2q4P77jcrAnLg=
-34,7,N0yDRTdd9PjV8Vl+jX1I18sjO+Y=,XKWoccsRo+PEgefA4VKHd235XoQ=
-35,8,N0yDRTdd9PjV8Vl+jX1I18sjO+Y=,I46i7UzmWfRWFvmNbIrhDBmWFno=
-34,8,N0yDRTdd9PjV8Vl+jX1I18sjO+Y=,RLoDw5mBGeuPhM1AuYxakl1YOts=
-34,6,nwYebfzpLZZk0q9y98znJ5MZzaA=,XKWoccsRo+PEgefA4VKHd235XoQ=
-35,6,nwYebfzpLZZk0q9y98znJ5MZzaA=,S0kTA8YhUgT9AJ2q4P77jcrAnLg=
-35,5,nwYebfzpLZZk0q9y98znJ5MZzaA=,VRw8XDdluC/sBiBKoQgWidM2r9Q=
-34,5,nwYebfzpLZZk0q9y98znJ5MZzaA=,BWWo51pb4c/AQl9MrUrmpKvkKYA=
-34,3,nwYebfzpLZZk0q9y98znJ5MZzaA=,AKi/hjDCvzQYjOwLxwlZHjAUCjQ=
-35,3,nwYebfzpLZZk0q9y98znJ5MZzaA=,ZPw8nhOtkFO575HT2zGW5eaHI0I=
-34,4,nwYebfzpLZZk0q9y98znJ5MZzaA=,BWWo51pb4c/AQl9MrUrmpKvkKYA=
-35,4,nwYebfzpLZZk0q9y98znJ5MZzaA=,VRw8XDdluC/sBiBKoQgWidM2r9Q=
-36,6,nwYebfzpLZZk0q9y98znJ5MZzaA=,S0kTA8YhUgT9AJ2q4P77jcrAnLg=
-36,5,nwYebfzpLZZk0q9y98znJ5MZzaA=,VRw8XDdluC/sBiBKoQgWidM2r9Q=
-37,5,nwYebfzpLZZk0q9y98znJ5MZzaA=,aYsPLMM3aI3znSLj0CWRMMfQuG8=
-37,6,nwYebfzpLZZk0q9y98znJ5MZzaA=,U7LJjRmvldspHfh7L9sohcIDDaQ=
-37,1,nwYebfzpLZZk0q9y98znJ5MZzaA=,zTd8LkFj7drsf14I+Oczy29KFwY=
-37,2,nwYebfzpLZZk0q9y98znJ5MZzaA=,evCW7J6XfkD65fuJKogeSuZ/KS0=
-36,1,nwYebfzpLZZk0q9y98znJ5MZzaA=,+tAyoAxBQdz7SvlVHd960Q+u5h4=
-36,2,nwYebfzpLZZk0q9y98znJ5MZzaA=,ZPw8nhOtkFO575HT2zGW5eaHI0I=
-36,3,nwYebfzpLZZk0q9y98znJ5MZzaA=,ZPw8nhOtkFO575HT2zGW5eaHI0I=
-36,4,nwYebfzpLZZk0q9y98znJ5MZzaA=,VRw8XDdluC/sBiBKoQgWidM2r9Q=
-37,4,nwYebfzpLZZk0q9y98znJ5MZzaA=,aYsPLMM3aI3znSLj0CWRMMfQuG8=
-37,3,nwYebfzpLZZk0q9y98znJ5MZzaA=,evCW7J6XfkD65fuJKogeSuZ/KS0=
-36,7,nwYebfzpLZZk0q9y98znJ5MZzaA=,S0kTA8YhUgT9AJ2q4P77jcrAnLg=
-36,8,nwYebfzpLZZk0q9y98znJ5MZzaA=,I46i7UzmWfRWFvmNbIrhDBmWFno=
-36,9,nwYebfzpLZZk0q9y98znJ5MZzaA=,I46i7UzmWfRWFvmNbIrhDBmWFno=
-36,10,nwYebfzpLZZk0q9y98znJ5MZzaA=,e1wkNepNjPq2uQjKqn/wb31VSDo=
-37,10,nwYebfzpLZZk0q9y98znJ5MZzaA=,zp5subXKLZOl0lhPBgWuIB46j3o=
-37,8,nwYebfzpLZZk0q9y98znJ5MZzaA=,ggBbbgb568/1X9t2ZjVTnpVrY2E=
-37,7,nwYebfzpLZZk0q9y98znJ5MZzaA=,U7LJjRmvldspHfh7L9sohcIDDaQ=
-37,9,nwYebfzpLZZk0q9y98znJ5MZzaA=,ggBbbgb568/1X9t2ZjVTnpVrY2E=
-39,10,nwYebfzpLZZk0q9y98znJ5MZzaA=,2/+ubuWos1qfz3wT3bCYlXYY744=
-38,10,nwYebfzpLZZk0q9y98znJ5MZzaA=,zp5subXKLZOl0lhPBgWuIB46j3o=
-38,9,nwYebfzpLZZk0q9y98znJ5MZzaA=,ggBbbgb568/1X9t2ZjVTnpVrY2E=
-39,9,nwYebfzpLZZk0q9y98znJ5MZzaA=,ByiZ1lZEJ6zAqBQmZWUUQ4mmxB8=
-39,8,nwYebfzpLZZk0q9y98znJ5MZzaA=,ByiZ1lZEJ6zAqBQmZWUUQ4mmxB8=
-38,7,nwYebfzpLZZk0q9y98znJ5MZzaA=,U7LJjRmvldspHfh7L9sohcIDDaQ=
-39,7,nwYebfzpLZZk0q9y98znJ5MZzaA=,y702NFN76gSim43vsGJOkCUMG1Y=
-38,8,nwYebfzpLZZk0q9y98znJ5MZzaA=,ggBbbgb568/1X9t2ZjVTnpVrY2E=
-39,5,nwYebfzpLZZk0q9y98znJ5MZzaA=,90v6ScGb1st5hTTylXIeorYu/tA=
-38,6,nwYebfzpLZZk0q9y98znJ5MZzaA=,U7LJjRmvldspHfh7L9sohcIDDaQ=
-38,5,nwYebfzpLZZk0q9y98znJ5MZzaA=,aYsPLMM3aI3znSLj0CWRMMfQuG8=
-39,6,nwYebfzpLZZk0q9y98znJ5MZzaA=,y702NFN76gSim43vsGJOkCUMG1Y=
-38,1,nwYebfzpLZZk0q9y98znJ5MZzaA=,zTd8LkFj7drsf14I+Oczy29KFwY=
-39,1,nwYebfzpLZZk0q9y98znJ5MZzaA=,/vzO0+PDefjUsfx8ngiOjv6YcjI=
-38,2,nwYebfzpLZZk0q9y98znJ5MZzaA=,evCW7J6XfkD65fuJKogeSuZ/KS0=
-39,4,nwYebfzpLZZk0q9y98znJ5MZzaA=,90v6ScGb1st5hTTylXIeorYu/tA=
-38,3,nwYebfzpLZZk0q9y98znJ5MZzaA=,evCW7J6XfkD65fuJKogeSuZ/KS0=
-38,4,nwYebfzpLZZk0q9y98znJ5MZzaA=,aYsPLMM3aI3znSLj0CWRMMfQuG8=
-39,3,nwYebfzpLZZk0q9y98znJ5MZzaA=,oAk6Ubd2JWkBCZXhLmqB/JN8uDo=
-39,2,nwYebfzpLZZk0q9y98znJ5MZzaA=,oAk6Ubd2JWkBCZXhLmqB/JN8uDo=
-40,4,nwYebfzpLZZk0q9y98znJ5MZzaA=,90v6ScGb1st5hTTylXIeorYu/tA=
-41,4,nwYebfzpLZZk0q9y98znJ5MZzaA=,6nWhizXoWIO9ftX4rwEaFTGk93c=
-41,3,nwYebfzpLZZk0q9y98znJ5MZzaA=,8MxO9YfFwMH7QxsTHz9/7RSPJVA=
-40,3,nwYebfzpLZZk0q9y98znJ5MZzaA=,oAk6Ubd2JWkBCZXhLmqB/JN8uDo=
-40,1,nwYebfzpLZZk0q9y98znJ5MZzaA=,/vzO0+PDefjUsfx8ngiOjv6YcjI=
-40,2,nwYebfzpLZZk0q9y98znJ5MZzaA=,oAk6Ubd2JWkBCZXhLmqB/JN8uDo=
-41,2,nwYebfzpLZZk0q9y98znJ5MZzaA=,8MxO9YfFwMH7QxsTHz9/7RSPJVA=
-41,1,nwYebfzpLZZk0q9y98znJ5MZzaA=,S3PT5NyVxHB3dbOX8lSJ6OWMj/E=
-45,2,nwYebfzpLZZk0q9y98znJ5MZzaA=,pIOKqRReMOKiDebH0u7FoOdVv7U=
-45,1,nwYebfzpLZZk0q9y98znJ5MZzaA=,BDobcXVQy4JPDmcNDYEcRIYezsA=
-44,1,nwYebfzpLZZk0q9y98znJ5MZzaA=,IsjS/9LpvMG+xbl5KcdTOAqlzQg=
-43,1,nwYebfzpLZZk0q9y98znJ5MZzaA=,IsjS/9LpvMG+xbl5KcdTOAqlzQg=
-42,1,nwYebfzpLZZk0q9y98znJ5MZzaA=,S3PT5NyVxHB3dbOX8lSJ6OWMj/E=
-42,2,nwYebfzpLZZk0q9y98znJ5MZzaA=,8MxO9YfFwMH7QxsTHz9/7RSPJVA=
-43,2,nwYebfzpLZZk0q9y98znJ5MZzaA=,J1gVUvaszizfNHitR8n8WP6/uUY=
-44,2,nwYebfzpLZZk0q9y98znJ5MZzaA=,J1gVUvaszizfNHitR8n8WP6/uUY=
-46,7,R0lTUXpYa39N9eZMcdQMj82po9s=,0m9rPM8+yOTgMI6DdgLeXyYXTrU=
-47,7,R0lTUXpYa39N9eZMcdQMj82po9s=,kP5zCO+kv/wF+WsGsFztIXQJTKc=
-47,8,R0lTUXpYa39N9eZMcdQMj82po9s=,+AIL5SArZzKQ63wTdE7UA2DoFzM=
-46,8,R0lTUXpYa39N9eZMcdQMj82po9s=,S3I1h7aMz4KeTdcN4FVc9Z9h+/k=
-46,6,R0lTUXpYa39N9eZMcdQMj82po9s=,0m9rPM8+yOTgMI6DdgLeXyYXTrU=
-47,6,R0lTUXpYa39N9eZMcdQMj82po9s=,kP5zCO+kv/wF+WsGsFztIXQJTKc=
-46,5,R0lTUXpYa39N9eZMcdQMj82po9s=,e/NCuJ2iYiK7EMNtmrx8hWwncQs=
-47,5,R0lTUXpYa39N9eZMcdQMj82po9s=,RV5emGq2Zi6QB3fEKH2qLWWqQmU=
-44,6,R0lTUXpYa39N9eZMcdQMj82po9s=,ID5Yv47JFNOhZsBdanZ1qNB/AoU=
-42,4,R0lTUXpYa39N9eZMcdQMj82po9s=,6nWhizXoWIO9ftX4rwEaFTGk93c=
-45,6,R0lTUXpYa39N9eZMcdQMj82po9s=,0m9rPM8+yOTgMI6DdgLeXyYXTrU=
-45,5,R0lTUXpYa39N9eZMcdQMj82po9s=,e/NCuJ2iYiK7EMNtmrx8hWwncQs=
-44,5,R0lTUXpYa39N9eZMcdQMj82po9s=,rAuOjQbF6IlAs8dlkOGyM0r+fKs=
-42,3,R0lTUXpYa39N9eZMcdQMj82po9s=,8MxO9YfFwMH7QxsTHz9/7RSPJVA=
-45,3,R0lTUXpYa39N9eZMcdQMj82po9s=,pIOKqRReMOKiDebH0u7FoOdVv7U=
-44,4,R0lTUXpYa39N9eZMcdQMj82po9s=,rAuOjQbF6IlAs8dlkOGyM0r+fKs=
-44,3,R0lTUXpYa39N9eZMcdQMj82po9s=,J1gVUvaszizfNHitR8n8WP6/uUY=
-43,3,R0lTUXpYa39N9eZMcdQMj82po9s=,J1gVUvaszizfNHitR8n8WP6/uUY=
-43,4,R0lTUXpYa39N9eZMcdQMj82po9s=,rAuOjQbF6IlAs8dlkOGyM0r+fKs=
-45,4,R0lTUXpYa39N9eZMcdQMj82po9s=,e/NCuJ2iYiK7EMNtmrx8hWwncQs=
-48,11,R0lTUXpYa39N9eZMcdQMj82po9s=,0nRV8kC4NLH2qIbqX6CsLl+qlD4=
-48,12,R0lTUXpYa39N9eZMcdQMj82po9s=,4mqkiy3kJreD9cGS8UGlEyFmn3I=
-48,10,R0lTUXpYa39N9eZMcdQMj82po9s=,0nRV8kC4NLH2qIbqX6CsLl+qlD4=
-48,9,R0lTUXpYa39N9eZMcdQMj82po9s=,+AIL5SArZzKQ63wTdE7UA2DoFzM=
-35,2,R0lTUXpYa39N9eZMcdQMj82po9s=,ZPw8nhOtkFO575HT2zGW5eaHI0I=
-35,1,R0lTUXpYa39N9eZMcdQMj82po9s=,+tAyoAxBQdz7SvlVHd960Q+u5h4=
-34,2,R0lTUXpYa39N9eZMcdQMj82po9s=,AKi/hjDCvzQYjOwLxwlZHjAUCjQ=
-34,1,R0lTUXpYa39N9eZMcdQMj82po9s=,7B0ucZUCE3QtOBdTjNPU+c7O1Pw=
-33,1,R0lTUXpYa39N9eZMcdQMj82po9s=,7B0ucZUCE3QtOBdTjNPU+c7O1Pw=
-33,2,R0lTUXpYa39N9eZMcdQMj82po9s=,AKi/hjDCvzQYjOwLxwlZHjAUCjQ=
-33,3,R0lTUXpYa39N9eZMcdQMj82po9s=,AKi/hjDCvzQYjOwLxwlZHjAUCjQ=
-33,4,R0lTUXpYa39N9eZMcdQMj82po9s=,BWWo51pb4c/AQl9MrUrmpKvkKYA=
-33,5,R0lTUXpYa39N9eZMcdQMj82po9s=,BWWo51pb4c/AQl9MrUrmpKvkKYA=
-33,6,R0lTUXpYa39N9eZMcdQMj82po9s=,XKWoccsRo+PEgefA4VKHd235XoQ=
-33,8,R0lTUXpYa39N9eZMcdQMj82po9s=,RLoDw5mBGeuPhM1AuYxakl1YOts=
-33,7,R0lTUXpYa39N9eZMcdQMj82po9s=,XKWoccsRo+PEgefA4VKHd235XoQ=
-33,9,R0lTUXpYa39N9eZMcdQMj82po9s=,RLoDw5mBGeuPhM1AuYxakl1YOts=
-33,10,R0lTUXpYa39N9eZMcdQMj82po9s=,3jp0F103eVN58lYPW3iyCybfjDY=
-33,12,R0lTUXpYa39N9eZMcdQMj82po9s=,Sy9JzL/KwClNNQk/f68HhgZfzaM=
-33,11,R0lTUXpYa39N9eZMcdQMj82po9s=,3jp0F103eVN58lYPW3iyCybfjDY=
-33,13,R0lTUXpYa39N9eZMcdQMj82po9s=,Sy9JzL/KwClNNQk/f68HhgZfzaM=
-33,14,R0lTUXpYa39N9eZMcdQMj82po9s=,3J9QBmapuKZD7rsHLD4Y6Y3n+bs=
-35,15,R0lTUXpYa39N9eZMcdQMj82po9s=,9fioNXsw3OWWHBtmNVTR8Z47jks=
-34,15,R0lTUXpYa39N9eZMcdQMj82po9s=,3J9QBmapuKZD7rsHLD4Y6Y3n+bs=
-37,15,R0lTUXpYa39N9eZMcdQMj82po9s=,4ZAG6Fj77Nec/G3lb85j5E7ht2M=
-36,15,R0lTUXpYa39N9eZMcdQMj82po9s=,9fioNXsw3OWWHBtmNVTR8Z47jks=
-39,15,R0lTUXpYa39N9eZMcdQMj82po9s=,wlv+rk3N2b3JTmXToGkBXr8SaTQ=
-38,15,R0lTUXpYa39N9eZMcdQMj82po9s=,4ZAG6Fj77Nec/G3lb85j5E7ht2M=
-40,15,R0lTUXpYa39N9eZMcdQMj82po9s=,wlv+rk3N2b3JTmXToGkBXr8SaTQ=
-41,15,R0lTUXpYa39N9eZMcdQMj82po9s=,Kz8s+yUQpgF0DoOLaSWk2ZFAr4s=
-43,15,R0lTUXpYa39N9eZMcdQMj82po9s=,0+e89iVK3uRF29JexLdgPSZrjFI=
-42,15,R0lTUXpYa39N9eZMcdQMj82po9s=,Kz8s+yUQpgF0DoOLaSWk2ZFAr4s=
-45,15,R0lTUXpYa39N9eZMcdQMj82po9s=,URahQl+B8lmUxv7S/lmr1Xh6C3A=
-44,15,R0lTUXpYa39N9eZMcdQMj82po9s=,0+e89iVK3uRF29JexLdgPSZrjFI=
-43,6,R0lTUXpYa39N9eZMcdQMj82po9s=,ID5Yv47JFNOhZsBdanZ1qNB/AoU=
-43,5,R0lTUXpYa39N9eZMcdQMj82po9s=,rAuOjQbF6IlAs8dlkOGyM0r+fKs=
-40,5,R0lTUXpYa39N9eZMcdQMj82po9s=,90v6ScGb1st5hTTylXIeorYu/tA=
-42,5,R0lTUXpYa39N9eZMcdQMj82po9s=,6nWhizXoWIO9ftX4rwEaFTGk93c=
-41,5,R0lTUXpYa39N9eZMcdQMj82po9s=,6nWhizXoWIO9ftX4rwEaFTGk93c=
-42,6,R0lTUXpYa39N9eZMcdQMj82po9s=,skYmyZnhNqj1qgutq6RhqOa+Ctc=
-41,6,R0lTUXpYa39N9eZMcdQMj82po9s=,skYmyZnhNqj1qgutq6RhqOa+Ctc=
-40,6,R0lTUXpYa39N9eZMcdQMj82po9s=,y702NFN76gSim43vsGJOkCUMG1Y=
-45,0,R0lTUXpYa39N9eZMcdQMj82po9s=,BDobcXVQy4JPDmcNDYEcRIYezsA=
-44,0,R0lTUXpYa39N9eZMcdQMj82po9s=,IsjS/9LpvMG+xbl5KcdTOAqlzQg=
-43,0,R0lTUXpYa39N9eZMcdQMj82po9s=,IsjS/9LpvMG+xbl5KcdTOAqlzQg=
-42,0,R0lTUXpYa39N9eZMcdQMj82po9s=,S3PT5NyVxHB3dbOX8lSJ6OWMj/E=
-44,7,R0lTUXpYa39N9eZMcdQMj82po9s=,ID5Yv47JFNOhZsBdanZ1qNB/AoU=
-45,7,R0lTUXpYa39N9eZMcdQMj82po9s=,0m9rPM8+yOTgMI6DdgLeXyYXTrU=
-44,8,R0lTUXpYa39N9eZMcdQMj82po9s=,XokwEO/AgqRZWyOcnSgleqa+q9s=
-40,0,R0lTUXpYa39N9eZMcdQMj82po9s=,/vzO0+PDefjUsfx8ngiOjv6YcjI=
-45,8,R0lTUXpYa39N9eZMcdQMj82po9s=,S3I1h7aMz4KeTdcN4FVc9Z9h+/k=
-44,9,R0lTUXpYa39N9eZMcdQMj82po9s=,XokwEO/AgqRZWyOcnSgleqa+q9s=
-39,0,R0lTUXpYa39N9eZMcdQMj82po9s=,/vzO0+PDefjUsfx8ngiOjv6YcjI=
-38,0,R0lTUXpYa39N9eZMcdQMj82po9s=,zTd8LkFj7drsf14I+Oczy29KFwY=
-41,0,R0lTUXpYa39N9eZMcdQMj82po9s=,S3PT5NyVxHB3dbOX8lSJ6OWMj/E=
-45,9,R0lTUXpYa39N9eZMcdQMj82po9s=,S3I1h7aMz4KeTdcN4FVc9Z9h+/k=
-44,10,R0lTUXpYa39N9eZMcdQMj82po9s=,fgwAyrUlNOWeWxBq4iuyoW0hiFU=
-37,0,R0lTUXpYa39N9eZMcdQMj82po9s=,zTd8LkFj7drsf14I+Oczy29KFwY=
-36,0,R0lTUXpYa39N9eZMcdQMj82po9s=,+tAyoAxBQdz7SvlVHd960Q+u5h4=
-46,0,R0lTUXpYa39N9eZMcdQMj82po9s=,BDobcXVQy4JPDmcNDYEcRIYezsA=
-45,10,R0lTUXpYa39N9eZMcdQMj82po9s=,lSnSRI7GXCJFX7/gedl5P1mrtDw=
-35,0,R0lTUXpYa39N9eZMcdQMj82po9s=,+tAyoAxBQdz7SvlVHd960Q+u5h4=
-34,0,R0lTUXpYa39N9eZMcdQMj82po9s=,7B0ucZUCE3QtOBdTjNPU+c7O1Pw=
-33,0,R0lTUXpYa39N9eZMcdQMj82po9s=,7B0ucZUCE3QtOBdTjNPU+c7O1Pw=
-48,6,R0lTUXpYa39N9eZMcdQMj82po9s=,kP5zCO+kv/wF+WsGsFztIXQJTKc=
-48,8,R0lTUXpYa39N9eZMcdQMj82po9s=,+AIL5SArZzKQ63wTdE7UA2DoFzM=
-48,5,R0lTUXpYa39N9eZMcdQMj82po9s=,RV5emGq2Zi6QB3fEKH2qLWWqQmU=
-48,7,R0lTUXpYa39N9eZMcdQMj82po9s=,kP5zCO+kv/wF+WsGsFztIXQJTKc=
-40,9,R0lTUXpYa39N9eZMcdQMj82po9s=,ByiZ1lZEJ6zAqBQmZWUUQ4mmxB8=
-33,15,R0lTUXpYa39N9eZMcdQMj82po9s=,3J9QBmapuKZD7rsHLD4Y6Y3n+bs=
-41,9,R0lTUXpYa39N9eZMcdQMj82po9s=,w76a9JbbcJEqNYG8pXS3CXeY95o=
-40,8,R0lTUXpYa39N9eZMcdQMj82po9s=,ByiZ1lZEJ6zAqBQmZWUUQ4mmxB8=
-43,10,R0lTUXpYa39N9eZMcdQMj82po9s=,fgwAyrUlNOWeWxBq4iuyoW0hiFU=
-41,10,R0lTUXpYa39N9eZMcdQMj82po9s=,luRrVdEdwOeXXEVCtU+jFKisilY=
-43,7,R0lTUXpYa39N9eZMcdQMj82po9s=,ID5Yv47JFNOhZsBdanZ1qNB/AoU=
-42,8,R0lTUXpYa39N9eZMcdQMj82po9s=,w76a9JbbcJEqNYG8pXS3CXeY95o=
-40,7,R0lTUXpYa39N9eZMcdQMj82po9s=,y702NFN76gSim43vsGJOkCUMG1Y=
-43,8,R0lTUXpYa39N9eZMcdQMj82po9s=,XokwEO/AgqRZWyOcnSgleqa+q9s=
-43,9,R0lTUXpYa39N9eZMcdQMj82po9s=,XokwEO/AgqRZWyOcnSgleqa+q9s=
-42,7,R0lTUXpYa39N9eZMcdQMj82po9s=,skYmyZnhNqj1qgutq6RhqOa+Ctc=
-42,9,R0lTUXpYa39N9eZMcdQMj82po9s=,w76a9JbbcJEqNYG8pXS3CXeY95o=
-42,10,R0lTUXpYa39N9eZMcdQMj82po9s=,luRrVdEdwOeXXEVCtU+jFKisilY=
-40,10,R0lTUXpYa39N9eZMcdQMj82po9s=,2/+ubuWos1qfz3wT3bCYlXYY744=
-41,8,R0lTUXpYa39N9eZMcdQMj82po9s=,w76a9JbbcJEqNYG8pXS3CXeY95o=
-41,7,R0lTUXpYa39N9eZMcdQMj82po9s=,skYmyZnhNqj1qgutq6RhqOa+Ctc=
-48,2,R0lTUXpYa39N9eZMcdQMj82po9s=,5GREgQfYXHXTw6CrZBB28e4eUD8=
-46,2,R0lTUXpYa39N9eZMcdQMj82po9s=,pIOKqRReMOKiDebH0u7FoOdVv7U=
-46,1,R0lTUXpYa39N9eZMcdQMj82po9s=,BDobcXVQy4JPDmcNDYEcRIYezsA=
-47,2,R0lTUXpYa39N9eZMcdQMj82po9s=,5GREgQfYXHXTw6CrZBB28e4eUD8=
-48,3,R0lTUXpYa39N9eZMcdQMj82po9s=,5GREgQfYXHXTw6CrZBB28e4eUD8=
-47,3,R0lTUXpYa39N9eZMcdQMj82po9s=,5GREgQfYXHXTw6CrZBB28e4eUD8=
-48,4,R0lTUXpYa39N9eZMcdQMj82po9s=,RV5emGq2Zi6QB3fEKH2qLWWqQmU=
-46,3,R0lTUXpYa39N9eZMcdQMj82po9s=,pIOKqRReMOKiDebH0u7FoOdVv7U=
-47,4,R0lTUXpYa39N9eZMcdQMj82po9s=,RV5emGq2Zi6QB3fEKH2qLWWqQmU=
-46,4,R0lTUXpYa39N9eZMcdQMj82po9s=,e/NCuJ2iYiK7EMNtmrx8hWwncQs=
-48,14,R0lTUXpYa39N9eZMcdQMj82po9s=,YjrpbiM3C/aWTKg43oj0APMx8OI=
-48,15,R0lTUXpYa39N9eZMcdQMj82po9s=,YjrpbiM3C/aWTKg43oj0APMx8OI=
-48,13,R0lTUXpYa39N9eZMcdQMj82po9s=,4mqkiy3kJreD9cGS8UGlEyFmn3I=
-46,15,R0lTUXpYa39N9eZMcdQMj82po9s=,URahQl+B8lmUxv7S/lmr1Xh6C3A=
-46,14,R0lTUXpYa39N9eZMcdQMj82po9s=,URahQl+B8lmUxv7S/lmr1Xh6C3A=
-47,13,R0lTUXpYa39N9eZMcdQMj82po9s=,4mqkiy3kJreD9cGS8UGlEyFmn3I=
-47,15,R0lTUXpYa39N9eZMcdQMj82po9s=,YjrpbiM3C/aWTKg43oj0APMx8OI=
-46,13,R0lTUXpYa39N9eZMcdQMj82po9s=,9GnJ3fCOsHfU3qRddMqBS0Gfv1I=
-47,14,R0lTUXpYa39N9eZMcdQMj82po9s=,YjrpbiM3C/aWTKg43oj0APMx8OI=
