43,55,9VEFhVU1bzaBk0S/oN4/5hVD0GA=,081uc0RdIsXu/LCFPFzfbIF+HPU=
44,55,9VEFhVU1bzaBk0S/oN4/5hVD0GA=,081uc0RdIsXu/LCFPFzfbIF+HPU=
43,56,9VEFhVU1bzaBk0S/oN4/5hVD0GA=,zNWR4YepkxJKO7Tv5LV8aC7lZx4=
44,56,9VEFhVU1bzaBk0S/oN4/5hVD0GA=,CWdbn9YWvwWjXEEEnPDb4LLG50k=
45,56,9VEFhVU1bzaBk0S/oN4/5hVD0GA=,CWdbn9YWvwWjXEEEnPDb4LLG50k=
45,55,9VEFhVU1bzaBk0S/oN4/5hVD0GA=,081uc0RdIsXu/LCFPFzfbIF+HPU=
41,56,9VEFhVU1bzaBk0S/oN4/5hVD0GA=,uOsT822nuymM1bYhkXdDQzzQLI8=
41,61,9VEFhVU1bzaBk0S/oN4/5hVD0GA=,uOsT822nuymM1bYhkXdDQzzQLI8=
40,60,9VEFhVU1bzaBk0S/oN4/5hVD0GA=,uOsT822nuymM1bYhkXdDQzzQLI8=
44,54,9VEFhVU1bzaBk0S/oN4/5hVD0GA=,081uc0RdIsXu/LCFPFzfbIF+HPU=
42,61,9VEFhVU1bzaBk0S/oN4/5hVD0GA=,uOsT822nuymM1bYhkXdDQzzQLI8=
43,54,9VEFhVU1bzaBk0S/oN4/5hVD0GA=,081uc0RdIsXu/LCFPFzfbIF+HPU=
40,59,9VEFhVU1bzaBk0S/oN4/5hVD0GA=,uOsT822nuymM1bYhkXdDQzzQLI8=
45,54,9VEFhVU1bzaBk0S/oN4/5hVD0GA=,081uc0RdIsXu/LCFPFzfbIF+HPU=
40,57,9VEFhVU1bzaBk0S/oN4/5hVD0GA=,uOsT822nuymM1bYhkXdDQzzQLI8=
40,58,9VEFhVU1bzaBk0S/oN4/5hVD0GA=,uOsT822nuymM1bYhkXdDQzzQLI8=
40,61,9VEFhVU1bzaBk0S/oN4/5hVD0GA=,uOsT822nuymM1bYhkXdDQzzQLI8=
42,54,9VEFhVU1bzaBk0S/oN4/5hVD0GA=,081uc0RdIsXu/LCFPFzfbIF+HPU=
40,56,9VEFhVU1bzaBk0S/oN4/5hVD0GA=,uOsT822nuymM1bYhkXdDQzzQLI8=
43,61,9VEFhVU1bzaBk0S/oN4/5hVD0GA=,uOsT822nuymM1bYhkXdDQzzQLI8=
44,61,9VEFhVU1bzaBk0S/oN4/5hVD0GA=,uOsT822nuymM1bYhkXdDQzzQLI8=
42,56,9VEFhVU1bzaBk0S/oN4/5hVD0GA=,zNWR4YepkxJKO7Tv5LV8aC7lZx4=
42,55,9VEFhVU1bzaBk0S/oN4/5hVD0GA=,081uc0RdIsXu/LCFPFzfbIF+HPU=
45,60,9VEFhVU1bzaBk0S/oN4/5hVD0GA=,uOsT822nuymM1bYhkXdDQzzQLI8=
45,61,9VEFhVU1bzaBk0S/oN4/5hVD0GA=,uOsT822nuymM1bYhkXdDQzzQLI8=
41,60,9VEFhVU1bzaBk0S/oN4/5hVD0GA=,uOsT822nuymM1bYhkXdDQzzQLI8=
41,59,9VEFhVU1bzaBk0S/oN4/5hVD0GA=,uOsT822nuymM1bYhkXdDQzzQLI8=
45,59,9VEFhVU1bzaBk0S/oN4/5hVD0GA=,O4iwqchRdaClCeD0w4qtHwem3FA=
45,57,9VEFhVU1bzaBk0S/oN4/5hVD0GA=,CWdbn9YWvwWjXEEEnPDb4LLG50k=
45,58,9VEFhVU1bzaBk0S/oN4/5hVD0GA=,O4iwqchRdaClCeD0w4qtHwem3FA=
41,58,9VEFhVU1bzaBk0S/oN4/5hVD0GA=,uOsT822nuymM1bYhkXdDQzzQLI8=
43,60,9VEFhVU1bzaBk0S/oN4/5hVD0GA=,uOsT822nuymM1bYhkXdDQzzQLI8=
44,60,9VEFhVU1bzaBk0S/oN4/5hVD0GA=,uOsT822nuymM1bYhkXdDQzzQLI8=
41,57,9VEFhVU1bzaBk0S/oN4/5hVD0GA=,uOsT822nuymM1bYhkXdDQzzQLI8=
42,60,9VEFhVU1bzaBk0S/oN4/5hVD0GA=,uOsT822nuymM1bYhkXdDQzzQLI8=
44,59,9VEFhVU1bzaBk0S/oN4/5hVD0GA=,O4iwqchRdaClCeD0w4qtHwem3FA=
42,57,9VEFhVU1bzaBk0S/oN4/5hVD0GA=,zNWR4YepkxJKO7Tv5LV8aC7lZx4=
42,59,9VEFhVU1bzaBk0S/oN4/5hVD0GA=,8KVpfFBftYb+pOEt1mRll2WTVjg=
42,58,9VEFhVU1bzaBk0S/oN4/5hVD0GA=,8KVpfFBftYb+pOEt1mRll2WTVjg=
43,59,9VEFhVU1bzaBk0S/oN4/5hVD0GA=,8KVpfFBftYb+pOEt1mRll2WTVjg=
43,58,9VEFhVU1bzaBk0S/oN4/5hVD0GA=,8KVpfFBftYb+pOEt1mRll2WTVjg=
44,58,9VEFhVU1bzaBk0S/oN4/5hVD0GA=,O4iwqchRdaClCeD0w4qtHwem3FA=
43,57,9VEFhVU1bzaBk0S/oN4/5hVD0GA=,zNWR4YepkxJKO7Tv5LV8aC7lZx4=
44,57,9VEFhVU1bzaBk0S/oN4/5hVD0GA=,CWdbn9YWvwWjXEEEnPDb4LLG50k=
