2,6,JBKfCvdvh77T9UPOwadrXQo7JvY=,+Znjl6Cl/bBOeeUAy07a7dzmCEI=
1,6,JBKfCvdvh77T9UPOwadrXQo7JvY=,JpXru/rofOo3z6Ba0K1C0fDunRM=
1,5,JBKfCvdvh77T9UPOwadrXQo7JvY=,c8x9wVi+NdyRcOljW6HRkV1vg1s=
2,5,JBKfCvdvh77T9UPOwadrXQo7JvY=,czqQVNpkqYgEOtakKkegztHvwAI=
2,8,JBKfCvdvh77T9UPOwadrXQo7JvY=,uOsT822nuymM1bYhkXdDQzzQLI8=
2,12,JBKfCvdvh77T9UPOwadrXQo7JvY=,INMzv3cpqHJurN5zDcrBrhIu3Ps=
2,9,JBKfCvdvh77T9UPOwadrXQo7JvY=,uOsT822nuymM1bYhkXdDQzzQLI8=
2,7,JBKfCvdvh77T9UPOwadrXQo7JvY=,+Znjl6Cl/bBOeeUAy07a7dzmCEI=
2,10,JBKfCvdvh77T9UPOwadrXQo7JvY=,INMzv3cpqHJurN5zDcrBrhIu3Ps=
1,8,JBKfCvdvh77T9UPOwadrXQo7JvY=,ftfGsqHhf2WWcJNZuYTWbB5xfQI=
2,11,JBKfCvdvh77T9UPOwadrXQo7JvY=,INMzv3cpqHJurN5zDcrBrhIu3Ps=
1,10,JBKfCvdvh77T9UPOwadrXQo7JvY=,wEaMq02ExIsTmRQIjwK0jBcbrP0=
1,7,JBKfCvdvh77T9UPOwadrXQo7JvY=,JpXru/rofOo3z6Ba0K1C0fDunRM=
1,11,JBKfCvdvh77T9UPOwadrXQo7JvY=,wEaMq02ExIsTmRQIjwK0jBcbrP0=
1,9,JBKfCvdvh77T9UPOwadrXQo7JvY=,ftfGsqHhf2WWcJNZuYTWbB5xfQI=
1,12,JBKfCvdvh77T9UPOwadrXQo7JvY=,wEaMq02ExIsTmRQIjwK0jBcbrP0=
4,8,5lE5pLoFI3VlJfva79w/ThqXygQ=,uOsT822nuymM1bYhkXdDQzzQLI8=
4,7,5lE5pLoFI3VlJfva79w/ThqXygQ=,bz/qBgzZUeQCqCpONQXx+YxTuCs=
3,8,5lE5pLoFI3VlJfva79w/ThqXygQ=,uOsT822nuymM1bYhkXdDQzzQLI8=
4,6,5lE5pLoFI3VlJfva79w/ThqXygQ=,bz/qBgzZUeQCqCpONQXx+YxTuCs=
3,7,5lE5pLoFI3VlJfva79w/ThqXygQ=,+Znjl6Cl/bBOeeUAy07a7dzmCEI=
3,6,5lE5pLoFI3VlJfva79w/ThqXygQ=,+Znjl6Cl/bBOeeUAy07a7dzmCEI=
4,5,5lE5pLoFI3VlJfva79w/ThqXygQ=,r7vQj10xVy3C7Q/Sa4DeEmOvVbA=
3,5,5lE5pLoFI3VlJfva79w/ThqXygQ=,czqQVNpkqYgEOtakKkegztHvwAI=
4,3,5lE5pLoFI3VlJfva79w/ThqXygQ=,vHtLeUG7FFIb6y//nUzgEEqI5Uk=
4,4,5lE5pLoFI3VlJfva79w/ThqXygQ=,r7vQj10xVy3C7Q/Sa4DeEmOvVbA=
3,4,5lE5pLoFI3VlJfva79w/ThqXygQ=,czqQVNpkqYgEOtakKkegztHvwAI=
3,3,5lE5pLoFI3VlJfva79w/ThqXygQ=,SrD/1AmLGhCgPabzHgxy0LNfcZo=
4,2,5lE5pLoFI3VlJfva79w/ThqXygQ=,vHtLeUG7FFIb6y//nUzgEEqI5Uk=
4,1,5lE5pLoFI3VlJfva79w/ThqXygQ=,1+mGZr/Tk4OKfHul7dzSVVrlNRM=
3,1,5lE5pLoFI3VlJfva79w/ThqXygQ=,bz/qBgzZUeQCqCpONQXx+YxTuCs=
2,4,5lE5pLoFI3VlJfva79w/ThqXygQ=,czqQVNpkqYgEOtakKkegztHvwAI=
3,2,5lE5pLoFI3VlJfva79w/ThqXygQ=,SrD/1AmLGhCgPabzHgxy0LNfcZo=
2,3,5lE5pLoFI3VlJfva79w/ThqXygQ=,SrD/1AmLGhCgPabzHgxy0LNfcZo=
1,4,5lE5pLoFI3VlJfva79w/ThqXygQ=,c8x9wVi+NdyRcOljW6HRkV1vg1s=
1,3,5lE5pLoFI3VlJfva79w/ThqXygQ=,SrD/1AmLGhCgPabzHgxy0LNfcZo=
2,1,5lE5pLoFI3VlJfva79w/ThqXygQ=,bz/qBgzZUeQCqCpONQXx+YxTuCs=
2,2,5lE5pLoFI3VlJfva79w/ThqXygQ=,SrD/1AmLGhCgPabzHgxy0LNfcZo=
1,2,5lE5pLoFI3VlJfva79w/ThqXygQ=,SrD/1AmLGhCgPabzHgxy0LNfcZo=
1,1,5lE5pLoFI3VlJfva79w/ThqXygQ=,bz/qBgzZUeQCqCpONQXx+YxTuCs=
5,2,5lE5pLoFI3VlJfva79w/ThqXygQ=,vHtLeUG7FFIb6y//nUzgEEqI5Uk=
6,2,5lE5pLoFI3VlJfva79w/ThqXygQ=,09TyIjkXylIWxY3f7ofIXtNGHxw=
6,1,5lE5pLoFI3VlJfva79w/ThqXygQ=,8LtdNdCRsIv1IA2g59WO/uqZLPw=
5,1,5lE5pLoFI3VlJfva79w/ThqXygQ=,1+mGZr/Tk4OKfHul7dzSVVrlNRM=
6,3,5lE5pLoFI3VlJfva79w/ThqXygQ=,09TyIjkXylIWxY3f7ofIXtNGHxw=
5,3,5lE5pLoFI3VlJfva79w/ThqXygQ=,vHtLeUG7FFIb6y//nUzgEEqI5Uk=
5,4,5lE5pLoFI3VlJfva79w/ThqXygQ=,r7vQj10xVy3C7Q/Sa4DeEmOvVbA=
6,4,5lE5pLoFI3VlJfva79w/ThqXygQ=,QQvKivkKz7VNH+KF0Gn/UplwI5o=
5,5,5lE5pLoFI3VlJfva79w/ThqXygQ=,r7vQj10xVy3C7Q/Sa4DeEmOvVbA=
6,8,5lE5pLoFI3VlJfva79w/ThqXygQ=,uOsT822nuymM1bYhkXdDQzzQLI8=
5,8,5lE5pLoFI3VlJfva79w/ThqXygQ=,uOsT822nuymM1bYhkXdDQzzQLI8=
5,6,5lE5pLoFI3VlJfva79w/ThqXygQ=,bz/qBgzZUeQCqCpONQXx+YxTuCs=
6,7,5lE5pLoFI3VlJfva79w/ThqXygQ=,Q96QENJC24RVGqO9xWqKTcRLI5I=
6,6,5lE5pLoFI3VlJfva79w/ThqXygQ=,Q96QENJC24RVGqO9xWqKTcRLI5I=
6,5,5lE5pLoFI3VlJfva79w/ThqXygQ=,QQvKivkKz7VNH+KF0Gn/UplwI5o=
5,7,5lE5pLoFI3VlJfva79w/ThqXygQ=,bz/qBgzZUeQCqCpONQXx+YxTuCs=
3,11,5lE5pLoFI3VlJfva79w/ThqXygQ=,INMzv3cpqHJurN5zDcrBrhIu3Ps=
3,12,5lE5pLoFI3VlJfva79w/ThqXygQ=,INMzv3cpqHJurN5zDcrBrhIu3Ps=
3,10,5lE5pLoFI3VlJfva79w/ThqXygQ=,INMzv3cpqHJurN5zDcrBrhIu3Ps=
3,9,5lE5pLoFI3VlJfva79w/ThqXygQ=,uOsT822nuymM1bYhkXdDQzzQLI8=
6,9,5lE5pLoFI3VlJfva79w/ThqXygQ=,uOsT822nuymM1bYhkXdDQzzQLI8=
4,12,5lE5pLoFI3VlJfva79w/ThqXygQ=,INMzv3cpqHJurN5zDcrBrhIu3Ps=
6,10,5lE5pLoFI3VlJfva79w/ThqXygQ=,INMzv3cpqHJurN5zDcrBrhIu3Ps=
4,9,5lE5pLoFI3VlJfva79w/ThqXygQ=,uOsT822nuymM1bYhkXdDQzzQLI8=
5,9,5lE5pLoFI3VlJfva79w/ThqXygQ=,uOsT822nuymM1bYhkXdDQzzQLI8=
4,11,5lE5pLoFI3VlJfva79w/ThqXygQ=,INMzv3cpqHJurN5zDcrBrhIu3Ps=
4,10,5lE5pLoFI3VlJfva79w/ThqXygQ=,INMzv3cpqHJurN5zDcrBrhIu3Ps=
5,10,5lE5pLoFI3VlJfva79w/ThqXygQ=,INMzv3cpqHJurN5zDcrBrhIu3Ps=
6,11,5lE5pLoFI3VlJfva79w/ThqXygQ=,INMzv3cpqHJurN5zDcrBrhIu3Ps=
6,12,5lE5pLoFI3VlJfva79w/ThqXygQ=,INMzv3cpqHJurN5zDcrBrhIu3Ps=
5,11,5lE5pLoFI3VlJfva79w/ThqXygQ=,INMzv3cpqHJurN5zDcrBrhIu3Ps=
5,12,5lE5pLoFI3VlJfva79w/ThqXygQ=,INMzv3cpqHJurN5zDcrBrhIu3Ps=
8,12,5lE5pLoFI3VlJfva79w/ThqXygQ=,INMzv3cpqHJurN5zDcrBrhIu3Ps=
7,11,5lE5pLoFI3VlJfva79w/ThqXygQ=,INMzv3cpqHJurN5zDcrBrhIu3Ps=
7,12,5lE5pLoFI3VlJfva79w/ThqXygQ=,INMzv3cpqHJurN5zDcrBrhIu3Ps=
8,11,5lE5pLoFI3VlJfva79w/ThqXygQ=,uOsT822nuymM1bYhkXdDQzzQLI8=
6,13,5lE5pLoFI3VlJfva79w/ThqXygQ=,INMzv3cpqHJurN5zDcrBrhIu3Ps=
6,14,5lE5pLoFI3VlJfva79w/ThqXygQ=,INMzv3cpqHJurN5zDcrBrhIu3Ps=
5,14,5lE5pLoFI3VlJfva79w/ThqXygQ=,INMzv3cpqHJurN5zDcrBrhIu3Ps=
5,13,5lE5pLoFI3VlJfva79w/ThqXygQ=,INMzv3cpqHJurN5zDcrBrhIu3Ps=
8,14,5lE5pLoFI3VlJfva79w/ThqXygQ=,INMzv3cpqHJurN5zDcrBrhIu3Ps=
8,13,5lE5pLoFI3VlJfva79w/ThqXygQ=,INMzv3cpqHJurN5zDcrBrhIu3Ps=
7,13,5lE5pLoFI3VlJfva79w/ThqXygQ=,INMzv3cpqHJurN5zDcrBrhIu3Ps=
7,14,5lE5pLoFI3VlJfva79w/ThqXygQ=,INMzv3cpqHJurN5zDcrBrhIu3Ps=
8,10,5lE5pLoFI3VlJfva79w/ThqXygQ=,uOsT822nuymM1bYhkXdDQzzQLI8=
8,9,5lE5pLoFI3VlJfva79w/ThqXygQ=,uOsT822nuymM1bYhkXdDQzzQLI8=
7,9,5lE5pLoFI3VlJfva79w/ThqXygQ=,uOsT822nuymM1bYhkXdDQzzQLI8=
7,10,5lE5pLoFI3VlJfva79w/ThqXygQ=,INMzv3cpqHJurN5zDcrBrhIu3Ps=
7,7,5lE5pLoFI3VlJfva79w/ThqXygQ=,Q96QENJC24RVGqO9xWqKTcRLI5I=
7,8,5lE5pLoFI3VlJfva79w/ThqXygQ=,uOsT822nuymM1bYhkXdDQzzQLI8=
10,7,5lE5pLoFI3VlJfva79w/ThqXygQ=,uOsT822nuymM1bYhkXdDQzzQLI8=
9,7,5lE5pLoFI3VlJfva79w/ThqXygQ=,uOsT822nuymM1bYhkXdDQzzQLI8=
9,8,5lE5pLoFI3VlJfva79w/ThqXygQ=,uOsT822nuymM1bYhkXdDQzzQLI8=
10,8,5lE5pLoFI3VlJfva79w/ThqXygQ=,uOsT822nuymM1bYhkXdDQzzQLI8=
8,8,5lE5pLoFI3VlJfva79w/ThqXygQ=,uOsT822nuymM1bYhkXdDQzzQLI8=
8,7,5lE5pLoFI3VlJfva79w/ThqXygQ=,uOsT822nuymM1bYhkXdDQzzQLI8=
10,12,5lE5pLoFI3VlJfva79w/ThqXygQ=,uOsT822nuymM1bYhkXdDQzzQLI8=
9,9,5lE5pLoFI3VlJfva79w/ThqXygQ=,uOsT822nuymM1bYhkXdDQzzQLI8=
10,9,5lE5pLoFI3VlJfva79w/ThqXygQ=,uOsT822nuymM1bYhkXdDQzzQLI8=
10,11,5lE5pLoFI3VlJfva79w/ThqXygQ=,uOsT822nuymM1bYhkXdDQzzQLI8=
9,11,5lE5pLoFI3VlJfva79w/ThqXygQ=,uOsT822nuymM1bYhkXdDQzzQLI8=
10,10,5lE5pLoFI3VlJfva79w/ThqXygQ=,uOsT822nuymM1bYhkXdDQzzQLI8=
9,12,5lE5pLoFI3VlJfva79w/ThqXygQ=,INMzv3cpqHJurN5zDcrBrhIu3Ps=
10,13,5lE5pLoFI3VlJfva79w/ThqXygQ=,uOsT822nuymM1bYhkXdDQzzQLI8=
9,10,5lE5pLoFI3VlJfva79w/ThqXygQ=,uOsT822nuymM1bYhkXdDQzzQLI8=
10,14,5lE5pLoFI3VlJfva79w/ThqXygQ=,INMzv3cpqHJurN5zDcrBrhIu3Ps=
9,14,5lE5pLoFI3VlJfva79w/ThqXygQ=,INMzv3cpqHJurN5zDcrBrhIu3Ps=
9,13,5lE5pLoFI3VlJfva79w/ThqXygQ=,INMzv3cpqHJurN5zDcrBrhIu3Ps=
12,10,5lE5pLoFI3VlJfva79w/ThqXygQ=,uOsT822nuymM1bYhkXdDQzzQLI8=
11,10,JCS+bNNsdfjBlz42M2jz1KaV2oU=,uOsT822nuymM1bYhkXdDQzzQLI8=
11,9,JCS+bNNsdfjBlz42M2jz1KaV2oU=,uOsT822nuymM1bYhkXdDQzzQLI8=
12,11,JCS+bNNsdfjBlz42M2jz1KaV2oU=,uOsT822nuymM1bYhkXdDQzzQLI8=
12,12,JCS+bNNsdfjBlz42M2jz1KaV2oU=,uOsT822nuymM1bYhkXdDQzzQLI8=
11,12,JCS+bNNsdfjBlz42M2jz1KaV2oU=,uOsT822nuymM1bYhkXdDQzzQLI8=
12,9,JCS+bNNsdfjBlz42M2jz1KaV2oU=,uOsT822nuymM1bYhkXdDQzzQLI8=
11,11,JCS+bNNsdfjBlz42M2jz1KaV2oU=,uOsT822nuymM1bYhkXdDQzzQLI8=
12,14,JCS+bNNsdfjBlz42M2jz1KaV2oU=,INMzv3cpqHJurN5zDcrBrhIu3Ps=
12,13,JCS+bNNsdfjBlz42M2jz1KaV2oU=,uOsT822nuymM1bYhkXdDQzzQLI8=
11,13,JCS+bNNsdfjBlz42M2jz1KaV2oU=,uOsT822nuymM1bYhkXdDQzzQLI8=
11,14,JCS+bNNsdfjBlz42M2jz1KaV2oU=,INMzv3cpqHJurN5zDcrBrhIu3Ps=
14,9,JCS+bNNsdfjBlz42M2jz1KaV2oU=,s2TIT28pRi0o5/SACk9f5yTM2JI=
15,9,JCS+bNNsdfjBlz42M2jz1KaV2oU=,s2TIT28pRi0o5/SACk9f5yTM2JI=
14,15,JCS+bNNsdfjBlz42M2jz1KaV2oU=,uOsT822nuymM1bYhkXdDQzzQLI8=
13,15,JCS+bNNsdfjBlz42M2jz1KaV2oU=,INMzv3cpqHJurN5zDcrBrhIu3Ps=
13,9,JCS+bNNsdfjBlz42M2jz1KaV2oU=,uOsT822nuymM1bYhkXdDQzzQLI8=
5,15,JCS+bNNsdfjBlz42M2jz1KaV2oU=,INMzv3cpqHJurN5zDcrBrhIu3Ps=
12,15,JCS+bNNsdfjBlz42M2jz1KaV2oU=,INMzv3cpqHJurN5zDcrBrhIu3Ps=
15,10,JCS+bNNsdfjBlz42M2jz1KaV2oU=,s2TIT28pRi0o5/SACk9f5yTM2JI=
13,10,JCS+bNNsdfjBlz42M2jz1KaV2oU=,uOsT822nuymM1bYhkXdDQzzQLI8=
14,10,JCS+bNNsdfjBlz42M2jz1KaV2oU=,s2TIT28pRi0o5/SACk9f5yTM2JI=
6,15,JCS+bNNsdfjBlz42M2jz1KaV2oU=,INMzv3cpqHJurN5zDcrBrhIu3Ps=
13,13,JCS+bNNsdfjBlz42M2jz1KaV2oU=,uOsT822nuymM1bYhkXdDQzzQLI8=
13,14,JCS+bNNsdfjBlz42M2jz1KaV2oU=,INMzv3cpqHJurN5zDcrBrhIu3Ps=
14,14,JCS+bNNsdfjBlz42M2jz1KaV2oU=,uOsT822nuymM1bYhkXdDQzzQLI8=
13,12,JCS+bNNsdfjBlz42M2jz1KaV2oU=,uOsT822nuymM1bYhkXdDQzzQLI8=
11,15,JCS+bNNsdfjBlz42M2jz1KaV2oU=,INMzv3cpqHJurN5zDcrBrhIu3Ps=
10,15,JCS+bNNsdfjBlz42M2jz1KaV2oU=,INMzv3cpqHJurN5zDcrBrhIu3Ps=
8,15,JCS+bNNsdfjBlz42M2jz1KaV2oU=,INMzv3cpqHJurN5zDcrBrhIu3Ps=
9,15,JCS+bNNsdfjBlz42M2jz1KaV2oU=,INMzv3cpqHJurN5zDcrBrhIu3Ps=
7,15,JCS+bNNsdfjBlz42M2jz1KaV2oU=,INMzv3cpqHJurN5zDcrBrhIu3Ps=
0,8,JCS+bNNsdfjBlz42M2jz1KaV2oU=,ftfGsqHhf2WWcJNZuYTWbB5xfQI=
13,11,JCS+bNNsdfjBlz42M2jz1KaV2oU=,uOsT822nuymM1bYhkXdDQzzQLI8=
15,11,JCS+bNNsdfjBlz42M2jz1KaV2oU=,s2TIT28pRi0o5/SACk9f5yTM2JI=
0,7,JCS+bNNsdfjBlz42M2jz1KaV2oU=,JpXru/rofOo3z6Ba0K1C0fDunRM=
0,5,JCS+bNNsdfjBlz42M2jz1KaV2oU=,c8x9wVi+NdyRcOljW6HRkV1vg1s=
15,14,JCS+bNNsdfjBlz42M2jz1KaV2oU=,uOsT822nuymM1bYhkXdDQzzQLI8=
14,13,JCS+bNNsdfjBlz42M2jz1KaV2oU=,uOsT822nuymM1bYhkXdDQzzQLI8=
0,6,JCS+bNNsdfjBlz42M2jz1KaV2oU=,JpXru/rofOo3z6Ba0K1C0fDunRM=
0,4,JCS+bNNsdfjBlz42M2jz1KaV2oU=,c8x9wVi+NdyRcOljW6HRkV1vg1s=
14,12,JCS+bNNsdfjBlz42M2jz1KaV2oU=,uOsT822nuymM1bYhkXdDQzzQLI8=
15,12,JCS+bNNsdfjBlz42M2jz1KaV2oU=,uOsT822nuymM1bYhkXdDQzzQLI8=
15,13,JCS+bNNsdfjBlz42M2jz1KaV2oU=,uOsT822nuymM1bYhkXdDQzzQLI8=
14,11,JCS+bNNsdfjBlz42M2jz1KaV2oU=,s2TIT28pRi0o5/SACk9f5yTM2JI=
0,3,JCS+bNNsdfjBlz42M2jz1KaV2oU=,SrD/1AmLGhCgPabzHgxy0LNfcZo=
0,2,JCS+bNNsdfjBlz42M2jz1KaV2oU=,SrD/1AmLGhCgPabzHgxy0LNfcZo=
0,1,JCS+bNNsdfjBlz42M2jz1KaV2oU=,bz/qBgzZUeQCqCpONQXx+YxTuCs=
0,0,JCS+bNNsdfjBlz42M2jz1KaV2oU=,bz/qBgzZUeQCqCpONQXx+YxTuCs=
2,0,JCS+bNNsdfjBlz42M2jz1KaV2oU=,bz/qBgzZUeQCqCpONQXx+YxTuCs=
6,0,JCS+bNNsdfjBlz42M2jz1KaV2oU=,8LtdNdCRsIv1IA2g59WO/uqZLPw=
4,0,JCS+bNNsdfjBlz42M2jz1KaV2oU=,1+mGZr/Tk4OKfHul7dzSVVrlNRM=
1,0,JCS+bNNsdfjBlz42M2jz1KaV2oU=,bz/qBgzZUeQCqCpONQXx+YxTuCs=
3,0,JCS+bNNsdfjBlz42M2jz1KaV2oU=,bz/qBgzZUeQCqCpONQXx+YxTuCs=
5,0,JCS+bNNsdfjBlz42M2jz1KaV2oU=,1+mGZr/Tk4OKfHul7dzSVVrlNRM=
10,6,JCS+bNNsdfjBlz42M2jz1KaV2oU=,uOsT822nuymM1bYhkXdDQzzQLI8=
0,12,JCS+bNNsdfjBlz42M2jz1KaV2oU=,wEaMq02ExIsTmRQIjwK0jBcbrP0=
9,6,JCS+bNNsdfjBlz42M2jz1KaV2oU=,uOsT822nuymM1bYhkXdDQzzQLI8=
0,13,JCS+bNNsdfjBlz42M2jz1KaV2oU=,wEaMq02ExIsTmRQIjwK0jBcbrP0=
14,8,JCS+bNNsdfjBlz42M2jz1KaV2oU=,s2TIT28pRi0o5/SACk9f5yTM2JI=
9,3,JCS+bNNsdfjBlz42M2jz1KaV2oU=,ysMLwwzoUozvNi3ntyMKN0mcHPY=
10,3,JCS+bNNsdfjBlz42M2jz1KaV2oU=,6AaDAL7yHid2XhtnK4Pd03g7cos=
13,8,JCS+bNNsdfjBlz42M2jz1KaV2oU=,uOsT822nuymM1bYhkXdDQzzQLI8=
12,7,JCS+bNNsdfjBlz42M2jz1KaV2oU=,uOsT822nuymM1bYhkXdDQzzQLI8=
13,7,JCS+bNNsdfjBlz42M2jz1KaV2oU=,uOsT822nuymM1bYhkXdDQzzQLI8=
7,5,JCS+bNNsdfjBlz42M2jz1KaV2oU=,QQvKivkKz7VNH+KF0Gn/UplwI5o=
12,6,JCS+bNNsdfjBlz42M2jz1KaV2oU=,uOsT822nuymM1bYhkXdDQzzQLI8=
9,4,JCS+bNNsdfjBlz42M2jz1KaV2oU=,uOsT822nuymM1bYhkXdDQzzQLI8=
9,5,JCS+bNNsdfjBlz42M2jz1KaV2oU=,uOsT822nuymM1bYhkXdDQzzQLI8=
11,6,JCS+bNNsdfjBlz42M2jz1KaV2oU=,uOsT822nuymM1bYhkXdDQzzQLI8=
8,6,JCS+bNNsdfjBlz42M2jz1KaV2oU=,uOsT822nuymM1bYhkXdDQzzQLI8=
10,2,JCS+bNNsdfjBlz42M2jz1KaV2oU=,6AaDAL7yHid2XhtnK4Pd03g7cos=
0,11,JCS+bNNsdfjBlz42M2jz1KaV2oU=,wEaMq02ExIsTmRQIjwK0jBcbrP0=
10,1,JCS+bNNsdfjBlz42M2jz1KaV2oU=,GzFQ7riGuCzSB/NPxj5ZOq27GNE=
10,0,JCS+bNNsdfjBlz42M2jz1KaV2oU=,GzFQ7riGuCzSB/NPxj5ZOq27GNE=
11,7,JCS+bNNsdfjBlz42M2jz1KaV2oU=,uOsT822nuymM1bYhkXdDQzzQLI8=
0,10,JCS+bNNsdfjBlz42M2jz1KaV2oU=,wEaMq02ExIsTmRQIjwK0jBcbrP0=
9,2,JCS+bNNsdfjBlz42M2jz1KaV2oU=,ysMLwwzoUozvNi3ntyMKN0mcHPY=
8,5,JCS+bNNsdfjBlz42M2jz1KaV2oU=,uOsT822nuymM1bYhkXdDQzzQLI8=
12,8,JCS+bNNsdfjBlz42M2jz1KaV2oU=,uOsT822nuymM1bYhkXdDQzzQLI8=
7,6,JCS+bNNsdfjBlz42M2jz1KaV2oU=,Q96QENJC24RVGqO9xWqKTcRLI5I=
7,4,JCS+bNNsdfjBlz42M2jz1KaV2oU=,QQvKivkKz7VNH+KF0Gn/UplwI5o=
0,9,JCS+bNNsdfjBlz42M2jz1KaV2oU=,ftfGsqHhf2WWcJNZuYTWbB5xfQI=
8,3,JCS+bNNsdfjBlz42M2jz1KaV2oU=,ysMLwwzoUozvNi3ntyMKN0mcHPY=
7,3,JCS+bNNsdfjBlz42M2jz1KaV2oU=,09TyIjkXylIWxY3f7ofIXtNGHxw=
8,4,JCS+bNNsdfjBlz42M2jz1KaV2oU=,uOsT822nuymM1bYhkXdDQzzQLI8=
11,8,JCS+bNNsdfjBlz42M2jz1KaV2oU=,uOsT822nuymM1bYhkXdDQzzQLI8=
11,0,JCS+bNNsdfjBlz42M2jz1KaV2oU=,GzFQ7riGuCzSB/NPxj5ZOq27GNE=
8,2,JCS+bNNsdfjBlz42M2jz1KaV2oU=,ysMLwwzoUozvNi3ntyMKN0mcHPY=
7,0,JCS+bNNsdfjBlz42M2jz1KaV2oU=,8LtdNdCRsIv1IA2g59WO/uqZLPw=
12,0,JCS+bNNsdfjBlz42M2jz1KaV2oU=,LICPDyYPlGPB1xk+UZHupqd/n9U=
7,2,JCS+bNNsdfjBlz42M2jz1KaV2oU=,09TyIjkXylIWxY3f7ofIXtNGHxw=
4,15,JCS+bNNsdfjBlz42M2jz1KaV2oU=,INMzv3cpqHJurN5zDcrBrhIu3Ps=
1,13,JCS+bNNsdfjBlz42M2jz1KaV2oU=,wEaMq02ExIsTmRQIjwK0jBcbrP0=
12,3,JCS+bNNsdfjBlz42M2jz1KaV2oU=,f0QjYcLh4aC5JSuTqW5BS8oo+XE=
9,0,JCS+bNNsdfjBlz42M2jz1KaV2oU=,ycQpAwPp7JviF6VYFO8SeHmCckI=
2,14,JCS+bNNsdfjBlz42M2jz1KaV2oU=,s2TIT28pRi0o5/SACk9f5yTM2JI=
13,6,JCS+bNNsdfjBlz42M2jz1KaV2oU=,uOsT822nuymM1bYhkXdDQzzQLI8=
2,13,JCS+bNNsdfjBlz42M2jz1KaV2oU=,INMzv3cpqHJurN5zDcrBrhIu3Ps=
3,13,JCS+bNNsdfjBlz42M2jz1KaV2oU=,INMzv3cpqHJurN5zDcrBrhIu3Ps=
3,14,JCS+bNNsdfjBlz42M2jz1KaV2oU=,s2TIT28pRi0o5/SACk9f5yTM2JI=
13,3,JCS+bNNsdfjBlz42M2jz1KaV2oU=,f0QjYcLh4aC5JSuTqW5BS8oo+XE=
11,2,JCS+bNNsdfjBlz42M2jz1KaV2oU=,6AaDAL7yHid2XhtnK4Pd03g7cos=
11,3,JCS+bNNsdfjBlz42M2jz1KaV2oU=,6AaDAL7yHid2XhtnK4Pd03g7cos=
9,1,JCS+bNNsdfjBlz42M2jz1KaV2oU=,ycQpAwPp7JviF6VYFO8SeHmCckI=
15,8,JCS+bNNsdfjBlz42M2jz1KaV2oU=,s2TIT28pRi0o5/SACk9f5yTM2JI=
2,15,JCS+bNNsdfjBlz42M2jz1KaV2oU=,s2TIT28pRi0o5/SACk9f5yTM2JI=
3,15,JCS+bNNsdfjBlz42M2jz1KaV2oU=,s2TIT28pRi0o5/SACk9f5yTM2JI=
4,14,JCS+bNNsdfjBlz42M2jz1KaV2oU=,INMzv3cpqHJurN5zDcrBrhIu3Ps=
12,1,JCS+bNNsdfjBlz42M2jz1KaV2oU=,LICPDyYPlGPB1xk+UZHupqd/n9U=
12,2,JCS+bNNsdfjBlz42M2jz1KaV2oU=,f0QjYcLh4aC5JSuTqW5BS8oo+XE=
11,1,JCS+bNNsdfjBlz42M2jz1KaV2oU=,GzFQ7riGuCzSB/NPxj5ZOq27GNE=
8,0,JCS+bNNsdfjBlz42M2jz1KaV2oU=,ycQpAwPp7JviF6VYFO8SeHmCckI=
15,15,JCS+bNNsdfjBlz42M2jz1KaV2oU=,uOsT822nuymM1bYhkXdDQzzQLI8=
4,13,JCS+bNNsdfjBlz42M2jz1KaV2oU=,INMzv3cpqHJurN5zDcrBrhIu3Ps=
7,1,JCS+bNNsdfjBlz42M2jz1KaV2oU=,8LtdNdCRsIv1IA2g59WO/uqZLPw=
13,2,JCS+bNNsdfjBlz42M2jz1KaV2oU=,f0QjYcLh4aC5JSuTqW5BS8oo+XE=
13,0,JCS+bNNsdfjBlz42M2jz1KaV2oU=,LICPDyYPlGPB1xk+UZHupqd/n9U=
13,1,JCS+bNNsdfjBlz42M2jz1KaV2oU=,LICPDyYPlGPB1xk+UZHupqd/n9U=
8,1,JCS+bNNsdfjBlz42M2jz1KaV2oU=,ycQpAwPp7JviF6VYFO8SeHmCckI=
14,1,JCS+bNNsdfjBlz42M2jz1KaV2oU=,aOW7c8JH9J0y/RjBfwvtipmlRGg=
15,1,JCS+bNNsdfjBlz42M2jz1KaV2oU=,aOW7c8JH9J0y/RjBfwvtipmlRGg=
14,0,JCS+bNNsdfjBlz42M2jz1KaV2oU=,aOW7c8JH9J0y/RjBfwvtipmlRGg=
15,0,JCS+bNNsdfjBlz42M2jz1KaV2oU=,aOW7c8JH9J0y/RjBfwvtipmlRGg=
9,17,JCS+bNNsdfjBlz42M2jz1KaV2oU=,INMzv3cpqHJurN5zDcrBrhIu3Ps=
10,18,JCS+bNNsdfjBlz42M2jz1KaV2oU=,INMzv3cpqHJurN5zDcrBrhIu3Ps=
10,17,JCS+bNNsdfjBlz42M2jz1KaV2oU=,INMzv3cpqHJurN5zDcrBrhIu3Ps=
11,18,JCS+bNNsdfjBlz42M2jz1KaV2oU=,INMzv3cpqHJurN5zDcrBrhIu3Ps=
11,17,JCS+bNNsdfjBlz42M2jz1KaV2oU=,INMzv3cpqHJurN5zDcrBrhIu3Ps=
12,18,JCS+bNNsdfjBlz42M2jz1KaV2oU=,INMzv3cpqHJurN5zDcrBrhIu3Ps=
11,16,JCS+bNNsdfjBlz42M2jz1KaV2oU=,INMzv3cpqHJurN5zDcrBrhIu3Ps=
12,16,JCS+bNNsdfjBlz42M2jz1KaV2oU=,INMzv3cpqHJurN5zDcrBrhIu3Ps=
12,17,JCS+bNNsdfjBlz42M2jz1KaV2oU=,INMzv3cpqHJurN5zDcrBrhIu3Ps=
7,16,JCS+bNNsdfjBlz42M2jz1KaV2oU=,INMzv3cpqHJurN5zDcrBrhIu3Ps=
7,17,JCS+bNNsdfjBlz42M2jz1KaV2oU=,INMzv3cpqHJurN5zDcrBrhIu3Ps=
6,16,JCS+bNNsdfjBlz42M2jz1KaV2oU=,INMzv3cpqHJurN5zDcrBrhIu3Ps=
6,17,JCS+bNNsdfjBlz42M2jz1KaV2oU=,INMzv3cpqHJurN5zDcrBrhIu3Ps=
8,17,JCS+bNNsdfjBlz42M2jz1KaV2oU=,INMzv3cpqHJurN5zDcrBrhIu3Ps=
10,16,JCS+bNNsdfjBlz42M2jz1KaV2oU=,INMzv3cpqHJurN5zDcrBrhIu3Ps=
8,16,JCS+bNNsdfjBlz42M2jz1KaV2oU=,INMzv3cpqHJurN5zDcrBrhIu3Ps=
9,16,JCS+bNNsdfjBlz42M2jz1KaV2oU=,INMzv3cpqHJurN5zDcrBrhIu3Ps=
3,18,JCS+bNNsdfjBlz42M2jz1KaV2oU=,I/N8yp3PZtIXiXZclf5qLU9HF9k=
3,17,JCS+bNNsdfjBlz42M2jz1KaV2oU=,INMzv3cpqHJurN5zDcrBrhIu3Ps=
13,18,JCS+bNNsdfjBlz42M2jz1KaV2oU=,INMzv3cpqHJurN5zDcrBrhIu3Ps=
15,16,JCS+bNNsdfjBlz42M2jz1KaV2oU=,uOsT822nuymM1bYhkXdDQzzQLI8=
14,18,JCS+bNNsdfjBlz42M2jz1KaV2oU=,INMzv3cpqHJurN5zDcrBrhIu3Ps=
15,17,JCS+bNNsdfjBlz42M2jz1KaV2oU=,uOsT822nuymM1bYhkXdDQzzQLI8=
0,21,JCS+bNNsdfjBlz42M2jz1KaV2oU=,I/N8yp3PZtIXiXZclf5qLU9HF9k=
1,21,JCS+bNNsdfjBlz42M2jz1KaV2oU=,I/N8yp3PZtIXiXZclf5qLU9HF9k=
13,16,JCS+bNNsdfjBlz42M2jz1KaV2oU=,INMzv3cpqHJurN5zDcrBrhIu3Ps=
12,19,JCS+bNNsdfjBlz42M2jz1KaV2oU=,INMzv3cpqHJurN5zDcrBrhIu3Ps=
14,16,JCS+bNNsdfjBlz42M2jz1KaV2oU=,uOsT822nuymM1bYhkXdDQzzQLI8=
11,19,JCS+bNNsdfjBlz42M2jz1KaV2oU=,INMzv3cpqHJurN5zDcrBrhIu3Ps=
2,21,JCS+bNNsdfjBlz42M2jz1KaV2oU=,nMKCAGti0GbNYzrREJX6HlsFBCI=
14,19,JCS+bNNsdfjBlz42M2jz1KaV2oU=,INMzv3cpqHJurN5zDcrBrhIu3Ps=
13,19,JCS+bNNsdfjBlz42M2jz1KaV2oU=,INMzv3cpqHJurN5zDcrBrhIu3Ps=
14,17,JCS+bNNsdfjBlz42M2jz1KaV2oU=,uOsT822nuymM1bYhkXdDQzzQLI8=
10,19,JCS+bNNsdfjBlz42M2jz1KaV2oU=,INMzv3cpqHJurN5zDcrBrhIu3Ps=
2,17,JCS+bNNsdfjBlz42M2jz1KaV2oU=,INMzv3cpqHJurN5zDcrBrhIu3Ps=
15,19,JCS+bNNsdfjBlz42M2jz1KaV2oU=,INMzv3cpqHJurN5zDcrBrhIu3Ps=
2,18,JCS+bNNsdfjBlz42M2jz1KaV2oU=,I/N8yp3PZtIXiXZclf5qLU9HF9k=
0,19,JCS+bNNsdfjBlz42M2jz1KaV2oU=,S+r1evvDq/jcmrUjrimqzlElKC0=
0,18,JCS+bNNsdfjBlz42M2jz1KaV2oU=,S+r1evvDq/jcmrUjrimqzlElKC0=
0,20,JCS+bNNsdfjBlz42M2jz1KaV2oU=,I/N8yp3PZtIXiXZclf5qLU9HF9k=
13,17,JCS+bNNsdfjBlz42M2jz1KaV2oU=,INMzv3cpqHJurN5zDcrBrhIu3Ps=
2,20,JCS+bNNsdfjBlz42M2jz1KaV2oU=,nMKCAGti0GbNYzrREJX6HlsFBCI=
2,19,JCS+bNNsdfjBlz42M2jz1KaV2oU=,I/N8yp3PZtIXiXZclf5qLU9HF9k=
15,18,JCS+bNNsdfjBlz42M2jz1KaV2oU=,INMzv3cpqHJurN5zDcrBrhIu3Ps=
1,19,JCS+bNNsdfjBlz42M2jz1KaV2oU=,S+r1evvDq/jcmrUjrimqzlElKC0=
1,18,JCS+bNNsdfjBlz42M2jz1KaV2oU=,S+r1evvDq/jcmrUjrimqzlElKC0=
1,20,JCS+bNNsdfjBlz42M2jz1KaV2oU=,I/N8yp3PZtIXiXZclf5qLU9HF9k=
3,20,JCS+bNNsdfjBlz42M2jz1KaV2oU=,nMKCAGti0GbNYzrREJX6HlsFBCI=
12,30,JCS+bNNsdfjBlz42M2jz1KaV2oU=,adLT3xD1SPtq/u5LwXA/eLFvxRI=
3,21,JCS+bNNsdfjBlz42M2jz1KaV2oU=,nMKCAGti0GbNYzrREJX6HlsFBCI=
3,19,JCS+bNNsdfjBlz42M2jz1KaV2oU=,I/N8yp3PZtIXiXZclf5qLU9HF9k=
2,16,JCS+bNNsdfjBlz42M2jz1KaV2oU=,INMzv3cpqHJurN5zDcrBrhIu3Ps=
3,16,JCS+bNNsdfjBlz42M2jz1KaV2oU=,INMzv3cpqHJurN5zDcrBrhIu3Ps=
13,31,JCS+bNNsdfjBlz42M2jz1KaV2oU=,adLT3xD1SPtq/u5LwXA/eLFvxRI=
13,30,JCS+bNNsdfjBlz42M2jz1KaV2oU=,adLT3xD1SPtq/u5LwXA/eLFvxRI=
1,24,JCS+bNNsdfjBlz42M2jz1KaV2oU=,COsP15zMR9OoRHjpUjs8eEehJLQ=
12,31,JCS+bNNsdfjBlz42M2jz1KaV2oU=,adLT3xD1SPtq/u5LwXA/eLFvxRI=
0,24,JCS+bNNsdfjBlz42M2jz1KaV2oU=,COsP15zMR9OoRHjpUjs8eEehJLQ=
2,30,JCS+bNNsdfjBlz42M2jz1KaV2oU=,s2TIT28pRi0o5/SACk9f5yTM2JI=
1,25,JCS+bNNsdfjBlz42M2jz1KaV2oU=,COsP15zMR9OoRHjpUjs8eEehJLQ=
2,31,JCS+bNNsdfjBlz42M2jz1KaV2oU=,s2TIT28pRi0o5/SACk9f5yTM2JI=
0,25,JCS+bNNsdfjBlz42M2jz1KaV2oU=,COsP15zMR9OoRHjpUjs8eEehJLQ=
3,31,JCS+bNNsdfjBlz42M2jz1KaV2oU=,s2TIT28pRi0o5/SACk9f5yTM2JI=
3,30,JCS+bNNsdfjBlz42M2jz1KaV2oU=,s2TIT28pRi0o5/SACk9f5yTM2JI=
20,20,9aZf07B7taKOb/8T36pt+yUE8fg=,s2TIT28pRi0o5/SACk9f5yTM2JI=
19,19,9aZf07B7taKOb/8T36pt+yUE8fg=,kVG9CE0Vdu0nVUvh5WLl8ZwiMe8=
19,20,9aZf07B7taKOb/8T36pt+yUE8fg=,s2TIT28pRi0o5/SACk9f5yTM2JI=
20,19,9aZf07B7taKOb/8T36pt+yUE8fg=,s2TIT28pRi0o5/SACk9f5yTM2JI=
22,19,9aZf07B7taKOb/8T36pt+yUE8fg=,INMzv3cpqHJurN5zDcrBrhIu3Ps=
21,20,9aZf07B7taKOb/8T36pt+yUE8fg=,s2TIT28pRi0o5/SACk9f5yTM2JI=
22,20,9aZf07B7taKOb/8T36pt+yUE8fg=,INMzv3cpqHJurN5zDcrBrhIu3Ps=
21,19,9aZf07B7taKOb/8T36pt+yUE8fg=,s2TIT28pRi0o5/SACk9f5yTM2JI=
18,20,9aZf07B7taKOb/8T36pt+yUE8fg=,s2TIT28pRi0o5/SACk9f5yTM2JI=
19,18,9aZf07B7taKOb/8T36pt+yUE8fg=,kVG9CE0Vdu0nVUvh5WLl8ZwiMe8=
17,19,9aZf07B7taKOb/8T36pt+yUE8fg=,uOsT822nuymM1bYhkXdDQzzQLI8=
23,20,9aZf07B7taKOb/8T36pt+yUE8fg=,INMzv3cpqHJurN5zDcrBrhIu3Ps=
20,16,9aZf07B7taKOb/8T36pt+yUE8fg=,uOsT822nuymM1bYhkXdDQzzQLI8=
20,17,9aZf07B7taKOb/8T36pt+yUE8fg=,uOsT822nuymM1bYhkXdDQzzQLI8=
23,19,9aZf07B7taKOb/8T36pt+yUE8fg=,INMzv3cpqHJurN5zDcrBrhIu3Ps=
22,21,9aZf07B7taKOb/8T36pt+yUE8fg=,INMzv3cpqHJurN5zDcrBrhIu3Ps=
21,21,9aZf07B7taKOb/8T36pt+yUE8fg=,s2TIT28pRi0o5/SACk9f5yTM2JI=
20,21,9aZf07B7taKOb/8T36pt+yUE8fg=,s2TIT28pRi0o5/SACk9f5yTM2JI=
18,21,9aZf07B7taKOb/8T36pt+yUE8fg=,s2TIT28pRi0o5/SACk9f5yTM2JI=
23,21,9aZf07B7taKOb/8T36pt+yUE8fg=,INMzv3cpqHJurN5zDcrBrhIu3Ps=
16,19,9aZf07B7taKOb/8T36pt+yUE8fg=,uOsT822nuymM1bYhkXdDQzzQLI8=
19,21,9aZf07B7taKOb/8T36pt+yUE8fg=,s2TIT28pRi0o5/SACk9f5yTM2JI=
21,16,9aZf07B7taKOb/8T36pt+yUE8fg=,uOsT822nuymM1bYhkXdDQzzQLI8=
18,19,9aZf07B7taKOb/8T36pt+yUE8fg=,kVG9CE0Vdu0nVUvh5WLl8ZwiMe8=
22,18,9aZf07B7taKOb/8T36pt+yUE8fg=,INMzv3cpqHJurN5zDcrBrhIu3Ps=
23,18,9aZf07B7taKOb/8T36pt+yUE8fg=,INMzv3cpqHJurN5zDcrBrhIu3Ps=
21,17,9aZf07B7taKOb/8T36pt+yUE8fg=,uOsT822nuymM1bYhkXdDQzzQLI8=
23,16,9aZf07B7taKOb/8T36pt+yUE8fg=,INMzv3cpqHJurN5zDcrBrhIu3Ps=
20,18,9aZf07B7taKOb/8T36pt+yUE8fg=,s2TIT28pRi0o5/SACk9f5yTM2JI=
19,16,9aZf07B7taKOb/8T36pt+yUE8fg=,uOsT822nuymM1bYhkXdDQzzQLI8=
22,17,9aZf07B7taKOb/8T36pt+yUE8fg=,INMzv3cpqHJurN5zDcrBrhIu3Ps=
19,17,9aZf07B7taKOb/8T36pt+yUE8fg=,uOsT822nuymM1bYhkXdDQzzQLI8=
21,18,9aZf07B7taKOb/8T36pt+yUE8fg=,s2TIT28pRi0o5/SACk9f5yTM2JI=
16,16,9aZf07B7taKOb/8T36pt+yUE8fg=,uOsT822nuymM1bYhkXdDQzzQLI8=
16,18,9aZf07B7taKOb/8T36pt+yUE8fg=,uOsT822nuymM1bYhkXdDQzzQLI8=
22,16,9aZf07B7taKOb/8T36pt+yUE8fg=,INMzv3cpqHJurN5zDcrBrhIu3Ps=
17,18,9aZf07B7taKOb/8T36pt+yUE8fg=,uOsT822nuymM1bYhkXdDQzzQLI8=
18,16,9aZf07B7taKOb/8T36pt+yUE8fg=,uOsT822nuymM1bYhkXdDQzzQLI8=
18,18,9aZf07B7taKOb/8T36pt+yUE8fg=,kVG9CE0Vdu0nVUvh5WLl8ZwiMe8=
23,17,9aZf07B7taKOb/8T36pt+yUE8fg=,INMzv3cpqHJurN5zDcrBrhIu3Ps=
16,17,9aZf07B7taKOb/8T36pt+yUE8fg=,uOsT822nuymM1bYhkXdDQzzQLI8=
18,17,9aZf07B7taKOb/8T36pt+yUE8fg=,uOsT822nuymM1bYhkXdDQzzQLI8=
17,17,9aZf07B7taKOb/8T36pt+yUE8fg=,uOsT822nuymM1bYhkXdDQzzQLI8=
17,16,9aZf07B7taKOb/8T36pt+yUE8fg=,uOsT822nuymM1bYhkXdDQzzQLI8=
19,14,9aZf07B7taKOb/8T36pt+yUE8fg=,uOsT822nuymM1bYhkXdDQzzQLI8=
22,14,9aZf07B7taKOb/8T36pt+yUE8fg=,I0chi3VHcsoKePtMizJPCFHZHhg=
21,14,9aZf07B7taKOb/8T36pt+yUE8fg=,uOsT822nuymM1bYhkXdDQzzQLI8=
22,13,9aZf07B7taKOb/8T36pt+yUE8fg=,I0chi3VHcsoKePtMizJPCFHZHhg=
19,13,9aZf07B7taKOb/8T36pt+yUE8fg=,uOsT822nuymM1bYhkXdDQzzQLI8=
20,15,9aZf07B7taKOb/8T36pt+yUE8fg=,uOsT822nuymM1bYhkXdDQzzQLI8=
20,14,9aZf07B7taKOb/8T36pt+yUE8fg=,uOsT822nuymM1bYhkXdDQzzQLI8=
19,15,9aZf07B7taKOb/8T36pt+yUE8fg=,uOsT822nuymM1bYhkXdDQzzQLI8=
21,15,9aZf07B7taKOb/8T36pt+yUE8fg=,uOsT822nuymM1bYhkXdDQzzQLI8=
22,15,9aZf07B7taKOb/8T36pt+yUE8fg=,I0chi3VHcsoKePtMizJPCFHZHhg=
23,15,9aZf07B7taKOb/8T36pt+yUE8fg=,I0chi3VHcsoKePtMizJPCFHZHhg=
24,15,9aZf07B7taKOb/8T36pt+yUE8fg=,I0chi3VHcsoKePtMizJPCFHZHhg=
17,9,9aZf07B7taKOb/8T36pt+yUE8fg=,s2TIT28pRi0o5/SACk9f5yTM2JI=
16,10,9aZf07B7taKOb/8T36pt+yUE8fg=,s2TIT28pRi0o5/SACk9f5yTM2JI=
16,8,9aZf07B7taKOb/8T36pt+yUE8fg=,s2TIT28pRi0o5/SACk9f5yTM2JI=
17,10,9aZf07B7taKOb/8T36pt+yUE8fg=,s2TIT28pRi0o5/SACk9f5yTM2JI=
22,12,9aZf07B7taKOb/8T36pt+yUE8fg=,I0chi3VHcsoKePtMizJPCFHZHhg=
19,12,9aZf07B7taKOb/8T36pt+yUE8fg=,uOsT822nuymM1bYhkXdDQzzQLI8=
17,11,9aZf07B7taKOb/8T36pt+yUE8fg=,s2TIT28pRi0o5/SACk9f5yTM2JI=
16,9,9aZf07B7taKOb/8T36pt+yUE8fg=,s2TIT28pRi0o5/SACk9f5yTM2JI=
18,12,9aZf07B7taKOb/8T36pt+yUE8fg=,uOsT822nuymM1bYhkXdDQzzQLI8=
24,14,9aZf07B7taKOb/8T36pt+yUE8fg=,I0chi3VHcsoKePtMizJPCFHZHhg=
25,14,9aZf07B7taKOb/8T36pt+yUE8fg=,I0chi3VHcsoKePtMizJPCFHZHhg=
23,14,9aZf07B7taKOb/8T36pt+yUE8fg=,I0chi3VHcsoKePtMizJPCFHZHhg=
23,12,9aZf07B7taKOb/8T36pt+yUE8fg=,I0chi3VHcsoKePtMizJPCFHZHhg=
23,13,9aZf07B7taKOb/8T36pt+yUE8fg=,I0chi3VHcsoKePtMizJPCFHZHhg=
25,15,9aZf07B7taKOb/8T36pt+yUE8fg=,I0chi3VHcsoKePtMizJPCFHZHhg=
25,13,9aZf07B7taKOb/8T36pt+yUE8fg=,FXmxnzV9omnf/EJ2DkdLatPNdk0=
25,12,9aZf07B7taKOb/8T36pt+yUE8fg=,FXmxnzV9omnf/EJ2DkdLatPNdk0=
17,8,9aZf07B7taKOb/8T36pt+yUE8fg=,s2TIT28pRi0o5/SACk9f5yTM2JI=
24,12,9aZf07B7taKOb/8T36pt+yUE8fg=,FXmxnzV9omnf/EJ2DkdLatPNdk0=
24,13,9aZf07B7taKOb/8T36pt+yUE8fg=,FXmxnzV9omnf/EJ2DkdLatPNdk0=
16,11,9aZf07B7taKOb/8T36pt+yUE8fg=,s2TIT28pRi0o5/SACk9f5yTM2JI=
19,1,9aZf07B7taKOb/8T36pt+yUE8fg=,adLT3xD1SPtq/u5LwXA/eLFvxRI=
17,12,9aZf07B7taKOb/8T36pt+yUE8fg=,uOsT822nuymM1bYhkXdDQzzQLI8=
19,0,9aZf07B7taKOb/8T36pt+yUE8fg=,adLT3xD1SPtq/u5LwXA/eLFvxRI=
16,0,9aZf07B7taKOb/8T36pt+yUE8fg=,grOxUrVGoeRwADDoOE7inQ5Dyfg=
16,12,9aZf07B7taKOb/8T36pt+yUE8fg=,uOsT822nuymM1bYhkXdDQzzQLI8=
18,0,9aZf07B7taKOb/8T36pt+yUE8fg=,adLT3xD1SPtq/u5LwXA/eLFvxRI=
18,1,9aZf07B7taKOb/8T36pt+yUE8fg=,adLT3xD1SPtq/u5LwXA/eLFvxRI=
17,0,9aZf07B7taKOb/8T36pt+yUE8fg=,grOxUrVGoeRwADDoOE7inQ5Dyfg=
17,1,9aZf07B7taKOb/8T36pt+yUE8fg=,grOxUrVGoeRwADDoOE7inQ5Dyfg=
18,13,9aZf07B7taKOb/8T36pt+yUE8fg=,uOsT822nuymM1bYhkXdDQzzQLI8=
18,14,9aZf07B7taKOb/8T36pt+yUE8fg=,uOsT822nuymM1bYhkXdDQzzQLI8=
17,13,9aZf07B7taKOb/8T36pt+yUE8fg=,uOsT822nuymM1bYhkXdDQzzQLI8=
16,1,9aZf07B7taKOb/8T36pt+yUE8fg=,grOxUrVGoeRwADDoOE7inQ5Dyfg=
18,15,9aZf07B7taKOb/8T36pt+yUE8fg=,uOsT822nuymM1bYhkXdDQzzQLI8=
16,13,9aZf07B7taKOb/8T36pt+yUE8fg=,uOsT822nuymM1bYhkXdDQzzQLI8=
17,14,9aZf07B7taKOb/8T36pt+yUE8fg=,uOsT822nuymM1bYhkXdDQzzQLI8=
16,14,9aZf07B7taKOb/8T36pt+yUE8fg=,uOsT822nuymM1bYhkXdDQzzQLI8=
17,15,9aZf07B7taKOb/8T36pt+yUE8fg=,uOsT822nuymM1bYhkXdDQzzQLI8=
16,15,9aZf07B7taKOb/8T36pt+yUE8fg=,uOsT822nuymM1bYhkXdDQzzQLI8=
